--------------------------------------------------------
--  파일이 생성됨 - 월요일-6월-17-2024   
--------------------------------------------------------
--------------------------------------------------------
--  DDL for Sequence CUS_SQ
--------------------------------------------------------

   CREATE SEQUENCE  "KING"."CUS_SQ"  MINVALUE 1 MAXVALUE 999 INCREMENT BY 1 START WITH 21 CACHE 20 NOORDER  NOCYCLE ;
--------------------------------------------------------
--  DDL for Sequence DEVELOPER_SEQ
--------------------------------------------------------

   CREATE SEQUENCE  "KING"."DEVELOPER_SEQ"  MINVALUE 1 MAXVALUE 9999999999999999999999999999 INCREMENT BY 1 START WITH 1 CACHE 20 NOORDER  NOCYCLE ;
--------------------------------------------------------
--  DDL for Sequence EMP_SQ
--------------------------------------------------------

   CREATE SEQUENCE  "KING"."EMP_SQ"  MINVALUE 1 MAXVALUE 999 INCREMENT BY 1 START WITH 21 CACHE 20 NOORDER  NOCYCLE ;
--------------------------------------------------------
--  DDL for Sequence HIR_SQ
--------------------------------------------------------

   CREATE SEQUENCE  "KING"."HIR_SQ"  MINVALUE 1 MAXVALUE 99999 INCREMENT BY 1 START WITH 21 CACHE 20 NOORDER  NOCYCLE ;
--------------------------------------------------------
--  DDL for Sequence RECRUITMENT_NO
--------------------------------------------------------

   CREATE SEQUENCE  "KING"."RECRUITMENT_NO"  MINVALUE 1 MAXVALUE 99999 INCREMENT BY 1 START WITH 1 CACHE 20 NOORDER  NOCYCLE ;
--------------------------------------------------------
--  DDL for Table BOOKING
--------------------------------------------------------

  CREATE TABLE "KING"."BOOKING" 
   (	"BOOKING_NO" NUMBER, 
	"STADIUM_NO" NUMBER, 
	"BOOKING_DATE" DATE, 
	"TIME_SLOT" NUMBER, 
	"M_NO" NUMBER(30,0)
   ) SEGMENT CREATION IMMEDIATE 
  PCTFREE 10 PCTUSED 40 INITRANS 1 MAXTRANS 255 NOCOMPRESS LOGGING
  STORAGE(INITIAL 65536 NEXT 1048576 MINEXTENTS 1 MAXEXTENTS 2147483645
  PCTINCREASE 0 FREELISTS 1 FREELIST GROUPS 1 BUFFER_POOL DEFAULT FLASH_CACHE DEFAULT CELL_FLASH_CACHE DEFAULT)
  TABLESPACE "SYSTEM" ;

   COMMENT ON COLUMN "KING"."BOOKING"."M_NO" IS 'member 테이블의 m_no 참조';
--------------------------------------------------------
--  DDL for Table BUY
--------------------------------------------------------

  CREATE TABLE "KING"."BUY" 
   (	"BUY_NO" NUMBER, 
	"TITLE" VARCHAR2(1000 BYTE), 
	"WRITER" NUMBER, 
	"CONTENT" VARCHAR2(3000 BYTE), 
	"READCOUNT" NUMBER DEFAULT 0, 
	"REG_DATE" DATE DEFAULT SYSDATE
   ) SEGMENT CREATION IMMEDIATE 
  PCTFREE 10 PCTUSED 40 INITRANS 1 MAXTRANS 255 NOCOMPRESS LOGGING
  STORAGE(INITIAL 65536 NEXT 1048576 MINEXTENTS 1 MAXEXTENTS 2147483645
  PCTINCREASE 0 FREELISTS 1 FREELIST GROUPS 1 BUFFER_POOL DEFAULT FLASH_CACHE DEFAULT CELL_FLASH_CACHE DEFAULT)
  TABLESPACE "SYSTEM" ;
--------------------------------------------------------
--  DDL for Table CODE_RELIGION
--------------------------------------------------------

  CREATE TABLE "KING"."CODE_RELIGION" 
   (	"RELIGION_CODE" NUMBER(3,0), 
	"RELIGION_NAME" VARCHAR2(20 BYTE)
   ) SEGMENT CREATION IMMEDIATE 
  PCTFREE 10 PCTUSED 40 INITRANS 1 MAXTRANS 255 NOCOMPRESS LOGGING
  STORAGE(INITIAL 65536 NEXT 1048576 MINEXTENTS 1 MAXEXTENTS 2147483645
  PCTINCREASE 0 FREELISTS 1 FREELIST GROUPS 1 BUFFER_POOL DEFAULT FLASH_CACHE DEFAULT CELL_FLASH_CACHE DEFAULT)
  TABLESPACE "SYSTEM" ;
--------------------------------------------------------
--  DDL for Table CODE_SCHOOL
--------------------------------------------------------

  CREATE TABLE "KING"."CODE_SCHOOL" 
   (	"SCHOOL_CODE" NUMBER(3,0), 
	"SCHOOL_NAME" VARCHAR2(20 BYTE)
   ) SEGMENT CREATION IMMEDIATE 
  PCTFREE 10 PCTUSED 40 INITRANS 1 MAXTRANS 255 NOCOMPRESS LOGGING
  STORAGE(INITIAL 65536 NEXT 1048576 MINEXTENTS 1 MAXEXTENTS 2147483645
  PCTINCREASE 0 FREELISTS 1 FREELIST GROUPS 1 BUFFER_POOL DEFAULT FLASH_CACHE DEFAULT CELL_FLASH_CACHE DEFAULT)
  TABLESPACE "SYSTEM" ;
--------------------------------------------------------
--  DDL for Table CODE_SKILL
--------------------------------------------------------

  CREATE TABLE "KING"."CODE_SKILL" 
   (	"SKILL_CODE" NUMBER(3,0), 
	"SKILL_NAME" VARCHAR2(20 BYTE)
   ) SEGMENT CREATION IMMEDIATE 
  PCTFREE 10 PCTUSED 40 INITRANS 1 MAXTRANS 255 NOCOMPRESS LOGGING
  STORAGE(INITIAL 65536 NEXT 1048576 MINEXTENTS 1 MAXEXTENTS 2147483645
  PCTINCREASE 0 FREELISTS 1 FREELIST GROUPS 1 BUFFER_POOL DEFAULT FLASH_CACHE DEFAULT CELL_FLASH_CACHE DEFAULT)
  TABLESPACE "SYSTEM" ;
--------------------------------------------------------
--  DDL for Table CUSTOMERSERVICE
--------------------------------------------------------

  CREATE TABLE "KING"."CUSTOMERSERVICE" 
   (	"CUSTOMERSERVICE_CATEGORYNO" NUMBER, 
	"CUSTOMERSERVICE_SUBJECT" VARCHAR2(1000 BYTE), 
	"CUSTOMERSERVICE_CONTENT" VARCHAR2(3000 BYTE)
   ) SEGMENT CREATION IMMEDIATE 
  PCTFREE 10 PCTUSED 40 INITRANS 1 MAXTRANS 255 NOCOMPRESS LOGGING
  STORAGE(INITIAL 65536 NEXT 1048576 MINEXTENTS 1 MAXEXTENTS 2147483645
  PCTINCREASE 0 FREELISTS 1 FREELIST GROUPS 1 BUFFER_POOL DEFAULT FLASH_CACHE DEFAULT CELL_FLASH_CACHE DEFAULT)
  TABLESPACE "SYSTEM" ;
--------------------------------------------------------
--  DDL for Table CUSTOMERSERVICE_CATEGORY
--------------------------------------------------------

  CREATE TABLE "KING"."CUSTOMERSERVICE_CATEGORY" 
   (	"CUSTOMERSERVICE_CATEGORYNO" NUMBER, 
	"CUSTOMERSERVICE_CATEGORYNAME" VARCHAR2(50 BYTE)
   ) SEGMENT CREATION IMMEDIATE 
  PCTFREE 10 PCTUSED 40 INITRANS 1 MAXTRANS 255 NOCOMPRESS LOGGING
  STORAGE(INITIAL 65536 NEXT 1048576 MINEXTENTS 1 MAXEXTENTS 2147483645
  PCTINCREASE 0 FREELISTS 1 FREELIST GROUPS 1 BUFFER_POOL DEFAULT FLASH_CACHE DEFAULT CELL_FLASH_CACHE DEFAULT)
  TABLESPACE "SYSTEM" ;
--------------------------------------------------------
--  DDL for Table DAY_OF_WEEK
--------------------------------------------------------

  CREATE TABLE "KING"."DAY_OF_WEEK" 
   (	"DAY_NO" NUMBER, 
	"DAY_NAME" VARCHAR2(20 BYTE)
   ) SEGMENT CREATION IMMEDIATE 
  PCTFREE 10 PCTUSED 40 INITRANS 1 MAXTRANS 255 NOCOMPRESS LOGGING
  STORAGE(INITIAL 65536 NEXT 1048576 MINEXTENTS 1 MAXEXTENTS 2147483645
  PCTINCREASE 0 FREELISTS 1 FREELIST GROUPS 1 BUFFER_POOL DEFAULT FLASH_CACHE DEFAULT CELL_FLASH_CACHE DEFAULT)
  TABLESPACE "SYSTEM" ;
--------------------------------------------------------
--  DDL for Table DEVELOPER
--------------------------------------------------------

  CREATE TABLE "KING"."DEVELOPER" 
   (	"DEVELOPER_NO" NUMBER(3,0), 
	"DEVELOPER_NAME" VARCHAR2(14 BYTE), 
	"JUMIN_NO" CHAR(14 BYTE), 
	"SCHOOL_CODE" NUMBER(3,0), 
	"RELIGION_CODE" NUMBER(3,0), 
	"GRADUATE_DAY" CHAR(10 BYTE)
   ) SEGMENT CREATION IMMEDIATE 
  PCTFREE 10 PCTUSED 40 INITRANS 1 MAXTRANS 255 NOCOMPRESS LOGGING
  STORAGE(INITIAL 65536 NEXT 1048576 MINEXTENTS 1 MAXEXTENTS 2147483645
  PCTINCREASE 0 FREELISTS 1 FREELIST GROUPS 1 BUFFER_POOL DEFAULT FLASH_CACHE DEFAULT CELL_FLASH_CACHE DEFAULT)
  TABLESPACE "SYSTEM" ;
--------------------------------------------------------
--  DDL for Table DEVELOPER_SKILL
--------------------------------------------------------

  CREATE TABLE "KING"."DEVELOPER_SKILL" 
   (	"DEVELOPER_SKILL_NO" NUMBER(3,0), 
	"DEVELOPER_NO" NUMBER(3,0), 
	"SKILL_CODE" NUMBER(3,0)
   ) SEGMENT CREATION IMMEDIATE 
  PCTFREE 10 PCTUSED 40 INITRANS 1 MAXTRANS 255 NOCOMPRESS LOGGING
  STORAGE(INITIAL 65536 NEXT 1048576 MINEXTENTS 1 MAXEXTENTS 2147483645
  PCTINCREASE 0 FREELISTS 1 FREELIST GROUPS 1 BUFFER_POOL DEFAULT FLASH_CACHE DEFAULT CELL_FLASH_CACHE DEFAULT)
  TABLESPACE "SYSTEM" ;
--------------------------------------------------------
--  DDL for Table FREEBOARD
--------------------------------------------------------

  CREATE TABLE "KING"."FREEBOARD" 
   (	"B_NO" NUMBER(9,0), 
	"SUBJECT" VARCHAR2(1000 BYTE), 
	"WRITER" NUMBER, 
	"CONTENT" VARCHAR2(3000 BYTE), 
	"REG_DATE" DATE DEFAULT sysdate --등록일 
          , 
	"READCOUNT" NUMBER(5,0) DEFAULT 0 --조회수 
          
   ) SEGMENT CREATION IMMEDIATE 
  PCTFREE 10 PCTUSED 40 INITRANS 1 MAXTRANS 255 NOCOMPRESS LOGGING
  STORAGE(INITIAL 65536 NEXT 1048576 MINEXTENTS 1 MAXEXTENTS 2147483645
  PCTINCREASE 0 FREELISTS 1 FREELIST GROUPS 1 BUFFER_POOL DEFAULT FLASH_CACHE DEFAULT CELL_FLASH_CACHE DEFAULT)
  TABLESPACE "SYSTEM" ;
--------------------------------------------------------
--  DDL for Table FREEBOARD_COMMENT
--------------------------------------------------------

  CREATE TABLE "KING"."FREEBOARD_COMMENT" 
   (	"COMMENT_NO" NUMBER(9,0), 
	"B_NO" NUMBER(9,0), 
	"NICK_NAME" VARCHAR2(1000 BYTE), 
	"CONTENT" VARCHAR2(3000 BYTE), 
	"GROUP_NO" NUMBER(9,0), 
	"PRINT_NO" NUMBER(9,0), 
	"PRINT_LEVEL" NUMBER(9,0), 
	"REG_DATE" DATE DEFAULT SYSDATE
   ) SEGMENT CREATION IMMEDIATE 
  PCTFREE 10 PCTUSED 40 INITRANS 1 MAXTRANS 255 NOCOMPRESS LOGGING
  STORAGE(INITIAL 65536 NEXT 1048576 MINEXTENTS 1 MAXEXTENTS 2147483645
  PCTINCREASE 0 FREELISTS 1 FREELIST GROUPS 1 BUFFER_POOL DEFAULT FLASH_CACHE DEFAULT CELL_FLASH_CACHE DEFAULT)
  TABLESPACE "SYSTEM" ;
--------------------------------------------------------
--  DDL for Table FREE_SHARING
--------------------------------------------------------

  CREATE TABLE "KING"."FREE_SHARING" 
   (	"FREE_SHARING_NO" NUMBER, 
	"SUBJECT" VARCHAR2(1000 BYTE), 
	"WRITER" NUMBER, 
	"CONTENT" VARCHAR2(3000 BYTE), 
	"READCOUNT" NUMBER DEFAULT 0, 
	"REG_DATE" DATE DEFAULT SYSDATE, 
	"IMAGENAME" VARCHAR2(100 BYTE)
   ) SEGMENT CREATION IMMEDIATE 
  PCTFREE 10 PCTUSED 40 INITRANS 1 MAXTRANS 255 NOCOMPRESS LOGGING
  STORAGE(INITIAL 65536 NEXT 1048576 MINEXTENTS 1 MAXEXTENTS 2147483645
  PCTINCREASE 0 FREELISTS 1 FREELIST GROUPS 1 BUFFER_POOL DEFAULT FLASH_CACHE DEFAULT CELL_FLASH_CACHE DEFAULT)
  TABLESPACE "SYSTEM" ;
--------------------------------------------------------
--  DDL for Table FREE_SHARING_COMMENT
--------------------------------------------------------

  CREATE TABLE "KING"."FREE_SHARING_COMMENT" 
   (	"COMMENT_NO" NUMBER, 
	"FREE_SHARING_NO" NUMBER, 
	"SUBJECT" VARCHAR2(1000 BYTE), 
	"WRITER" NUMBER, 
	"CONTENT" VARCHAR2(3000 BYTE), 
	"GROUP_NO" NUMBER(9,0), 
	"PRINT_NO" NUMBER(9,0), 
	"PRINT_LEVEL" NUMBER(9,0), 
	"READCOUNT" NUMBER DEFAULT 0, 
	"REG_DATE" DATE DEFAULT SYSDATE
   ) SEGMENT CREATION IMMEDIATE 
  PCTFREE 10 PCTUSED 40 INITRANS 1 MAXTRANS 255 NOCOMPRESS LOGGING
  STORAGE(INITIAL 65536 NEXT 1048576 MINEXTENTS 1 MAXEXTENTS 2147483645
  PCTINCREASE 0 FREELISTS 1 FREELIST GROUPS 1 BUFFER_POOL DEFAULT FLASH_CACHE DEFAULT CELL_FLASH_CACHE DEFAULT)
  TABLESPACE "SYSTEM" ;
--------------------------------------------------------
--  DDL for Table HIREDBOARD_DAY
--------------------------------------------------------

  CREATE TABLE "KING"."HIREDBOARD_DAY" 
   (	"RECRUITMENT_NO" NUMBER, 
	"DAY" NUMBER
   ) SEGMENT CREATION IMMEDIATE 
  PCTFREE 10 PCTUSED 40 INITRANS 1 MAXTRANS 255 NOCOMPRESS LOGGING
  STORAGE(INITIAL 65536 NEXT 1048576 MINEXTENTS 1 MAXEXTENTS 2147483645
  PCTINCREASE 0 FREELISTS 1 FREELIST GROUPS 1 BUFFER_POOL DEFAULT FLASH_CACHE DEFAULT CELL_FLASH_CACHE DEFAULT)
  TABLESPACE "SYSTEM" ;
--------------------------------------------------------
--  DDL for Table HIREDBOARD_TIME
--------------------------------------------------------

  CREATE TABLE "KING"."HIREDBOARD_TIME" 
   (	"RECRUITMENT_NO" NUMBER, 
	"TIME" VARCHAR2(30 BYTE)
   ) SEGMENT CREATION IMMEDIATE 
  PCTFREE 10 PCTUSED 40 INITRANS 1 MAXTRANS 255 NOCOMPRESS LOGGING
  STORAGE(INITIAL 65536 NEXT 1048576 MINEXTENTS 1 MAXEXTENTS 2147483645
  PCTINCREASE 0 FREELISTS 1 FREELIST GROUPS 1 BUFFER_POOL DEFAULT FLASH_CACHE DEFAULT CELL_FLASH_CACHE DEFAULT)
  TABLESPACE "SYSTEM" ;
--------------------------------------------------------
--  DDL for Table HIRED_RECRUITMENT
--------------------------------------------------------

  CREATE TABLE "KING"."HIRED_RECRUITMENT" 
   (	"RECRUITMENT_NO" NUMBER DEFAULT 0, 
	"TITLE" VARCHAR2(1000 BYTE), 
	"CONTENT" VARCHAR2(3000 BYTE), 
	"REG_DATE" DATE DEFAULT sysdate, 
	"SIDO" NUMBER, 
	"SIGUNGU" NUMBER, 
	"POS" VARCHAR2(30 BYTE), 
	"NICKNAME" NUMBER, 
	"READCOUNT" NUMBER DEFAULT 0
   ) SEGMENT CREATION IMMEDIATE 
  PCTFREE 10 PCTUSED 40 INITRANS 1 MAXTRANS 255 NOCOMPRESS LOGGING
  STORAGE(INITIAL 65536 NEXT 1048576 MINEXTENTS 1 MAXEXTENTS 2147483645
  PCTINCREASE 0 FREELISTS 1 FREELIST GROUPS 1 BUFFER_POOL DEFAULT FLASH_CACHE DEFAULT CELL_FLASH_CACHE DEFAULT)
  TABLESPACE "SYSTEM" ;
--------------------------------------------------------
--  DDL for Table IMAGEBOARD
--------------------------------------------------------

  CREATE TABLE "KING"."IMAGEBOARD" 
   (	"B_NO" NUMBER(9,0), 
	"SUBJECT" VARCHAR2(1000 BYTE), 
	"WRITER" NUMBER, 
	"CONTENT" VARCHAR2(3000 BYTE), 
	"REG_DATE" DATE DEFAULT sysdate, 
	"READCOUNT" NUMBER(5,0) DEFAULT 0, 
	"IMAGENAME" VARCHAR2(100 BYTE)
   ) SEGMENT CREATION IMMEDIATE 
  PCTFREE 10 PCTUSED 40 INITRANS 1 MAXTRANS 255 NOCOMPRESS LOGGING
  STORAGE(INITIAL 65536 NEXT 1048576 MINEXTENTS 1 MAXEXTENTS 2147483645
  PCTINCREASE 0 FREELISTS 1 FREELIST GROUPS 1 BUFFER_POOL DEFAULT FLASH_CACHE DEFAULT CELL_FLASH_CACHE DEFAULT)
  TABLESPACE "SYSTEM" ;
--------------------------------------------------------
--  DDL for Table LESSONBOARD_DAY
--------------------------------------------------------

  CREATE TABLE "KING"."LESSONBOARD_DAY" 
   (	"RECRUITMENT_NO" NUMBER, 
	"DAY" NUMBER
   ) SEGMENT CREATION IMMEDIATE 
  PCTFREE 10 PCTUSED 40 INITRANS 1 MAXTRANS 255 NOCOMPRESS LOGGING
  STORAGE(INITIAL 65536 NEXT 1048576 MINEXTENTS 1 MAXEXTENTS 2147483645
  PCTINCREASE 0 FREELISTS 1 FREELIST GROUPS 1 BUFFER_POOL DEFAULT FLASH_CACHE DEFAULT CELL_FLASH_CACHE DEFAULT)
  TABLESPACE "SYSTEM" ;
--------------------------------------------------------
--  DDL for Table LESSONBOARD_TIME
--------------------------------------------------------

  CREATE TABLE "KING"."LESSONBOARD_TIME" 
   (	"RECRUITMENT_NO" NUMBER, 
	"TIME" VARCHAR2(30 BYTE)
   ) SEGMENT CREATION IMMEDIATE 
  PCTFREE 10 PCTUSED 40 INITRANS 1 MAXTRANS 255 NOCOMPRESS LOGGING
  STORAGE(INITIAL 65536 NEXT 1048576 MINEXTENTS 1 MAXEXTENTS 2147483645
  PCTINCREASE 0 FREELISTS 1 FREELIST GROUPS 1 BUFFER_POOL DEFAULT FLASH_CACHE DEFAULT CELL_FLASH_CACHE DEFAULT)
  TABLESPACE "SYSTEM" ;
--------------------------------------------------------
--  DDL for Table LESSON_MEMBER
--------------------------------------------------------

  CREATE TABLE "KING"."LESSON_MEMBER" 
   (	"INSTRUCTOR" NUMBER, 
	"STUDENT" NUMBER
   ) SEGMENT CREATION IMMEDIATE 
  PCTFREE 10 PCTUSED 40 INITRANS 1 MAXTRANS 255 NOCOMPRESS LOGGING
  STORAGE(INITIAL 65536 NEXT 1048576 MINEXTENTS 1 MAXEXTENTS 2147483645
  PCTINCREASE 0 FREELISTS 1 FREELIST GROUPS 1 BUFFER_POOL DEFAULT FLASH_CACHE DEFAULT CELL_FLASH_CACHE DEFAULT)
  TABLESPACE "SYSTEM" ;
--------------------------------------------------------
--  DDL for Table LESSON_RECRUITMENT
--------------------------------------------------------

  CREATE TABLE "KING"."LESSON_RECRUITMENT" 
   (	"RECRUITMENT_NO" NUMBER, 
	"TITLE" VARCHAR2(1000 BYTE), 
	"NICKNAME" NUMBER, 
	"CONTENT" VARCHAR2(3000 BYTE), 
	"REG_DATE" DATE DEFAULT sysdate, 
	"MONEY" VARCHAR2(1000 BYTE), 
	"SIDO" NUMBER, 
	"SIGUNGU" NUMBER, 
	"READCOUNT" NUMBER DEFAULT 0
   ) SEGMENT CREATION IMMEDIATE 
  PCTFREE 10 PCTUSED 40 INITRANS 1 MAXTRANS 255 NOCOMPRESS LOGGING
  STORAGE(INITIAL 65536 NEXT 1048576 MINEXTENTS 1 MAXEXTENTS 2147483645
  PCTINCREASE 0 FREELISTS 1 FREELIST GROUPS 1 BUFFER_POOL DEFAULT FLASH_CACHE DEFAULT CELL_FLASH_CACHE DEFAULT)
  TABLESPACE "SYSTEM" ;
--------------------------------------------------------
--  DDL for Table MATCH
--------------------------------------------------------

  CREATE TABLE "KING"."MATCH" 
   (	"MATCH_NO" NUMBER, 
	"TITLE" VARCHAR2(1000 BYTE), 
	"WRITER" NUMBER, 
	"CONTENT" VARCHAR2(3000 BYTE), 
	"READCOUNT" NUMBER DEFAULT 0, 
	"REG_DATE" DATE DEFAULT SYSDATE, 
	"TIME_NO" NUMBER, 
	"DAY" VARCHAR2(100 BYTE), 
	"STADIUM" NUMBER, 
	"TEAM_NO" NUMBER(30,0), 
	"CHECKING" VARCHAR2(50 BYTE)
   ) SEGMENT CREATION IMMEDIATE 
  PCTFREE 10 PCTUSED 40 INITRANS 1 MAXTRANS 255 NOCOMPRESS LOGGING
  STORAGE(INITIAL 65536 NEXT 1048576 MINEXTENTS 1 MAXEXTENTS 2147483645
  PCTINCREASE 0 FREELISTS 1 FREELIST GROUPS 1 BUFFER_POOL DEFAULT FLASH_CACHE DEFAULT CELL_FLASH_CACHE DEFAULT)
  TABLESPACE "SYSTEM" ;
--------------------------------------------------------
--  DDL for Table MATCH_DAY
--------------------------------------------------------

  CREATE TABLE "KING"."MATCH_DAY" 
   (	"MATCH_TEAM" NUMBER, 
	"VS_TEAM" NUMBER, 
	"TIME_NO" NUMBER, 
	"DAY" VARCHAR2(100 BYTE), 
	"STADIUM" NUMBER
   ) SEGMENT CREATION IMMEDIATE 
  PCTFREE 10 PCTUSED 40 INITRANS 1 MAXTRANS 255 NOCOMPRESS LOGGING
  STORAGE(INITIAL 65536 NEXT 1048576 MINEXTENTS 1 MAXEXTENTS 2147483645
  PCTINCREASE 0 FREELISTS 1 FREELIST GROUPS 1 BUFFER_POOL DEFAULT FLASH_CACHE DEFAULT CELL_FLASH_CACHE DEFAULT)
  TABLESPACE "SYSTEM" ;
--------------------------------------------------------
--  DDL for Table MEMBER
--------------------------------------------------------

  CREATE TABLE "KING"."MEMBER" 
   (	"M_NO" NUMBER, 
	"NAME" VARCHAR2(50 BYTE), 
	"MID" VARCHAR2(50 BYTE), 
	"PASSWORD" VARCHAR2(50 BYTE), 
	"NICKNAME" VARCHAR2(50 BYTE), 
	"EMAIL" VARCHAR2(100 BYTE), 
	"BIRTHDATE" DATE, 
	"PHONE" VARCHAR2(20 BYTE), 
	"GENDER" CHAR(10 BYTE), 
	"SIDO_ID" NUMBER, 
	"SIGUNGU_ID" NUMBER, 
	"DETAIL_ADDRESS" VARCHAR2(200 BYTE), 
	"REG_DATE" DATE DEFAULT SYSDATE
   ) SEGMENT CREATION IMMEDIATE 
  PCTFREE 10 PCTUSED 40 INITRANS 1 MAXTRANS 255 NOCOMPRESS LOGGING
  STORAGE(INITIAL 65536 NEXT 1048576 MINEXTENTS 1 MAXEXTENTS 2147483645
  PCTINCREASE 0 FREELISTS 1 FREELIST GROUPS 1 BUFFER_POOL DEFAULT FLASH_CACHE DEFAULT CELL_FLASH_CACHE DEFAULT)
  TABLESPACE "SYSTEM" ;
--------------------------------------------------------
--  DDL for Table MEMBER_DETAIL
--------------------------------------------------------

  CREATE TABLE "KING"."MEMBER_DETAIL" 
   (	"MEMBER" NUMBER, 
	"TEAM" NUMBER
   ) SEGMENT CREATION IMMEDIATE 
  PCTFREE 10 PCTUSED 40 INITRANS 1 MAXTRANS 255 NOCOMPRESS LOGGING
  STORAGE(INITIAL 65536 NEXT 1048576 MINEXTENTS 1 MAXEXTENTS 2147483645
  PCTINCREASE 0 FREELISTS 1 FREELIST GROUPS 1 BUFFER_POOL DEFAULT FLASH_CACHE DEFAULT CELL_FLASH_CACHE DEFAULT)
  TABLESPACE "SYSTEM" ;
--------------------------------------------------------
--  DDL for Table MEMBER_SEARCH_SETTING
--------------------------------------------------------

  CREATE TABLE "KING"."MEMBER_SEARCH_SETTING" 
   (	"SEARCH_CONDITION_TYPE" VARCHAR2(100 BYTE), 
	"IS_ACTIVE" VARCHAR2(4 BYTE), 
	"DISPLAY_POSITION" NUMBER
   ) SEGMENT CREATION IMMEDIATE 
  PCTFREE 10 PCTUSED 40 INITRANS 1 MAXTRANS 255 NOCOMPRESS LOGGING
  STORAGE(INITIAL 65536 NEXT 1048576 MINEXTENTS 1 MAXEXTENTS 2147483645
  PCTINCREASE 0 FREELISTS 1 FREELIST GROUPS 1 BUFFER_POOL DEFAULT FLASH_CACHE DEFAULT CELL_FLASH_CACHE DEFAULT)
  TABLESPACE "SYSTEM" ;
--------------------------------------------------------
--  DDL for Table NOTICEBOARD
--------------------------------------------------------

  CREATE TABLE "KING"."NOTICEBOARD" 
   (	"B_NO" NUMBER(9,0), 
	"SUBJECT" VARCHAR2(1000 BYTE), 
	"WRITER" VARCHAR2(30 BYTE), 
	"CONTENT" VARCHAR2(2000 BYTE), 
	"REG_DATE" DATE DEFAULT sysdate --등록일 
          , 
	"READCOUNT" NUMBER(5,0) DEFAULT 0 --조회수 
          
   ) SEGMENT CREATION IMMEDIATE 
  PCTFREE 10 PCTUSED 40 INITRANS 1 MAXTRANS 255 NOCOMPRESS LOGGING
  STORAGE(INITIAL 65536 NEXT 1048576 MINEXTENTS 1 MAXEXTENTS 2147483645
  PCTINCREASE 0 FREELISTS 1 FREELIST GROUPS 1 BUFFER_POOL DEFAULT FLASH_CACHE DEFAULT CELL_FLASH_CACHE DEFAULT)
  TABLESPACE "SYSTEM" ;
--------------------------------------------------------
--  DDL for Table PLAYER_RANKING
--------------------------------------------------------

  CREATE TABLE "KING"."PLAYER_RANKING" 
   (	"RANKING_NO" NUMBER, 
	"PLAYER" NUMBER, 
	"RANKING_POSITION" NUMBER
   ) SEGMENT CREATION IMMEDIATE 
  PCTFREE 10 PCTUSED 40 INITRANS 1 MAXTRANS 255 NOCOMPRESS LOGGING
  STORAGE(INITIAL 65536 NEXT 1048576 MINEXTENTS 1 MAXEXTENTS 2147483645
  PCTINCREASE 0 FREELISTS 1 FREELIST GROUPS 1 BUFFER_POOL DEFAULT FLASH_CACHE DEFAULT CELL_FLASH_CACHE DEFAULT)
  TABLESPACE "SYSTEM" ;
--------------------------------------------------------
--  DDL for Table PLAYER_RECORD
--------------------------------------------------------

  CREATE TABLE "KING"."PLAYER_RECORD" 
   (	"PLAYER" NUMBER, 
	"GAMES_PLAYED" NUMBER DEFAULT 0, 
	"WINS" NUMBER DEFAULT 0, 
	"DRAWS" NUMBER DEFAULT 0, 
	"LOSSES" NUMBER DEFAULT 0, 
	"GOALS_FOR" NUMBER DEFAULT 0, 
	"GOALS_ASSIST" NUMBER DEFAULT 0
   ) SEGMENT CREATION IMMEDIATE 
  PCTFREE 10 PCTUSED 40 INITRANS 1 MAXTRANS 255 NOCOMPRESS LOGGING
  STORAGE(INITIAL 65536 NEXT 1048576 MINEXTENTS 1 MAXEXTENTS 2147483645
  PCTINCREASE 0 FREELISTS 1 FREELIST GROUPS 1 BUFFER_POOL DEFAULT FLASH_CACHE DEFAULT CELL_FLASH_CACHE DEFAULT)
  TABLESPACE "SYSTEM" ;
--------------------------------------------------------
--  DDL for Table QNABOARD
--------------------------------------------------------

  CREATE TABLE "KING"."QNABOARD" 
   (	"B_NO" NUMBER(9,0), 
	"SUBJECT" VARCHAR2(1000 BYTE), 
	"WRITER" NUMBER, 
	"CONTENT" VARCHAR2(3000 BYTE), 
	"REG_DATE" DATE DEFAULT sysdate, 
	"READCOUNT" NUMBER(5,0) DEFAULT 0
   ) SEGMENT CREATION IMMEDIATE 
  PCTFREE 10 PCTUSED 40 INITRANS 1 MAXTRANS 255 NOCOMPRESS LOGGING
  STORAGE(INITIAL 65536 NEXT 1048576 MINEXTENTS 1 MAXEXTENTS 2147483645
  PCTINCREASE 0 FREELISTS 1 FREELIST GROUPS 1 BUFFER_POOL DEFAULT FLASH_CACHE DEFAULT CELL_FLASH_CACHE DEFAULT)
  TABLESPACE "SYSTEM" ;
--------------------------------------------------------
--  DDL for Table QNABOARD_COMMENT
--------------------------------------------------------

  CREATE TABLE "KING"."QNABOARD_COMMENT" 
   (	"BC_NO" NUMBER(9,0), 
	"WRITER" VARCHAR2(1000 BYTE) DEFAULT '관리자', 
	"CONTENT" VARCHAR2(3000 BYTE), 
	"REG_DATE" DATE DEFAULT sysdate, 
	"SUBJECT" VARCHAR2(3000 BYTE), 
	"C_NO" NUMBER(9,0)
   ) SEGMENT CREATION IMMEDIATE 
  PCTFREE 10 PCTUSED 40 INITRANS 1 MAXTRANS 255 NOCOMPRESS LOGGING
  STORAGE(INITIAL 65536 NEXT 1048576 MINEXTENTS 1 MAXEXTENTS 2147483645
  PCTINCREASE 0 FREELISTS 1 FREELIST GROUPS 1 BUFFER_POOL DEFAULT FLASH_CACHE DEFAULT CELL_FLASH_CACHE DEFAULT)
  TABLESPACE "SYSTEM" ;
--------------------------------------------------------
--  DDL for Table RECRUIT_TEAMMEMBOARD
--------------------------------------------------------

  CREATE TABLE "KING"."RECRUIT_TEAMMEMBOARD" 
   (	"B_NO" NUMBER, 
	"TITLE" VARCHAR2(1000 BYTE), 
	"CONTENT" VARCHAR2(3000 BYTE), 
	"READCOUNT" NUMBER DEFAULT 0, 
	"REG_DATE" DATE DEFAULT sysdate, 
	"TEAM_MEM" VARCHAR2(10 BYTE), 
	"SIDO" NUMBER, 
	"SIGUNGU" NUMBER, 
	"POS" VARCHAR2(30 BYTE), 
	"WRITER" NUMBER
   ) SEGMENT CREATION IMMEDIATE 
  PCTFREE 10 PCTUSED 40 INITRANS 1 MAXTRANS 255 NOCOMPRESS LOGGING
  STORAGE(INITIAL 65536 NEXT 1048576 MINEXTENTS 1 MAXEXTENTS 2147483645
  PCTINCREASE 0 FREELISTS 1 FREELIST GROUPS 1 BUFFER_POOL DEFAULT FLASH_CACHE DEFAULT CELL_FLASH_CACHE DEFAULT)
  TABLESPACE "SYSTEM" ;
--------------------------------------------------------
--  DDL for Table SALE
--------------------------------------------------------

  CREATE TABLE "KING"."SALE" 
   (	"SALE_NO" NUMBER, 
	"SUBJECT" VARCHAR2(1000 BYTE), 
	"WRITER" NUMBER, 
	"CONTENT" VARCHAR2(3000 BYTE), 
	"READCOUNT" NUMBER DEFAULT 0, 
	"REG_DATE" DATE DEFAULT SYSDATE, 
	"IMAGENAME" VARCHAR2(100 BYTE)
   ) SEGMENT CREATION IMMEDIATE 
  PCTFREE 10 PCTUSED 40 INITRANS 1 MAXTRANS 255 NOCOMPRESS LOGGING
  STORAGE(INITIAL 65536 NEXT 1048576 MINEXTENTS 1 MAXEXTENTS 2147483645
  PCTINCREASE 0 FREELISTS 1 FREELIST GROUPS 1 BUFFER_POOL DEFAULT FLASH_CACHE DEFAULT CELL_FLASH_CACHE DEFAULT)
  TABLESPACE "SYSTEM" ;
--------------------------------------------------------
--  DDL for Table SIDO
--------------------------------------------------------

  CREATE TABLE "KING"."SIDO" 
   (	"SIDO_ID" NUMBER, 
	"NAME" VARCHAR2(50 BYTE), 
	"DISPLAY_POSITION" NUMBER
   ) SEGMENT CREATION IMMEDIATE 
  PCTFREE 10 PCTUSED 40 INITRANS 1 MAXTRANS 255 NOCOMPRESS LOGGING
  STORAGE(INITIAL 65536 NEXT 1048576 MINEXTENTS 1 MAXEXTENTS 2147483645
  PCTINCREASE 0 FREELISTS 1 FREELIST GROUPS 1 BUFFER_POOL DEFAULT FLASH_CACHE DEFAULT CELL_FLASH_CACHE DEFAULT)
  TABLESPACE "SYSTEM" ;
--------------------------------------------------------
--  DDL for Table SIGUNGU
--------------------------------------------------------

  CREATE TABLE "KING"."SIGUNGU" 
   (	"SIGUNGU_ID" NUMBER, 
	"NAME" VARCHAR2(100 BYTE), 
	"SIDO_ID" NUMBER
   ) SEGMENT CREATION IMMEDIATE 
  PCTFREE 10 PCTUSED 40 INITRANS 1 MAXTRANS 255 NOCOMPRESS LOGGING
  STORAGE(INITIAL 65536 NEXT 1048576 MINEXTENTS 1 MAXEXTENTS 2147483645
  PCTINCREASE 0 FREELISTS 1 FREELIST GROUPS 1 BUFFER_POOL DEFAULT FLASH_CACHE DEFAULT CELL_FLASH_CACHE DEFAULT)
  TABLESPACE "SYSTEM" ;
--------------------------------------------------------
--  DDL for Table SIGUNGU(tmp)
--------------------------------------------------------

  CREATE TABLE "KING"."SIGUNGU(tmp)" 
   (	"SIGUNGU_ID" NUMBER, 
	"NAME" VARCHAR2(100 BYTE), 
	"SIDO_ID" NUMBER
   ) SEGMENT CREATION IMMEDIATE 
  PCTFREE 10 PCTUSED 40 INITRANS 1 MAXTRANS 255 NOCOMPRESS LOGGING
  STORAGE(INITIAL 65536 NEXT 1048576 MINEXTENTS 1 MAXEXTENTS 2147483645
  PCTINCREASE 0 FREELISTS 1 FREELIST GROUPS 1 BUFFER_POOL DEFAULT FLASH_CACHE DEFAULT CELL_FLASH_CACHE DEFAULT)
  TABLESPACE "SYSTEM" ;
--------------------------------------------------------
--  DDL for Table STADIUM
--------------------------------------------------------

  CREATE TABLE "KING"."STADIUM" 
   (	"STADIUM_NO" NUMBER, 
	"STADIUM_NAME" VARCHAR2(1000 BYTE), 
	"SIDO_NAME" NUMBER, 
	"SIGUNGU_NAME" NUMBER, 
	"DETAILED_ADDRESS" VARCHAR2(3000 BYTE), 
	"REG_DATE" DATE DEFAULT SYSDATE, 
	"CONTENT" VARCHAR2(3000 BYTE), 
	"STADIUM_STATUS" VARCHAR2(20 BYTE), 
	"IMAGENAME" VARCHAR2(100 BYTE)
   ) SEGMENT CREATION IMMEDIATE 
  PCTFREE 10 PCTUSED 40 INITRANS 1 MAXTRANS 255 NOCOMPRESS LOGGING
  STORAGE(INITIAL 65536 NEXT 1048576 MINEXTENTS 1 MAXEXTENTS 2147483645
  PCTINCREASE 0 FREELISTS 1 FREELIST GROUPS 1 BUFFER_POOL DEFAULT FLASH_CACHE DEFAULT CELL_FLASH_CACHE DEFAULT)
  TABLESPACE "SYSTEM" ;
--------------------------------------------------------
--  DDL for Table STADIUM_YANGDO
--------------------------------------------------------

  CREATE TABLE "KING"."STADIUM_YANGDO" 
   (	"YANGDO_NO" NUMBER, 
	"TITLE" VARCHAR2(255 BYTE), 
	"WRITER" NUMBER, 
	"CONTENT" VARCHAR2(255 BYTE), 
	"READCOUNT" NUMBER DEFAULT 0, 
	"REG_DATE" DATE DEFAULT SYSDATE, 
	"BOOKING_NO" NUMBER, 
	"STATUS" VARCHAR2(20 BYTE) DEFAULT '양도중', 
	"TRANSFERRED_TO" NUMBER DEFAULT NULL
   ) SEGMENT CREATION IMMEDIATE 
  PCTFREE 10 PCTUSED 40 INITRANS 1 MAXTRANS 255 NOCOMPRESS LOGGING
  STORAGE(INITIAL 65536 NEXT 1048576 MINEXTENTS 1 MAXEXTENTS 2147483645
  PCTINCREASE 0 FREELISTS 1 FREELIST GROUPS 1 BUFFER_POOL DEFAULT FLASH_CACHE DEFAULT CELL_FLASH_CACHE DEFAULT)
  TABLESPACE "SYSTEM" ;
--------------------------------------------------------
--  DDL for Table TEAM
--------------------------------------------------------

  CREATE TABLE "KING"."TEAM" 
   (	"TEAM_NO" NUMBER, 
	"TEAM_NAME" VARCHAR2(100 BYTE), 
	"TEAM_MASTER" NUMBER
   ) SEGMENT CREATION IMMEDIATE 
  PCTFREE 10 PCTUSED 40 INITRANS 1 MAXTRANS 255 NOCOMPRESS LOGGING
  STORAGE(INITIAL 65536 NEXT 1048576 MINEXTENTS 1 MAXEXTENTS 2147483645
  PCTINCREASE 0 FREELISTS 1 FREELIST GROUPS 1 BUFFER_POOL DEFAULT FLASH_CACHE DEFAULT CELL_FLASH_CACHE DEFAULT)
  TABLESPACE "SYSTEM" ;
--------------------------------------------------------
--  DDL for Table TEAMMEMBOARD_DAY
--------------------------------------------------------

  CREATE TABLE "KING"."TEAMMEMBOARD_DAY" 
   (	"B_NO" NUMBER, 
	"DAY" NUMBER
   ) SEGMENT CREATION IMMEDIATE 
  PCTFREE 10 PCTUSED 40 INITRANS 1 MAXTRANS 255 NOCOMPRESS LOGGING
  STORAGE(INITIAL 65536 NEXT 1048576 MINEXTENTS 1 MAXEXTENTS 2147483645
  PCTINCREASE 0 FREELISTS 1 FREELIST GROUPS 1 BUFFER_POOL DEFAULT FLASH_CACHE DEFAULT CELL_FLASH_CACHE DEFAULT)
  TABLESPACE "SYSTEM" ;
--------------------------------------------------------
--  DDL for Table TEAMMEMBOARD_POS
--------------------------------------------------------

  CREATE TABLE "KING"."TEAMMEMBOARD_POS" 
   (	"B_NO" NUMBER, 
	"POS" VARCHAR2(20 BYTE)
   ) SEGMENT CREATION IMMEDIATE 
  PCTFREE 10 PCTUSED 40 INITRANS 1 MAXTRANS 255 NOCOMPRESS LOGGING
  STORAGE(INITIAL 65536 NEXT 1048576 MINEXTENTS 1 MAXEXTENTS 2147483645
  PCTINCREASE 0 FREELISTS 1 FREELIST GROUPS 1 BUFFER_POOL DEFAULT FLASH_CACHE DEFAULT CELL_FLASH_CACHE DEFAULT)
  TABLESPACE "SYSTEM" ;
--------------------------------------------------------
--  DDL for Table TEAMMEMBOARD_TIME
--------------------------------------------------------

  CREATE TABLE "KING"."TEAMMEMBOARD_TIME" 
   (	"B_NO" NUMBER, 
	"TIME" VARCHAR2(30 BYTE)
   ) SEGMENT CREATION IMMEDIATE 
  PCTFREE 10 PCTUSED 40 INITRANS 1 MAXTRANS 255 NOCOMPRESS LOGGING
  STORAGE(INITIAL 65536 NEXT 1048576 MINEXTENTS 1 MAXEXTENTS 2147483645
  PCTINCREASE 0 FREELISTS 1 FREELIST GROUPS 1 BUFFER_POOL DEFAULT FLASH_CACHE DEFAULT CELL_FLASH_CACHE DEFAULT)
  TABLESPACE "SYSTEM" ;
--------------------------------------------------------
--  DDL for Table TEAM_MEMBER
--------------------------------------------------------

  CREATE TABLE "KING"."TEAM_MEMBER" 
   (	"TEAM_NO" NUMBER, 
	"TEAM_MEMBER" NUMBER
   ) SEGMENT CREATION IMMEDIATE 
  PCTFREE 10 PCTUSED 40 INITRANS 1 MAXTRANS 255 NOCOMPRESS LOGGING
  STORAGE(INITIAL 65536 NEXT 1048576 MINEXTENTS 1 MAXEXTENTS 2147483645
  PCTINCREASE 0 FREELISTS 1 FREELIST GROUPS 1 BUFFER_POOL DEFAULT FLASH_CACHE DEFAULT CELL_FLASH_CACHE DEFAULT)
  TABLESPACE "SYSTEM" ;
--------------------------------------------------------
--  DDL for Table TEAM_MERC
--------------------------------------------------------

  CREATE TABLE "KING"."TEAM_MERC" 
   (	"TEAM_NO" NUMBER, 
	"M_NO" NUMBER
   ) SEGMENT CREATION IMMEDIATE 
  PCTFREE 10 PCTUSED 40 INITRANS 1 MAXTRANS 255 NOCOMPRESS LOGGING
  STORAGE(INITIAL 65536 NEXT 1048576 MINEXTENTS 1 MAXEXTENTS 2147483645
  PCTINCREASE 0 FREELISTS 1 FREELIST GROUPS 1 BUFFER_POOL DEFAULT FLASH_CACHE DEFAULT CELL_FLASH_CACHE DEFAULT)
  TABLESPACE "SYSTEM" ;
--------------------------------------------------------
--  DDL for Table TEAM_RANKING
--------------------------------------------------------

  CREATE TABLE "KING"."TEAM_RANKING" 
   (	"RANKING_NO" NUMBER, 
	"T_NO" NUMBER, 
	"RANKING_POSITION" NUMBER
   ) SEGMENT CREATION IMMEDIATE 
  PCTFREE 10 PCTUSED 40 INITRANS 1 MAXTRANS 255 NOCOMPRESS LOGGING
  STORAGE(INITIAL 65536 NEXT 1048576 MINEXTENTS 1 MAXEXTENTS 2147483645
  PCTINCREASE 0 FREELISTS 1 FREELIST GROUPS 1 BUFFER_POOL DEFAULT FLASH_CACHE DEFAULT CELL_FLASH_CACHE DEFAULT)
  TABLESPACE "SYSTEM" ;
--------------------------------------------------------
--  DDL for Table TEAM_RECORD
--------------------------------------------------------

  CREATE TABLE "KING"."TEAM_RECORD" 
   (	"TEAM_RECORD_NO" NUMBER, 
	"TEAM_NO" NUMBER, 
	"GAMES_PLAYED" NUMBER, 
	"WINS" NUMBER, 
	"DRAWS" NUMBER, 
	"LOSSES" NUMBER, 
	"GOALS_FOR" NUMBER, 
	"GOALS_ASSIST" NUMBER
   ) SEGMENT CREATION IMMEDIATE 
  PCTFREE 10 PCTUSED 40 INITRANS 1 MAXTRANS 255 NOCOMPRESS LOGGING
  STORAGE(INITIAL 65536 NEXT 1048576 MINEXTENTS 1 MAXEXTENTS 2147483645
  PCTINCREASE 0 FREELISTS 1 FREELIST GROUPS 1 BUFFER_POOL DEFAULT FLASH_CACHE DEFAULT CELL_FLASH_CACHE DEFAULT)
  TABLESPACE "SYSTEM" ;
--------------------------------------------------------
--  DDL for Table TIME_TABLE
--------------------------------------------------------

  CREATE TABLE "KING"."TIME_TABLE" 
   (	"TIME_NO" NUMBER, 
	"TIME_RANGE" VARCHAR2(20 BYTE)
   ) SEGMENT CREATION IMMEDIATE 
  PCTFREE 10 PCTUSED 40 INITRANS 1 MAXTRANS 255 NOCOMPRESS LOGGING
  STORAGE(INITIAL 65536 NEXT 1048576 MINEXTENTS 1 MAXEXTENTS 2147483645
  PCTINCREASE 0 FREELISTS 1 FREELIST GROUPS 1 BUFFER_POOL DEFAULT FLASH_CACHE DEFAULT CELL_FLASH_CACHE DEFAULT)
  TABLESPACE "SYSTEM" ;
--------------------------------------------------------
--  DDL for Table TOURNAMENT
--------------------------------------------------------

  CREATE TABLE "KING"."TOURNAMENT" 
   (	"SUBJECT" VARCHAR2(1000 BYTE), 
	"CONTENT" VARCHAR2(3000 BYTE), 
	"REGIST_START" DATE, 
	"REGIST_END" DATE, 
	"LIST_NO" NUMBER(9,0), 
	"REG_DATE" DATE DEFAULT sysdate, 
	"REGION" VARCHAR2(20 BYTE), 
	"IMAGENAME" VARCHAR2(100 BYTE)
   ) SEGMENT CREATION IMMEDIATE 
  PCTFREE 10 PCTUSED 40 INITRANS 1 MAXTRANS 255 NOCOMPRESS LOGGING
  STORAGE(INITIAL 65536 NEXT 1048576 MINEXTENTS 1 MAXEXTENTS 2147483645
  PCTINCREASE 0 FREELISTS 1 FREELIST GROUPS 1 BUFFER_POOL DEFAULT FLASH_CACHE DEFAULT CELL_FLASH_CACHE DEFAULT)
  TABLESPACE "SYSTEM" ;
--------------------------------------------------------
--  DDL for Table WAITING_HIREDREG
--------------------------------------------------------

  CREATE TABLE "KING"."WAITING_HIREDREG" 
   (	"M_NO" NUMBER, 
	"TEAM" NUMBER
   ) SEGMENT CREATION IMMEDIATE 
  PCTFREE 10 PCTUSED 40 INITRANS 1 MAXTRANS 255 NOCOMPRESS LOGGING
  STORAGE(INITIAL 65536 NEXT 1048576 MINEXTENTS 1 MAXEXTENTS 2147483645
  PCTINCREASE 0 FREELISTS 1 FREELIST GROUPS 1 BUFFER_POOL DEFAULT FLASH_CACHE DEFAULT CELL_FLASH_CACHE DEFAULT)
  TABLESPACE "SYSTEM" ;
--------------------------------------------------------
--  DDL for Table WAITING_LESSONREG
--------------------------------------------------------

  CREATE TABLE "KING"."WAITING_LESSONREG" 
   (	"WRITER" NUMBER, 
	"M_NO" NUMBER
   ) SEGMENT CREATION IMMEDIATE 
  PCTFREE 10 PCTUSED 40 INITRANS 1 MAXTRANS 255 NOCOMPRESS LOGGING
  STORAGE(INITIAL 65536 NEXT 1048576 MINEXTENTS 1 MAXEXTENTS 2147483645
  PCTINCREASE 0 FREELISTS 1 FREELIST GROUPS 1 BUFFER_POOL DEFAULT FLASH_CACHE DEFAULT CELL_FLASH_CACHE DEFAULT)
  TABLESPACE "SYSTEM" ;
--------------------------------------------------------
--  DDL for Table WAITING_MATCHREG
--------------------------------------------------------

  CREATE TABLE "KING"."WAITING_MATCHREG" 
   (	"MATCH_TEAM" NUMBER, 
	"VS_TEAM" NUMBER, 
	"TIME_NO" NUMBER, 
	"DAY" VARCHAR2(100 BYTE), 
	"STADIUM" NUMBER
   ) SEGMENT CREATION IMMEDIATE 
  PCTFREE 10 PCTUSED 40 INITRANS 1 MAXTRANS 255 NOCOMPRESS LOGGING
  STORAGE(INITIAL 65536 NEXT 1048576 MINEXTENTS 1 MAXEXTENTS 2147483645
  PCTINCREASE 0 FREELISTS 1 FREELIST GROUPS 1 BUFFER_POOL DEFAULT FLASH_CACHE DEFAULT CELL_FLASH_CACHE DEFAULT)
  TABLESPACE "SYSTEM" ;
--------------------------------------------------------
--  DDL for Table WAITING_TEAMREG
--------------------------------------------------------

  CREATE TABLE "KING"."WAITING_TEAMREG" 
   (	"NAME" NUMBER, 
	"TEAM" NUMBER
   ) SEGMENT CREATION IMMEDIATE 
  PCTFREE 10 PCTUSED 40 INITRANS 1 MAXTRANS 255 NOCOMPRESS LOGGING
  STORAGE(INITIAL 65536 NEXT 1048576 MINEXTENTS 1 MAXEXTENTS 2147483645
  PCTINCREASE 0 FREELISTS 1 FREELIST GROUPS 1 BUFFER_POOL DEFAULT FLASH_CACHE DEFAULT CELL_FLASH_CACHE DEFAULT)
  TABLESPACE "SYSTEM" ;
--------------------------------------------------------
--  DDL for View EMPLOYEE_VW1
--------------------------------------------------------

  CREATE OR REPLACE FORCE VIEW "KING"."EMPLOYEE_VW1" ("EMP_NO", "EMP_NAME", "DEP_NO", "JIKUP", "HIRE_DATE", "JUMIN_NUM", "PHONE", "MGR_EMP_NO") AS 
  select
            emp_no,emp_name,dep_no,jikup,hire_date,jumin_num,phone,mgr_emp_no
        from employee
;
REM INSERTING into KING.BOOKING
SET DEFINE OFF;
Insert into KING.BOOKING (BOOKING_NO,STADIUM_NO,BOOKING_DATE,TIME_SLOT,M_NO) values (1,14,to_date('24/05/20','RR/MM/DD'),1,35);
Insert into KING.BOOKING (BOOKING_NO,STADIUM_NO,BOOKING_DATE,TIME_SLOT,M_NO) values (3,13,to_date('24/05/20','RR/MM/DD'),2,30);
Insert into KING.BOOKING (BOOKING_NO,STADIUM_NO,BOOKING_DATE,TIME_SLOT,M_NO) values (2,13,to_date('24/05/20','RR/MM/DD'),1,35);
Insert into KING.BOOKING (BOOKING_NO,STADIUM_NO,BOOKING_DATE,TIME_SLOT,M_NO) values (4,14,to_date('24/05/19','RR/MM/DD'),2,35);
Insert into KING.BOOKING (BOOKING_NO,STADIUM_NO,BOOKING_DATE,TIME_SLOT,M_NO) values (5,14,to_date('24/05/20','RR/MM/DD'),2,2);
Insert into KING.BOOKING (BOOKING_NO,STADIUM_NO,BOOKING_DATE,TIME_SLOT,M_NO) values (6,14,to_date('24/05/20','RR/MM/DD'),4,42);
Insert into KING.BOOKING (BOOKING_NO,STADIUM_NO,BOOKING_DATE,TIME_SLOT,M_NO) values (7,13,to_date('24/05/21','RR/MM/DD'),1,35);
Insert into KING.BOOKING (BOOKING_NO,STADIUM_NO,BOOKING_DATE,TIME_SLOT,M_NO) values (8,13,to_date('24/05/21','RR/MM/DD'),2,2);
Insert into KING.BOOKING (BOOKING_NO,STADIUM_NO,BOOKING_DATE,TIME_SLOT,M_NO) values (9,15,to_date('24/06/28','RR/MM/DD'),6,40);
Insert into KING.BOOKING (BOOKING_NO,STADIUM_NO,BOOKING_DATE,TIME_SLOT,M_NO) values (10,2,to_date('24/07/04','RR/MM/DD'),8,40);
Insert into KING.BOOKING (BOOKING_NO,STADIUM_NO,BOOKING_DATE,TIME_SLOT,M_NO) values (11,9,to_date('24/06/03','RR/MM/DD'),8,42);
Insert into KING.BOOKING (BOOKING_NO,STADIUM_NO,BOOKING_DATE,TIME_SLOT,M_NO) values (12,6,to_date('24/05/21','RR/MM/DD'),1,45);
Insert into KING.BOOKING (BOOKING_NO,STADIUM_NO,BOOKING_DATE,TIME_SLOT,M_NO) values (13,6,to_date('24/05/21','RR/MM/DD'),2,45);
Insert into KING.BOOKING (BOOKING_NO,STADIUM_NO,BOOKING_DATE,TIME_SLOT,M_NO) values (14,6,to_date('24/05/21','RR/MM/DD'),3,45);
Insert into KING.BOOKING (BOOKING_NO,STADIUM_NO,BOOKING_DATE,TIME_SLOT,M_NO) values (15,13,to_date('24/05/24','RR/MM/DD'),7,42);
Insert into KING.BOOKING (BOOKING_NO,STADIUM_NO,BOOKING_DATE,TIME_SLOT,M_NO) values (16,6,to_date('24/05/22','RR/MM/DD'),1,41);
Insert into KING.BOOKING (BOOKING_NO,STADIUM_NO,BOOKING_DATE,TIME_SLOT,M_NO) values (17,6,to_date('24/05/22','RR/MM/DD'),11,41);
Insert into KING.BOOKING (BOOKING_NO,STADIUM_NO,BOOKING_DATE,TIME_SLOT,M_NO) values (18,6,to_date('24/05/18','RR/MM/DD'),1,43);
Insert into KING.BOOKING (BOOKING_NO,STADIUM_NO,BOOKING_DATE,TIME_SLOT,M_NO) values (19,6,to_date('24/05/18','RR/MM/DD'),2,43);
Insert into KING.BOOKING (BOOKING_NO,STADIUM_NO,BOOKING_DATE,TIME_SLOT,M_NO) values (20,17,to_date('24/06/20','RR/MM/DD'),9,2);
Insert into KING.BOOKING (BOOKING_NO,STADIUM_NO,BOOKING_DATE,TIME_SLOT,M_NO) values (21,24,to_date('24/05/31','RR/MM/DD'),1,35);
Insert into KING.BOOKING (BOOKING_NO,STADIUM_NO,BOOKING_DATE,TIME_SLOT,M_NO) values (22,34,to_date('24/05/25','RR/MM/DD'),2,15);
Insert into KING.BOOKING (BOOKING_NO,STADIUM_NO,BOOKING_DATE,TIME_SLOT,M_NO) values (23,4,to_date('24/05/26','RR/MM/DD'),1,18);
Insert into KING.BOOKING (BOOKING_NO,STADIUM_NO,BOOKING_DATE,TIME_SLOT,M_NO) values (24,33,to_date('24/06/02','RR/MM/DD'),10,3);
Insert into KING.BOOKING (BOOKING_NO,STADIUM_NO,BOOKING_DATE,TIME_SLOT,M_NO) values (25,24,to_date('24/05/31','RR/MM/DD'),7,2);
Insert into KING.BOOKING (BOOKING_NO,STADIUM_NO,BOOKING_DATE,TIME_SLOT,M_NO) values (26,20,to_date('24/06/01','RR/MM/DD'),2,21);
Insert into KING.BOOKING (BOOKING_NO,STADIUM_NO,BOOKING_DATE,TIME_SLOT,M_NO) values (27,34,to_date('24/05/31','RR/MM/DD'),8,29);
Insert into KING.BOOKING (BOOKING_NO,STADIUM_NO,BOOKING_DATE,TIME_SLOT,M_NO) values (28,24,to_date('24/05/30','RR/MM/DD'),9,40);
Insert into KING.BOOKING (BOOKING_NO,STADIUM_NO,BOOKING_DATE,TIME_SLOT,M_NO) values (29,23,to_date('24/05/28','RR/MM/DD'),5,4);
Insert into KING.BOOKING (BOOKING_NO,STADIUM_NO,BOOKING_DATE,TIME_SLOT,M_NO) values (30,8,to_date('24/06/09','RR/MM/DD'),1,16);
Insert into KING.BOOKING (BOOKING_NO,STADIUM_NO,BOOKING_DATE,TIME_SLOT,M_NO) values (31,30,to_date('24/06/08','RR/MM/DD'),8,9);
Insert into KING.BOOKING (BOOKING_NO,STADIUM_NO,BOOKING_DATE,TIME_SLOT,M_NO) values (32,10,to_date('24/06/23','RR/MM/DD'),1,7);
Insert into KING.BOOKING (BOOKING_NO,STADIUM_NO,BOOKING_DATE,TIME_SLOT,M_NO) values (33,6,to_date('24/06/03','RR/MM/DD'),8,28);
Insert into KING.BOOKING (BOOKING_NO,STADIUM_NO,BOOKING_DATE,TIME_SLOT,M_NO) values (34,2,to_date('24/06/22','RR/MM/DD'),3,23);
Insert into KING.BOOKING (BOOKING_NO,STADIUM_NO,BOOKING_DATE,TIME_SLOT,M_NO) values (35,42,to_date('24/06/30','RR/MM/DD'),5,7);
Insert into KING.BOOKING (BOOKING_NO,STADIUM_NO,BOOKING_DATE,TIME_SLOT,M_NO) values (36,9,to_date('24/06/12','RR/MM/DD'),4,29);
Insert into KING.BOOKING (BOOKING_NO,STADIUM_NO,BOOKING_DATE,TIME_SLOT,M_NO) values (37,3,to_date('24/05/28','RR/MM/DD'),3,34);
Insert into KING.BOOKING (BOOKING_NO,STADIUM_NO,BOOKING_DATE,TIME_SLOT,M_NO) values (38,17,to_date('24/07/01','RR/MM/DD'),8,42);
Insert into KING.BOOKING (BOOKING_NO,STADIUM_NO,BOOKING_DATE,TIME_SLOT,M_NO) values (39,20,to_date('24/07/04','RR/MM/DD'),8,2);
Insert into KING.BOOKING (BOOKING_NO,STADIUM_NO,BOOKING_DATE,TIME_SLOT,M_NO) values (42,42,to_date('24/05/26','RR/MM/DD'),4,46);
Insert into KING.BOOKING (BOOKING_NO,STADIUM_NO,BOOKING_DATE,TIME_SLOT,M_NO) values (40,2,to_date('24/07/04','RR/MM/DD'),1,30);
Insert into KING.BOOKING (BOOKING_NO,STADIUM_NO,BOOKING_DATE,TIME_SLOT,M_NO) values (41,42,to_date('24/05/26','RR/MM/DD'),3,46);
Insert into KING.BOOKING (BOOKING_NO,STADIUM_NO,BOOKING_DATE,TIME_SLOT,M_NO) values (43,42,to_date('24/05/26','RR/MM/DD'),5,46);
Insert into KING.BOOKING (BOOKING_NO,STADIUM_NO,BOOKING_DATE,TIME_SLOT,M_NO) values (45,24,to_date('24/05/24','RR/MM/DD'),2,35);
Insert into KING.BOOKING (BOOKING_NO,STADIUM_NO,BOOKING_DATE,TIME_SLOT,M_NO) values (46,24,to_date('24/05/30','RR/MM/DD'),8,1);
Insert into KING.BOOKING (BOOKING_NO,STADIUM_NO,BOOKING_DATE,TIME_SLOT,M_NO) values (44,5,to_date('24/06/23','RR/MM/DD'),4,2);
Insert into KING.BOOKING (BOOKING_NO,STADIUM_NO,BOOKING_DATE,TIME_SLOT,M_NO) values (47,24,to_date('24/05/24','RR/MM/DD'),11,35);
Insert into KING.BOOKING (BOOKING_NO,STADIUM_NO,BOOKING_DATE,TIME_SLOT,M_NO) values (48,34,to_date('24/06/08','RR/MM/DD'),2,24);
Insert into KING.BOOKING (BOOKING_NO,STADIUM_NO,BOOKING_DATE,TIME_SLOT,M_NO) values (49,32,to_date('24/05/24','RR/MM/DD'),2,37);
Insert into KING.BOOKING (BOOKING_NO,STADIUM_NO,BOOKING_DATE,TIME_SLOT,M_NO) values (50,24,to_date('24/05/24','RR/MM/DD'),8,33);
Insert into KING.BOOKING (BOOKING_NO,STADIUM_NO,BOOKING_DATE,TIME_SLOT,M_NO) values (51,24,to_date('24/05/24','RR/MM/DD'),7,33);
Insert into KING.BOOKING (BOOKING_NO,STADIUM_NO,BOOKING_DATE,TIME_SLOT,M_NO) values (52,24,to_date('24/05/25','RR/MM/DD'),9,33);
Insert into KING.BOOKING (BOOKING_NO,STADIUM_NO,BOOKING_DATE,TIME_SLOT,M_NO) values (53,34,to_date('24/05/30','RR/MM/DD'),5,37);
Insert into KING.BOOKING (BOOKING_NO,STADIUM_NO,BOOKING_DATE,TIME_SLOT,M_NO) values (54,24,to_date('24/05/25','RR/MM/DD'),3,35);
Insert into KING.BOOKING (BOOKING_NO,STADIUM_NO,BOOKING_DATE,TIME_SLOT,M_NO) values (55,24,to_date('24/05/25','RR/MM/DD'),10,35);
Insert into KING.BOOKING (BOOKING_NO,STADIUM_NO,BOOKING_DATE,TIME_SLOT,M_NO) values (56,26,to_date('24/05/25','RR/MM/DD'),1,33);
Insert into KING.BOOKING (BOOKING_NO,STADIUM_NO,BOOKING_DATE,TIME_SLOT,M_NO) values (57,26,to_date('24/05/26','RR/MM/DD'),1,34);
Insert into KING.BOOKING (BOOKING_NO,STADIUM_NO,BOOKING_DATE,TIME_SLOT,M_NO) values (58,24,to_date('24/05/25','RR/MM/DD'),11,34);
Insert into KING.BOOKING (BOOKING_NO,STADIUM_NO,BOOKING_DATE,TIME_SLOT,M_NO) values (59,32,to_date('24/05/31','RR/MM/DD'),9,33);
Insert into KING.BOOKING (BOOKING_NO,STADIUM_NO,BOOKING_DATE,TIME_SLOT,M_NO) values (60,24,to_date('24/05/28','RR/MM/DD'),1,30);
Insert into KING.BOOKING (BOOKING_NO,STADIUM_NO,BOOKING_DATE,TIME_SLOT,M_NO) values (61,27,to_date('24/06/02','RR/MM/DD'),1,48);
Insert into KING.BOOKING (BOOKING_NO,STADIUM_NO,BOOKING_DATE,TIME_SLOT,M_NO) values (62,34,to_date('24/06/15','RR/MM/DD'),2,47);
Insert into KING.BOOKING (BOOKING_NO,STADIUM_NO,BOOKING_DATE,TIME_SLOT,M_NO) values (63,15,to_date('24/06/06','RR/MM/DD'),8,15);
Insert into KING.BOOKING (BOOKING_NO,STADIUM_NO,BOOKING_DATE,TIME_SLOT,M_NO) values (64,35,to_date('24/06/22','RR/MM/DD'),3,12);
Insert into KING.BOOKING (BOOKING_NO,STADIUM_NO,BOOKING_DATE,TIME_SLOT,M_NO) values (65,29,to_date('24/06/23','RR/MM/DD'),1,2);
Insert into KING.BOOKING (BOOKING_NO,STADIUM_NO,BOOKING_DATE,TIME_SLOT,M_NO) values (66,33,to_date('24/06/01','RR/MM/DD'),1,5);
Insert into KING.BOOKING (BOOKING_NO,STADIUM_NO,BOOKING_DATE,TIME_SLOT,M_NO) values (67,33,to_date('24/06/01','RR/MM/DD'),2,5);
Insert into KING.BOOKING (BOOKING_NO,STADIUM_NO,BOOKING_DATE,TIME_SLOT,M_NO) values (68,23,to_date('24/07/19','RR/MM/DD'),8,43);
Insert into KING.BOOKING (BOOKING_NO,STADIUM_NO,BOOKING_DATE,TIME_SLOT,M_NO) values (69,40,to_date('24/06/22','RR/MM/DD'),2,3);
Insert into KING.BOOKING (BOOKING_NO,STADIUM_NO,BOOKING_DATE,TIME_SLOT,M_NO) values (70,38,to_date('24/06/08','RR/MM/DD'),1,6);
Insert into KING.BOOKING (BOOKING_NO,STADIUM_NO,BOOKING_DATE,TIME_SLOT,M_NO) values (71,5,to_date('24/06/06','RR/MM/DD'),4,56);
Insert into KING.BOOKING (BOOKING_NO,STADIUM_NO,BOOKING_DATE,TIME_SLOT,M_NO) values (72,5,to_date('24/06/11','RR/MM/DD'),3,39);
Insert into KING.BOOKING (BOOKING_NO,STADIUM_NO,BOOKING_DATE,TIME_SLOT,M_NO) values (73,15,to_date('24/06/14','RR/MM/DD'),8,30);
Insert into KING.BOOKING (BOOKING_NO,STADIUM_NO,BOOKING_DATE,TIME_SLOT,M_NO) values (74,6,to_date('24/06/23','RR/MM/DD'),6,48);
Insert into KING.BOOKING (BOOKING_NO,STADIUM_NO,BOOKING_DATE,TIME_SLOT,M_NO) values (75,24,to_date('24/06/06','RR/MM/DD'),1,1);
Insert into KING.BOOKING (BOOKING_NO,STADIUM_NO,BOOKING_DATE,TIME_SLOT,M_NO) values (76,24,to_date('24/06/06','RR/MM/DD'),2,1);
Insert into KING.BOOKING (BOOKING_NO,STADIUM_NO,BOOKING_DATE,TIME_SLOT,M_NO) values (77,24,to_date('24/06/06','RR/MM/DD'),3,1);
Insert into KING.BOOKING (BOOKING_NO,STADIUM_NO,BOOKING_DATE,TIME_SLOT,M_NO) values (78,24,to_date('24/06/06','RR/MM/DD'),4,33);
Insert into KING.BOOKING (BOOKING_NO,STADIUM_NO,BOOKING_DATE,TIME_SLOT,M_NO) values (79,24,to_date('24/06/06','RR/MM/DD'),5,33);
Insert into KING.BOOKING (BOOKING_NO,STADIUM_NO,BOOKING_DATE,TIME_SLOT,M_NO) values (80,24,to_date('24/06/06','RR/MM/DD'),6,35);
Insert into KING.BOOKING (BOOKING_NO,STADIUM_NO,BOOKING_DATE,TIME_SLOT,M_NO) values (81,24,to_date('24/06/06','RR/MM/DD'),7,35);
Insert into KING.BOOKING (BOOKING_NO,STADIUM_NO,BOOKING_DATE,TIME_SLOT,M_NO) values (82,24,to_date('24/06/06','RR/MM/DD'),8,37);
Insert into KING.BOOKING (BOOKING_NO,STADIUM_NO,BOOKING_DATE,TIME_SLOT,M_NO) values (83,24,to_date('24/06/06','RR/MM/DD'),9,37);
Insert into KING.BOOKING (BOOKING_NO,STADIUM_NO,BOOKING_DATE,TIME_SLOT,M_NO) values (84,24,to_date('24/06/06','RR/MM/DD'),10,37);
Insert into KING.BOOKING (BOOKING_NO,STADIUM_NO,BOOKING_DATE,TIME_SLOT,M_NO) values (85,24,to_date('24/06/06','RR/MM/DD'),11,7);
REM INSERTING into KING.BUY
SET DEFINE OFF;
Insert into KING.BUY (BUY_NO,TITLE,WRITER,CONTENT,READCOUNT,REG_DATE) values (1,'타이틀01',1,'컨텐츠01',0,to_date('24/05/01','RR/MM/DD'));
Insert into KING.BUY (BUY_NO,TITLE,WRITER,CONTENT,READCOUNT,REG_DATE) values (2,'타이틀02',2,'컨텐츠02',0,to_date('24/05/01','RR/MM/DD'));
Insert into KING.BUY (BUY_NO,TITLE,WRITER,CONTENT,READCOUNT,REG_DATE) values (3,'타이틀03',3,'컨텐츠03',0,to_date('24/05/01','RR/MM/DD'));
Insert into KING.BUY (BUY_NO,TITLE,WRITER,CONTENT,READCOUNT,REG_DATE) values (4,'타이틀04',4,'컨텐츠04',0,to_date('24/05/01','RR/MM/DD'));
Insert into KING.BUY (BUY_NO,TITLE,WRITER,CONTENT,READCOUNT,REG_DATE) values (5,'타이틀05',5,'컨텐츠05',0,to_date('24/05/01','RR/MM/DD'));
Insert into KING.BUY (BUY_NO,TITLE,WRITER,CONTENT,READCOUNT,REG_DATE) values (6,'타이틀06',6,'컨텐츠06',0,to_date('24/05/01','RR/MM/DD'));
Insert into KING.BUY (BUY_NO,TITLE,WRITER,CONTENT,READCOUNT,REG_DATE) values (7,'타이틀07',7,'컨텐츠07',0,to_date('24/05/01','RR/MM/DD'));
Insert into KING.BUY (BUY_NO,TITLE,WRITER,CONTENT,READCOUNT,REG_DATE) values (8,'타이틀08',8,'컨텐츠08',0,to_date('24/05/01','RR/MM/DD'));
Insert into KING.BUY (BUY_NO,TITLE,WRITER,CONTENT,READCOUNT,REG_DATE) values (9,'타이틀09',9,'컨텐츠09',0,to_date('24/05/01','RR/MM/DD'));
Insert into KING.BUY (BUY_NO,TITLE,WRITER,CONTENT,READCOUNT,REG_DATE) values (10,'타이틀10',10,'컨텐츠10',0,to_date('24/05/01','RR/MM/DD'));
Insert into KING.BUY (BUY_NO,TITLE,WRITER,CONTENT,READCOUNT,REG_DATE) values (11,'타이틀11',11,'컨텐츠11',0,to_date('24/05/01','RR/MM/DD'));
Insert into KING.BUY (BUY_NO,TITLE,WRITER,CONTENT,READCOUNT,REG_DATE) values (12,'타이틀12',12,'컨텐츠12',0,to_date('24/05/01','RR/MM/DD'));
Insert into KING.BUY (BUY_NO,TITLE,WRITER,CONTENT,READCOUNT,REG_DATE) values (13,'타이틀13',13,'컨텐츠13',0,to_date('24/05/01','RR/MM/DD'));
Insert into KING.BUY (BUY_NO,TITLE,WRITER,CONTENT,READCOUNT,REG_DATE) values (14,'타이틀14',14,'컨텐츠14',0,to_date('24/05/01','RR/MM/DD'));
Insert into KING.BUY (BUY_NO,TITLE,WRITER,CONTENT,READCOUNT,REG_DATE) values (15,'타이틀15',15,'컨텐츠15',0,to_date('24/05/01','RR/MM/DD'));
Insert into KING.BUY (BUY_NO,TITLE,WRITER,CONTENT,READCOUNT,REG_DATE) values (16,'타이틀16',16,'컨텐츠16',0,to_date('24/05/01','RR/MM/DD'));
Insert into KING.BUY (BUY_NO,TITLE,WRITER,CONTENT,READCOUNT,REG_DATE) values (17,'타이틀17',17,'컨텐츠17',0,to_date('24/05/01','RR/MM/DD'));
Insert into KING.BUY (BUY_NO,TITLE,WRITER,CONTENT,READCOUNT,REG_DATE) values (18,'타이틀18',18,'컨텐츠18',0,to_date('24/05/01','RR/MM/DD'));
Insert into KING.BUY (BUY_NO,TITLE,WRITER,CONTENT,READCOUNT,REG_DATE) values (19,'타이틀19',19,'컨텐츠19',0,to_date('24/05/01','RR/MM/DD'));
Insert into KING.BUY (BUY_NO,TITLE,WRITER,CONTENT,READCOUNT,REG_DATE) values (20,'타이틀20',20,'컨텐츠20',0,to_date('24/05/01','RR/MM/DD'));
Insert into KING.BUY (BUY_NO,TITLE,WRITER,CONTENT,READCOUNT,REG_DATE) values (21,'타이틀21',21,'컨텐츠21',0,to_date('24/05/01','RR/MM/DD'));
Insert into KING.BUY (BUY_NO,TITLE,WRITER,CONTENT,READCOUNT,REG_DATE) values (22,'타이틀22',22,'컨텐츠22',0,to_date('24/05/01','RR/MM/DD'));
Insert into KING.BUY (BUY_NO,TITLE,WRITER,CONTENT,READCOUNT,REG_DATE) values (23,'타이틀23',23,'컨텐츠23',0,to_date('24/05/01','RR/MM/DD'));
Insert into KING.BUY (BUY_NO,TITLE,WRITER,CONTENT,READCOUNT,REG_DATE) values (24,'타이틀24',24,'컨텐츠24',0,to_date('24/05/01','RR/MM/DD'));
Insert into KING.BUY (BUY_NO,TITLE,WRITER,CONTENT,READCOUNT,REG_DATE) values (25,'타이틀25',25,'컨텐츠25',0,to_date('24/05/01','RR/MM/DD'));
Insert into KING.BUY (BUY_NO,TITLE,WRITER,CONTENT,READCOUNT,REG_DATE) values (26,'타이틀26',26,'컨텐츠26',0,to_date('24/05/01','RR/MM/DD'));
REM INSERTING into KING.CODE_RELIGION
SET DEFINE OFF;
Insert into KING.CODE_RELIGION (RELIGION_CODE,RELIGION_NAME) values (1,'기독교');
Insert into KING.CODE_RELIGION (RELIGION_CODE,RELIGION_NAME) values (2,'천주교');
Insert into KING.CODE_RELIGION (RELIGION_CODE,RELIGION_NAME) values (3,'불교');
Insert into KING.CODE_RELIGION (RELIGION_CODE,RELIGION_NAME) values (4,'이슬람');
Insert into KING.CODE_RELIGION (RELIGION_CODE,RELIGION_NAME) values (5,'무교');
REM INSERTING into KING.CODE_SCHOOL
SET DEFINE OFF;
Insert into KING.CODE_SCHOOL (SCHOOL_CODE,SCHOOL_NAME) values (1,'고졸');
Insert into KING.CODE_SCHOOL (SCHOOL_CODE,SCHOOL_NAME) values (2,'전문대졸');
Insert into KING.CODE_SCHOOL (SCHOOL_CODE,SCHOOL_NAME) values (3,'일반대졸');
REM INSERTING into KING.CODE_SKILL
SET DEFINE OFF;
Insert into KING.CODE_SKILL (SKILL_CODE,SKILL_NAME) values (1,'Java');
Insert into KING.CODE_SKILL (SKILL_CODE,SKILL_NAME) values (2,'JSP');
Insert into KING.CODE_SKILL (SKILL_CODE,SKILL_NAME) values (3,'ASP');
Insert into KING.CODE_SKILL (SKILL_CODE,SKILL_NAME) values (4,'PHP');
Insert into KING.CODE_SKILL (SKILL_CODE,SKILL_NAME) values (5,'Delphi');
REM INSERTING into KING.CUSTOMERSERVICE
SET DEFINE OFF;
Insert into KING.CUSTOMERSERVICE (CUSTOMERSERVICE_CATEGORYNO,CUSTOMERSERVICE_SUBJECT,CUSTOMERSERVICE_CONTENT) values (1,'회원가입은 어떻게 하나요?','회원가입은 홈페이지 우측 상단의 "회원가입" 버튼을 클릭하여 이메일 주소 및 비밀번호를 입력하고 가입 양식을 제출하면 됩니다.');
Insert into KING.CUSTOMERSERVICE (CUSTOMERSERVICE_CATEGORYNO,CUSTOMERSERVICE_SUBJECT,CUSTOMERSERVICE_CONTENT) values (1,'비밀번호를 잊어버렸어요. 어떻게 하면 되나요?','로그인 페이지에서 "회원정보찾기"를 클릭하여 정보를 입력해주시면 됩니다.');
Insert into KING.CUSTOMERSERVICE (CUSTOMERSERVICE_CATEGORYNO,CUSTOMERSERVICE_SUBJECT,CUSTOMERSERVICE_CONTENT) values (1,'계정을 삭제하려면 어떻게 해야 하나요?','계정 삭제를 원하실 경우 고객 서비스에 문의하여 삭제 절차를 안내받으세요.');
Insert into KING.CUSTOMERSERVICE (CUSTOMERSERVICE_CATEGORYNO,CUSTOMERSERVICE_SUBJECT,CUSTOMERSERVICE_CONTENT) values (1,'하나의 이메일로 여러 개의 게정을 만들 수 있나요?','아니요, 하나의 이메일로는 하나의 계정만 만들 수 있습니다.');
Insert into KING.CUSTOMERSERVICE (CUSTOMERSERVICE_CATEGORYNO,CUSTOMERSERVICE_SUBJECT,CUSTOMERSERVICE_CONTENT) values (1,'회원 정보를 수정하려면 어디에서 할 수 있나요?','마이페이지에서 개인 정보를 수정할 수 있습니다.');
Insert into KING.CUSTOMERSERVICE (CUSTOMERSERVICE_CATEGORYNO,CUSTOMERSERVICE_SUBJECT,CUSTOMERSERVICE_CONTENT) values (2,'경기 매칭은 어떻게 이루어지나요?','"매칭 찾기"에서 원하는 지역과 시간을 선택하신 후 원하는 경기를 선택하시면 매칭할 수 있습니다.');
Insert into KING.CUSTOMERSERVICE (CUSTOMERSERVICE_CATEGORYNO,CUSTOMERSERVICE_SUBJECT,CUSTOMERSERVICE_CONTENT) values (2,'매칭 조건을 변경할 수 있나요?','"매칭 찾기"에서 원하는 지역과 시간을 선택하여 원하는 매칭 조건을 찾으실 수 있습니다.');
Insert into KING.CUSTOMERSERVICE (CUSTOMERSERVICE_CATEGORYNO,CUSTOMERSERVICE_SUBJECT,CUSTOMERSERVICE_CONTENT) values (2,'매칭 결과를 어떻게 확인할 수 있나요?','마이페이지에서 해당 경기 결과와 세부적인 통계, 랭킹 자료를 확인하실 수 있습니다.');
Insert into KING.CUSTOMERSERVICE (CUSTOMERSERVICE_CATEGORYNO,CUSTOMERSERVICE_SUBJECT,CUSTOMERSERVICE_CONTENT) values (2,'이미 매칭된 상대방과의 경기를 취소할 수 있나요?','네, 매칭된 경기는 매칭 확인 페이지에서 취소할 수 있습니다. 다만, 취소 시 상대방에게 사정 통지하는 것을 권유드립니다.');
Insert into KING.CUSTOMERSERVICE (CUSTOMERSERVICE_CATEGORYNO,CUSTOMERSERVICE_SUBJECT,CUSTOMERSERVICE_CONTENT) values (2,'경기를 마친 후기를 작성할 수 있나요?','경기를 마친 후에는 매칭을 신청한 대표자가 경기 후기를 작성할 수 있습니다. 이를 통해 상대팀은 물론 용병의 평가를 할 수 있습니다.');
Insert into KING.CUSTOMERSERVICE (CUSTOMERSERVICE_CATEGORYNO,CUSTOMERSERVICE_SUBJECT,CUSTOMERSERVICE_CONTENT) values (3,'예약은 어떻게 하나요?','예약을 하려면 먼저 웹페이지에 가입한 뒤, 로그인 해야 합니다. 다음 사용 가능한 날짜와 시간을 확인하여 원하는 날짜와 시간을 선택한 후 예약을 완료하세요.');
Insert into KING.CUSTOMERSERVICE (CUSTOMERSERVICE_CATEGORYNO,CUSTOMERSERVICE_SUBJECT,CUSTOMERSERVICE_CONTENT) values (3,'예약이 정상적으로 완료되었는지 어떻게 확인할 수 있나요?','예약이 완료되면 마이페이지에서 예약 내역을 확인할 수 있습니다.');
Insert into KING.CUSTOMERSERVICE (CUSTOMERSERVICE_CATEGORYNO,CUSTOMERSERVICE_SUBJECT,CUSTOMERSERVICE_CONTENT) values (3,'예약을 변경하려면 어떻게 해야 하나요?','예약을 변경하려면 로그인 한 후 예약 목록에서 해당 예약을 선택하여 변경 요청을 제출하세요. 변경 가능한 날짜와 시간을 확인한 후 변경이 완료됩니다.');
Insert into KING.CUSTOMERSERVICE (CUSTOMERSERVICE_CATEGORYNO,CUSTOMERSERVICE_SUBJECT,CUSTOMERSERVICE_CONTENT) values (3,'예약을 취소하려면 어떻게 해야 하나요?','예약 취소 정책은 경기 예약 상황과 시간에 따라 다를 수 있습니다. 자세한 내용은 고객 서비스에 문의해주세요.');
Insert into KING.CUSTOMERSERVICE (CUSTOMERSERVICE_CATEGORYNO,CUSTOMERSERVICE_SUBJECT,CUSTOMERSERVICE_CONTENT) values (4,'서비스 이용 중 문제가 발생했어요. 어떻게 해결하죠?','문제가 발생했을 때는 고객 지원팀에 문의하여 신속하고 정확한 도움을 받을 수 있습니다.');
Insert into KING.CUSTOMERSERVICE (CUSTOMERSERVICE_CATEGORYNO,CUSTOMERSERVICE_SUBJECT,CUSTOMERSERVICE_CONTENT) values (4,'새로운 기능을 기능을 제안하고 싶어요. 어디에 의견을 보내면 되나요?','고객 의견은 저희에게 매우 소중합니다. 이메일이나 SNS를 통해 의견을 보내실 수 있습니다. 제안된 기능은 우선적으로 검토되고, 적절하다고 판단될 경우 서비스에 반영될 수 있습니다.');
Insert into KING.CUSTOMERSERVICE (CUSTOMERSERVICE_CATEGORYNO,CUSTOMERSERVICE_SUBJECT,CUSTOMERSERVICE_CONTENT) values (4,'새로운 업데이트나 기능 개선이 있을 때 어떻게 알 수 있나요?','새로운 업데이트나 기능 개선에 대한 소식은 공식 웹사이트 공지사항을 통해 확인하실 수 있습니다.');
Insert into KING.CUSTOMERSERVICE (CUSTOMERSERVICE_CATEGORYNO,CUSTOMERSERVICE_SUBJECT,CUSTOMERSERVICE_CONTENT) values (4,'서비스를 더 잘 활용하기 위한 자료는 어디에서 확인할 수 있나요?','추후 사용자들이 서비스를 더 효과적으로 활용할 수 있도록 다양한 자료를 추가할 예정입니다. 많은 관심 부탁드립니다.');
Insert into KING.CUSTOMERSERVICE (CUSTOMERSERVICE_CATEGORYNO,CUSTOMERSERVICE_SUBJECT,CUSTOMERSERVICE_CONTENT) values (5,'서비스 이용에 관한 약관은 어디에서 확인할 수 있나요?','서비스 이용에 관한 약관은 로그인 또는 회원가입 시 동의하셔야 합니다. 약관은 웹사이트의 이용 약관 페이지에서 언제든지 확인하실 수 있습니다.');
Insert into KING.CUSTOMERSERVICE (CUSTOMERSERVICE_CATEGORYNO,CUSTOMERSERVICE_SUBJECT,CUSTOMERSERVICE_CONTENT) values (5,'서비스와 소셜 미디어 계정을 연동할 수 있나요?','편리한 로그인 및 공유를 위해 추후 소셜 미디어 계정과 연동할 수 있는 서비스를 제공하고자 준비하고 있습니다.');
REM INSERTING into KING.CUSTOMERSERVICE_CATEGORY
SET DEFINE OFF;
Insert into KING.CUSTOMERSERVICE_CATEGORY (CUSTOMERSERVICE_CATEGORYNO,CUSTOMERSERVICE_CATEGORYNAME) values (1,'계정 및 회원가입');
Insert into KING.CUSTOMERSERVICE_CATEGORY (CUSTOMERSERVICE_CATEGORYNO,CUSTOMERSERVICE_CATEGORYNAME) values (2,'경기 매칭');
Insert into KING.CUSTOMERSERVICE_CATEGORY (CUSTOMERSERVICE_CATEGORYNO,CUSTOMERSERVICE_CATEGORYNAME) values (3,'예약');
Insert into KING.CUSTOMERSERVICE_CATEGORY (CUSTOMERSERVICE_CATEGORYNO,CUSTOMERSERVICE_CATEGORYNAME) values (4,'기술 지원');
Insert into KING.CUSTOMERSERVICE_CATEGORY (CUSTOMERSERVICE_CATEGORYNO,CUSTOMERSERVICE_CATEGORYNAME) values (5,'기타');
REM INSERTING into KING.DAY_OF_WEEK
SET DEFINE OFF;
Insert into KING.DAY_OF_WEEK (DAY_NO,DAY_NAME) values (1,'월');
Insert into KING.DAY_OF_WEEK (DAY_NO,DAY_NAME) values (2,'화');
Insert into KING.DAY_OF_WEEK (DAY_NO,DAY_NAME) values (3,'수');
Insert into KING.DAY_OF_WEEK (DAY_NO,DAY_NAME) values (4,'목');
Insert into KING.DAY_OF_WEEK (DAY_NO,DAY_NAME) values (5,'금');
Insert into KING.DAY_OF_WEEK (DAY_NO,DAY_NAME) values (6,'토');
Insert into KING.DAY_OF_WEEK (DAY_NO,DAY_NAME) values (7,'일');
REM INSERTING into KING.DEVELOPER
SET DEFINE OFF;
Insert into KING.DEVELOPER (DEVELOPER_NO,DEVELOPER_NAME,JUMIN_NO,SCHOOL_CODE,RELIGION_CODE,GRADUATE_DAY) values (1,'김다빈','980101-1111111',3,4,'2020-03-02');
Insert into KING.DEVELOPER (DEVELOPER_NO,DEVELOPER_NAME,JUMIN_NO,SCHOOL_CODE,RELIGION_CODE,GRADUATE_DAY) values (2,'왕재덕','980101-2222222',2,3,'2021-03-02');
Insert into KING.DEVELOPER (DEVELOPER_NO,DEVELOPER_NAME,JUMIN_NO,SCHOOL_CODE,RELIGION_CODE,GRADUATE_DAY) values (3,'왕다빈','980101-1333333',2,3,'2022-03-02');
Insert into KING.DEVELOPER (DEVELOPER_NO,DEVELOPER_NAME,JUMIN_NO,SCHOOL_CODE,RELIGION_CODE,GRADUATE_DAY) values (4,'김재덕','980101-1444444',3,1,'2023-03-02');
Insert into KING.DEVELOPER (DEVELOPER_NO,DEVELOPER_NAME,JUMIN_NO,SCHOOL_CODE,RELIGION_CODE,GRADUATE_DAY) values (5,'오재덕','980101-2555555',1,2,'2019-03-02');
Insert into KING.DEVELOPER (DEVELOPER_NO,DEVELOPER_NAME,JUMIN_NO,SCHOOL_CODE,RELIGION_CODE,GRADUATE_DAY) values (6,'박재덕','980101-2666666',1,2,'2017-03-02');
Insert into KING.DEVELOPER (DEVELOPER_NO,DEVELOPER_NAME,JUMIN_NO,SCHOOL_CODE,RELIGION_CODE,GRADUATE_DAY) values (7,'유재덕','980101-1777777',2,3,'2010-03-02');
Insert into KING.DEVELOPER (DEVELOPER_NO,DEVELOPER_NAME,JUMIN_NO,SCHOOL_CODE,RELIGION_CODE,GRADUATE_DAY) values (8,'고재덕','980101-1888888',3,1,'2017-03-02');
Insert into KING.DEVELOPER (DEVELOPER_NO,DEVELOPER_NAME,JUMIN_NO,SCHOOL_CODE,RELIGION_CODE,GRADUATE_DAY) values (9,'하재덕','980101-2999999',3,3,'2015-03-02');
REM INSERTING into KING.DEVELOPER_SKILL
SET DEFINE OFF;
Insert into KING.DEVELOPER_SKILL (DEVELOPER_SKILL_NO,DEVELOPER_NO,SKILL_CODE) values (1,1,2);
Insert into KING.DEVELOPER_SKILL (DEVELOPER_SKILL_NO,DEVELOPER_NO,SKILL_CODE) values (2,1,3);
Insert into KING.DEVELOPER_SKILL (DEVELOPER_SKILL_NO,DEVELOPER_NO,SKILL_CODE) values (3,1,4);
Insert into KING.DEVELOPER_SKILL (DEVELOPER_SKILL_NO,DEVELOPER_NO,SKILL_CODE) values (4,2,1);
Insert into KING.DEVELOPER_SKILL (DEVELOPER_SKILL_NO,DEVELOPER_NO,SKILL_CODE) values (5,2,3);
Insert into KING.DEVELOPER_SKILL (DEVELOPER_SKILL_NO,DEVELOPER_NO,SKILL_CODE) values (6,3,5);
Insert into KING.DEVELOPER_SKILL (DEVELOPER_SKILL_NO,DEVELOPER_NO,SKILL_CODE) values (7,4,3);
Insert into KING.DEVELOPER_SKILL (DEVELOPER_SKILL_NO,DEVELOPER_NO,SKILL_CODE) values (8,4,5);
Insert into KING.DEVELOPER_SKILL (DEVELOPER_SKILL_NO,DEVELOPER_NO,SKILL_CODE) values (9,5,1);
Insert into KING.DEVELOPER_SKILL (DEVELOPER_SKILL_NO,DEVELOPER_NO,SKILL_CODE) values (10,5,4);
Insert into KING.DEVELOPER_SKILL (DEVELOPER_SKILL_NO,DEVELOPER_NO,SKILL_CODE) values (11,6,2);
Insert into KING.DEVELOPER_SKILL (DEVELOPER_SKILL_NO,DEVELOPER_NO,SKILL_CODE) values (12,6,4);
Insert into KING.DEVELOPER_SKILL (DEVELOPER_SKILL_NO,DEVELOPER_NO,SKILL_CODE) values (13,7,5);
Insert into KING.DEVELOPER_SKILL (DEVELOPER_SKILL_NO,DEVELOPER_NO,SKILL_CODE) values (14,8,4);
Insert into KING.DEVELOPER_SKILL (DEVELOPER_SKILL_NO,DEVELOPER_NO,SKILL_CODE) values (15,8,5);
Insert into KING.DEVELOPER_SKILL (DEVELOPER_SKILL_NO,DEVELOPER_NO,SKILL_CODE) values (16,9,2);
Insert into KING.DEVELOPER_SKILL (DEVELOPER_SKILL_NO,DEVELOPER_NO,SKILL_CODE) values (17,9,5);
REM INSERTING into KING.FREEBOARD
SET DEFINE OFF;
Insert into KING.FREEBOARD (B_NO,SUBJECT,WRITER,CONTENT,REG_DATE,READCOUNT) values (2,'제목2',2,'콘텐츠22',to_date('24/05/03','RR/MM/DD'),11);
Insert into KING.FREEBOARD (B_NO,SUBJECT,WRITER,CONTENT,REG_DATE,READCOUNT) values (3,'제목32222',27,'콘텐츠27222',to_date('24/05/01','RR/MM/DD'),7);
Insert into KING.FREEBOARD (B_NO,SUBJECT,WRITER,CONTENT,REG_DATE,READCOUNT) values (4,'안녕1',27,'안녕하세요1',to_date('24/05/03','RR/MM/DD'),25);
Insert into KING.FREEBOARD (B_NO,SUBJECT,WRITER,CONTENT,REG_DATE,READCOUNT) values (25,'요즘 날씨 너무 좋지 않나요',18,'축구하기 너무 좋은 날씨 아닌가요?
수유에서 제일 잘 나가는 팀 <수유 FC>에서 같이 축구해요~ ^^',to_date('24/05/28','RR/MM/DD'),0);
Insert into KING.FREEBOARD (B_NO,SUBJECT,WRITER,CONTENT,REG_DATE,READCOUNT) values (6,'에이비씨',2,'에이비씨',to_date('24/05/04','RR/MM/DD'),24);
Insert into KING.FREEBOARD (B_NO,SUBJECT,WRITER,CONTENT,REG_DATE,READCOUNT) values (7,'유비 가입했어요~',2,'반갑습니다~',to_date('24/05/04','RR/MM/DD'),9);
Insert into KING.FREEBOARD (B_NO,SUBJECT,WRITER,CONTENT,REG_DATE,READCOUNT) values (8,'2',2,'2',to_date('24/05/04','RR/MM/DD'),26);
Insert into KING.FREEBOARD (B_NO,SUBJECT,WRITER,CONTENT,REG_DATE,READCOUNT) values (9,'남양주시민 김성일 감독 “팬들과 소통하는 팀 만들겠다”',2,'올해 창단한 남양주시민축구단(이하 남양주)의 초대 감독인 김성일 감독이 세운 목표는 팀을 팬들과 소통하는 클럽으로 만드는 것이다.

 

19일 남양주종합운동장에서 열린 2024 K4리그 9라운드에서 남양주가 당진에 4-2 완승을 거뒀다. 전반 20분 한정우의 골로 앞서간 남양주는 후반전 돌입 후 이종열, 노윤상, 신상휘가 한 골씩 보태 두 골 만회한 당진을 꺾고 승점 3점을 확보했다. 이로써 창단 두 번째 승리를 기록한 남양주(2승 2무 4패, 승점 8점)는 리그 9위에 오르며 중위권 도약의 발판을 마련했다.

 

경기 후 대한축구협회(KFA) 홈페이지와의 인터뷰에 응한 김성일 감독은 “창단 첫 해인 만큼 남양주시에서도 팀에 많은 관심을 가져준다. 덕분에 큰 힘을 받고 있고, 그저 90분 동안 열심히 뛰어준 선수들에게 고맙다”는 소감을 전했다.',to_date('24/05/04','RR/MM/DD'),12);
Insert into KING.FREEBOARD (B_NO,SUBJECT,WRITER,CONTENT,REG_DATE,READCOUNT) values (10,'여자 U-14 대표팀, 2024 한일교류전 참가',2,'여자 U-14 대표팀이 한일교류전을 통해 경쟁력을 강화한다.

 

이번 한일교류전은 6월 3일부터 7일까지 일본 오사카에서 열린다. 여자 U-14 대표팀은 5월 29일부터 6월 1일까지 창원축구센터에서 국내훈련을 소화한 뒤 6월 3일 일본으로 출국한다.

 

한일교류전 소집명단은 20명으로 구성됐다. 이 중 19명이 2010년생이며, 임지혜(울산현대청운중)가 유일한 2011년생이다. 대한축구협회(KFA) 이다영 전임지도자, 허정재 전임지도자, 문소리 전임지도자가 이번 일정 동안 여자 U-14 대표팀을 이끈다.

 

여자 U-14 대표팀은 일본 여자 U-14 대표팀과 두 차례 교류전을 치른다. 경기는 각각 6월 4일과 6일 오사카의 제이-그린 사카이(J-Green Sakai)에서 열린다. 

 

한일교류전은 양국의 우수 청소년 선수들이 경쟁을 통한 경기력 향상과 상호 교류 증진을 목적으로 진행된다. 대한체육회가 주관하고 문화체육관광부, 국민체육진흥공단의 재정후원을 통해 이뤄진다',to_date('24/05/04','RR/MM/DD'),36);
Insert into KING.FREEBOARD (B_NO,SUBJECT,WRITER,CONTENT,REG_DATE,READCOUNT) values (11,'축구국가대표팀 신규 마스코트 백호&프렌즈 공개',2,'대한축구협회가 22일 축구국가대표팀의 새로운 마스코트 ‘백호&프렌즈’를 공개했다.

 

백호&프렌즈는 ‘백호’, ‘진두’, ‘티키’, ‘타카’, ‘휘’까지 총 5종의 캐릭터로 구성됐다. 각각의 캐릭터는 스트라이커부터 멀티플레이어, 미드필더, 수비수, 골키퍼까지 서로 다른 포지션을 가지고 있다. 캐릭터 디자인은 백호, 진돗개, 반달가슴곰 등 팬들이 친숙하게 받아들일 수 있는 다양한 동물을 모티브로 했다.',to_date('24/05/11','RR/MM/DD'),30);
Insert into KING.FREEBOARD (B_NO,SUBJECT,WRITER,CONTENT,REG_DATE,READCOUNT) values (21,'패스마터 가입완료!',14,'CODING247 화이팅!',to_date('24/05/22','RR/MM/DD'),31);
Insert into KING.FREEBOARD (B_NO,SUBJECT,WRITER,CONTENT,REG_DATE,READCOUNT) values (17,'이동준-장종필 심판, K리그 300경기 출전',2,'이동준(41), 장종필(35) 심판이 K리그 300경기에 출전했다.  

이동준 주심은 지난 5일 수원종합운동장에서 열린 수원FC : 강원FC 경기에 주심으로 나서 K리그 통산 300경기 출전의 대기록을 작성했다.  지난 2008년 K리그 심판으로 데뷔해 올해로 17년차를 맞는 이동준 심판은 이로써 은퇴한 이상용 심판의 358경기에 이어 K리그 주심 역대 최다 출전 랭킹 2위에 오르게 됐다. 

장종필 부심은 지난 15일 광양에서 있었던 전남 드래곤즈 : 성남FC 경기를 통해 K리그 통산 300경기 출전을 기록했다.  2015년부터 K리그 심판으로 활동중인 장종필 부심은 현재 국제심판으로도 활약중이다.  

두 심판은 300경기 출전을 맞아 해당 경기 시작에 앞서 대한축구협회로부터 기념패를 받았다.  두 심판은 경기후 대한축구협회 홈페이지를 통해 간단히 소감을 밝혔다. ',to_date('24/05/22','RR/MM/DD'),9);
Insert into KING.FREEBOARD (B_NO,SUBJECT,WRITER,CONTENT,REG_DATE,READCOUNT) values (18,'6월 싱가포르, 중국전 임시 감독 체제로 - 김도훈 선',2,'대한축구협회는 오는 6월 열리는 북중미 월드컵 아시아 2차예선 두 경기를 임시 감독 체제로 치르기로 하고, 임시 사령탑에 김도훈(54) 전 울산HD 감독을 선임했다고 20일 발표했다. 대표팀은 6월 6일 싱가포르 원정경기에 이어, 11일 중국과 홈경기를 앞두고 있다. 

 

대한축구협회는 “국가대표팀 감독 선정을 위한 협상이 계속 진행되고 있어 6월 A매치 전까지 감독 선임이 마무리 되지 않을 가능성이 있다. 이 경우를 대비해 오늘(20일) 오전 국가대표 전력강화위원를 열어 이 문제를 논의했고, 그 결과 6월 두 경기를 맡을 임시 감독으로 김도훈 감독을 선임하기로 의견을 모았다”고 밝혔다.

 

선수 시절 스트라이커로 활약했던 김도훈 감독은 2005년 성남일화 코치를 시작으로 인천 유나이티드와 울산HD의 감독을 맡았고, 2021년부터 1년 여 라이언 시티(싱가포르)에서 지휘봉을 잡았다. 특히 2020년 울산HD를 AFC챔피언스리그 우승으로 이끌면서 지도력을 인정받았다. ',to_date('24/05/22','RR/MM/DD'),9);
Insert into KING.FREEBOARD (B_NO,SUBJECT,WRITER,CONTENT,REG_DATE,READCOUNT) values (19,'월드컵 2차 예선 국가대표팀 코치진 확정',2,'박건하(52) 전 수원삼성 감독이 수석 코치를 맡고, 최성용(48) 전 수원삼성 코치와 조용형(40) 대한축구협회 전임지도자가 코치로, 양영민(49) 골키퍼 코치, 이재홍(41), 정현규(37) 피지컬코치가 대표팀에 합류한다.',to_date('24/05/22','RR/MM/DD'),53);
Insert into KING.FREEBOARD (B_NO,SUBJECT,WRITER,CONTENT,REG_DATE,READCOUNT) values (20,'★자유게시판에 욕설 및 홍보 금지!★',1,'CODING247은 원활한 자유게시판을 위하며 욕설이나 개인적인 홍보는 금지합니다!',to_date('24/05/22','RR/MM/DD'),10);
Insert into KING.FREEBOARD (B_NO,SUBJECT,WRITER,CONTENT,REG_DATE,READCOUNT) values (22,'가입했습니다~!!',3,'잘부탁드려요!!!',to_date('24/05/24','RR/MM/DD'),41);
Insert into KING.FREEBOARD (B_NO,SUBJECT,WRITER,CONTENT,REG_DATE,READCOUNT) values (23,'안녕하세요',2,'반갑습니다',to_date('24/05/24','RR/MM/DD'),100);
Insert into KING.FREEBOARD (B_NO,SUBJECT,WRITER,CONTENT,REG_DATE,READCOUNT) values (24,'축구 레슨 받아보신 분들 계세요?',37,'완전 초보라 축구 레슨 받고 싶은데요.
구로구 근처에 잘 가르쳐 주시는 분 계실까요?
추천 부탁드려요~',to_date('24/05/24','RR/MM/DD'),235);
Insert into KING.FREEBOARD (B_NO,SUBJECT,WRITER,CONTENT,REG_DATE,READCOUNT) values (1,'제목1',1,'콘텐츠1',to_date('24/05/01','RR/MM/DD'),58);
Insert into KING.FREEBOARD (B_NO,SUBJECT,WRITER,CONTENT,REG_DATE,READCOUNT) values (26,'프로축구 인천, 울산과 고 유상철 명예감독 3주기 추모',28,'프로축구 인천 유나이티드가 울산과의 홈 경기에서 고(故) 유상철 명예감독의 3주기를 함께 기립니다.

인천은 "내일(29일) 인천축구전용경기장에서 열리는 하나은행 K리그1 2024 15라운드 홈 경기에서 울산과 함께 유 명예감독의 3주기를 맞을 것"이라고 밝혔습니다.

유 명예감독의 기일은 6월 7일로, 인천은 유 명예감독의 3주기를 열흘가량 앞두고 울산과 함께 추모의 시간을 갖습니다.

킥오프 전에는 전광판에 추모 영상을 띄웁니다.
출처 : SBS 뉴스 
원본 링크 : https://news.sbs.co.kr/news/endPage.do?news_id=N1007663515&plink=ORI&cooper=NAVER&plink=COPYPASTE&cooper=SBSNEWSEND',to_date('24/05/28','RR/MM/DD'),1);
Insert into KING.FREEBOARD (B_NO,SUBJECT,WRITER,CONTENT,REG_DATE,READCOUNT) values (27,'모델 김진경, 축구선수 김승규와 6월 17일 결혼',36,'28일 김진경 소속사 써브라임에 따르면 김진경과 김승규는 6월 17일 오후 서울 모처에서 결혼식을 올린다.',to_date('24/05/28','RR/MM/DD'),1);
Insert into KING.FREEBOARD (B_NO,SUBJECT,WRITER,CONTENT,REG_DATE,READCOUNT) values (28,'맨유 시즌 ''최악의 FW'', 정신 차렸나…''SNS 전격 탈퇴''→축구 올인',53,'맨체스터 유나이티드의 공격수 마커스 래시퍼드가 SNS를 잠정 중단할 생각이다. 팬들의 비판을 견디기 힘들었던 모양이다.

영국 매체 ''더선''은 28일(한국시간) "마커스 래시퍼드는 힘든 시즌을 보낸 후 몇 주 동안 SNS 활동을 중단할 것이라고 발표했다"며 "맨유 공격수는 ''X(옛 트위터)''의 게시물을 통해 자신의 결정을 공개했다"고 전했다.',to_date('24/05/28','RR/MM/DD'),0);
Insert into KING.FREEBOARD (B_NO,SUBJECT,WRITER,CONTENT,REG_DATE,READCOUNT) values (29,'제17회 양구 국토정중앙기 춘계전국대학동아리축구대회 결승전 시상식',82,'제17회 양구 국토정중앙기 춘계전국대학동아리축구대회 결승전 시상식이 28일 종합운동장에서 열렸다. 이번 대회에서 서울시립대가 우승을 차지하고, 고려대가 준우승을 했다.',to_date('24/05/28','RR/MM/DD'),1);
Insert into KING.FREEBOARD (B_NO,SUBJECT,WRITER,CONTENT,REG_DATE,READCOUNT) values (30,'카포 풋볼스토어 석촌점 같이 가실 분',23,'지나가면서 몇 번 봤는데 용품 다양하고 좋은 거 많더라고요.
같이 가서 구경하고 밥 한 끼 하실 분?',to_date('24/05/28','RR/MM/DD'),0);
Insert into KING.FREEBOARD (B_NO,SUBJECT,WRITER,CONTENT,REG_DATE,READCOUNT) values (31,'"싸우자는 겁니까"…프로축구연맹, 이정효 광주 감독 경위서 요청',56,'한국프로축구연맹이 28일 프로축구 K리그1 광주FC 구단에 이정효 광주 감독 기자회견 논란과 관련한 경위서를 요청했다.

이정효 감독은 지난 25일 인천축구전용구장에서 열린 인천 유나이티드와의 하나은행 K리그1 2024 14라운드 원정 경기에서 부적절한 언행으로 논란의 중심에 서 있다.',to_date('24/05/28','RR/MM/DD'),0);
Insert into KING.FREEBOARD (B_NO,SUBJECT,WRITER,CONTENT,REG_DATE,READCOUNT) values (32,'친구 선물 추천 받아요',50,'축구하는 친구한테 선물해주고 싶은데 축구 용품 뭐가 좋을까요
가격은 상관없고 선물해주면 잘 쓸 수 있는 걸로요!',to_date('24/05/28','RR/MM/DD'),1);
Insert into KING.FREEBOARD (B_NO,SUBJECT,WRITER,CONTENT,REG_DATE,READCOUNT) values (33,'상암 월드컵경기장 축구 용품, 유니폼 가격',97,'안녕하세요 내일 A매치 경기를 보러가려는데
공홈 구매는 너무 늦어져서 급한대로 기분이라도 낼겸
노점상앞에서 용품이나 유니폼 이미테이션으로라도 구매하고싶은데요
보통 가격대가 얼마정도씩 하는지 알수있을까요?',to_date('24/05/28','RR/MM/DD'),1);
Insert into KING.FREEBOARD (B_NO,SUBJECT,WRITER,CONTENT,REG_DATE,READCOUNT) values (34,'2026 월드컵 손흥민 출전가능성',44,'사실상 나이도 있고 윙어라는 포지션 때문에 에이징 커브가 올 법도 한데
여전한 기량을 뽐내는 월드클래스...
그래도 대부분의 사람들 생각은 2026은 힘들지 않을까 혹은 나와도 서브지 않을까 생각하는데
어떠신가요?
우리나라 선수층이 일본처럼 두터운 것도 아니고..
손흥민이 폼이 아무리 떨어져도 왠만한 국내리그 선수보다는 잘할 것 같은데

손흥민이 갑자기 폼이 떨어질 수가 있을지? 크게 부상을 당하지 않으면 2026 손흥민의 모습은 어떨까요?

1. 기량저하로 월드컵 채용 실패(낮은 확률..)
2. 기량저하로 월드컵 채용 but 벤치(한 20% 정도?)
3. 월드컵 주전(5~60%)
4. 몸관리를 잘해서 더 괴물이 되어 있다. (20%)',to_date('24/05/28','RR/MM/DD'),2);
Insert into KING.FREEBOARD (B_NO,SUBJECT,WRITER,CONTENT,REG_DATE,READCOUNT) values (35,'아디다스 아르헨티나 메시져지 희귀한 져지인가요?',27,'아디다스 아르헨티나 메시져지이고 시중에선 안팔리는거 같아서 중고매물로 사야될 거 같은데 희귀한 져지인지,한정판인지 아니면 그냥 지금은 안파는건지 즉 어떤 매물인지 궁금해요 아디다스 쪽을 잘 몰라서 잘 아는 고수님들께 질문드려봅니다!',to_date('24/05/28','RR/MM/DD'),2);
Insert into KING.FREEBOARD (B_NO,SUBJECT,WRITER,CONTENT,REG_DATE,READCOUNT) values (36,'호날두vs메시 누가 돈 더 많이 벌어요??',25,'친구랑 얘기하다가 
저는 호날두 친구는 메신데
축구실력이나 인성 이런거 다 제외하고 오로지 돈!
이번 사우디 이적료도 그렇고 호날두가 압도적아닌가요??
축구 연봉도 그렇고 그걸 떠나도 인스타나 광고료도 호날두가 메시보다 많이 버는걸로 아는데',to_date('24/05/28','RR/MM/DD'),0);
Insert into KING.FREEBOARD (B_NO,SUBJECT,WRITER,CONTENT,REG_DATE,READCOUNT) values (37,'질문대한민국 선수중에 제2의 호날두인 유망주나 선수 없나요',31,'제목 그대로 입니다 옛날이거나 요즘에 막 k 홀란드 이영준 선수처럼 k호날두 별명을 가진 한국 선수있나요?',to_date('24/05/28','RR/MM/DD'),0);
Insert into KING.FREEBOARD (B_NO,SUBJECT,WRITER,CONTENT,REG_DATE,READCOUNT) values (38,'분데스리가 보려면',51,'티빙 구독해야하는거 맞죠? 분데스 전경기 중계인가요 아니면 김민재 이재성 경기만 중계해주는건가요?',to_date('24/05/28','RR/MM/DD'),0);
Insert into KING.FREEBOARD (B_NO,SUBJECT,WRITER,CONTENT,REG_DATE,READCOUNT) values (39,'K리그1 유니폼 가격 순위',48,'2023시즌 기준으로 구단 별 유니폼 가격 순위입니다.

https://www.fmkorea.com/best/6371577645

',to_date('24/05/28','RR/MM/DD'),10);
REM INSERTING into KING.FREEBOARD_COMMENT
SET DEFINE OFF;
Insert into KING.FREEBOARD_COMMENT (COMMENT_NO,B_NO,NICK_NAME,CONTENT,GROUP_NO,PRINT_NO,PRINT_LEVEL,REG_DATE) values (3,21,'유비','3',1,2,2,to_date('24/05/23','RR/MM/DD'));
Insert into KING.FREEBOARD_COMMENT (COMMENT_NO,B_NO,NICK_NAME,CONTENT,GROUP_NO,PRINT_NO,PRINT_LEVEL,REG_DATE) values (4,21,'유비','4',1,3,3,to_date('24/05/23','RR/MM/DD'));
Insert into KING.FREEBOARD_COMMENT (COMMENT_NO,B_NO,NICK_NAME,CONTENT,GROUP_NO,PRINT_NO,PRINT_LEVEL,REG_DATE) values (5,21,'유비','5',1,4,4,to_date('24/05/23','RR/MM/DD'));
Insert into KING.FREEBOARD_COMMENT (COMMENT_NO,B_NO,NICK_NAME,CONTENT,GROUP_NO,PRINT_NO,PRINT_LEVEL,REG_DATE) values (6,21,'유비','6',1,5,5,to_date('24/05/23','RR/MM/DD'));
Insert into KING.FREEBOARD_COMMENT (COMMENT_NO,B_NO,NICK_NAME,CONTENT,GROUP_NO,PRINT_NO,PRINT_LEVEL,REG_DATE) values (7,22,'독산동독거미','반갑습니다!!!',7,0,0,to_date('24/05/24','RR/MM/DD'));
Insert into KING.FREEBOARD_COMMENT (COMMENT_NO,B_NO,NICK_NAME,CONTENT,GROUP_NO,PRINT_NO,PRINT_LEVEL,REG_DATE) values (8,22,'유비','잘부탁드립니다',8,0,0,to_date('24/05/24','RR/MM/DD'));
Insert into KING.FREEBOARD_COMMENT (COMMENT_NO,B_NO,NICK_NAME,CONTENT,GROUP_NO,PRINT_NO,PRINT_LEVEL,REG_DATE) values (9,22,'유비','독산동독거미다!',7,2,1,to_date('24/05/24','RR/MM/DD'));
Insert into KING.FREEBOARD_COMMENT (COMMENT_NO,B_NO,NICK_NAME,CONTENT,GROUP_NO,PRINT_NO,PRINT_LEVEL,REG_DATE) values (10,22,'괴물','반가워요',10,0,0,to_date('24/05/24','RR/MM/DD'));
Insert into KING.FREEBOARD_COMMENT (COMMENT_NO,B_NO,NICK_NAME,CONTENT,GROUP_NO,PRINT_NO,PRINT_LEVEL,REG_DATE) values (13,22,'정석의연석','아시는 분인가요?',7,3,2,to_date('24/05/24','RR/MM/DD'));
Insert into KING.FREEBOARD_COMMENT (COMMENT_NO,B_NO,NICK_NAME,CONTENT,GROUP_NO,PRINT_NO,PRINT_LEVEL,REG_DATE) values (14,22,'정석의연석','삭제된 댓글입니다.',7,1,1,to_date('24/05/24','RR/MM/DD'));
Insert into KING.FREEBOARD_COMMENT (COMMENT_NO,B_NO,NICK_NAME,CONTENT,GROUP_NO,PRINT_NO,PRINT_LEVEL,REG_DATE) values (47,39,'나는야왕다빈','dasdsa',47,0,0,to_date('24/06/03','RR/MM/DD'));
Insert into KING.FREEBOARD_COMMENT (COMMENT_NO,B_NO,NICK_NAME,CONTENT,GROUP_NO,PRINT_NO,PRINT_LEVEL,REG_DATE) values (15,22,'은지최','저도 뉴비예요~',15,0,0,to_date('24/05/24','RR/MM/DD'));
Insert into KING.FREEBOARD_COMMENT (COMMENT_NO,B_NO,NICK_NAME,CONTENT,GROUP_NO,PRINT_NO,PRINT_LEVEL,REG_DATE) values (11,22,'정석의연석','삭제된 댓글입니다.',11,0,0,to_date('24/05/24','RR/MM/DD'));
Insert into KING.FREEBOARD_COMMENT (COMMENT_NO,B_NO,NICK_NAME,CONTENT,GROUP_NO,PRINT_NO,PRINT_LEVEL,REG_DATE) values (12,22,'정석의연석','반갑습니다!',10,1,1,to_date('24/05/24','RR/MM/DD'));
Insert into KING.FREEBOARD_COMMENT (COMMENT_NO,B_NO,NICK_NAME,CONTENT,GROUP_NO,PRINT_NO,PRINT_LEVEL,REG_DATE) values (43,24,'유비','테스트',33,4,3,to_date('24/05/28','RR/MM/DD'));
Insert into KING.FREEBOARD_COMMENT (COMMENT_NO,B_NO,NICK_NAME,CONTENT,GROUP_NO,PRINT_NO,PRINT_LEVEL,REG_DATE) values (16,22,'슬기','저도 새로 가입했어요! 친하게 지내요~',16,0,0,to_date('24/05/24','RR/MM/DD'));
Insert into KING.FREEBOARD_COMMENT (COMMENT_NO,B_NO,NICK_NAME,CONTENT,GROUP_NO,PRINT_NO,PRINT_LEVEL,REG_DATE) values (19,23,'유비','삭제된 댓글입니다.',19,0,0,to_date('24/05/24','RR/MM/DD'));
Insert into KING.FREEBOARD_COMMENT (COMMENT_NO,B_NO,NICK_NAME,CONTENT,GROUP_NO,PRINT_NO,PRINT_LEVEL,REG_DATE) values (20,24,'관리자','1',20,0,0,to_date('24/05/24','RR/MM/DD'));
Insert into KING.FREEBOARD_COMMENT (COMMENT_NO,B_NO,NICK_NAME,CONTENT,GROUP_NO,PRINT_NO,PRINT_LEVEL,REG_DATE) values (21,24,'유비','테스트',20,1,1,to_date('24/05/24','RR/MM/DD'));
Insert into KING.FREEBOARD_COMMENT (COMMENT_NO,B_NO,NICK_NAME,CONTENT,GROUP_NO,PRINT_NO,PRINT_LEVEL,REG_DATE) values (22,24,'유비','23132456',22,0,0,to_date('24/05/24','RR/MM/DD'));
Insert into KING.FREEBOARD_COMMENT (COMMENT_NO,B_NO,NICK_NAME,CONTENT,GROUP_NO,PRINT_NO,PRINT_LEVEL,REG_DATE) values (23,24,'유비','65465465',23,0,0,to_date('24/05/24','RR/MM/DD'));
Insert into KING.FREEBOARD_COMMENT (COMMENT_NO,B_NO,NICK_NAME,CONTENT,GROUP_NO,PRINT_NO,PRINT_LEVEL,REG_DATE) values (24,24,'유비','354165413520',24,0,0,to_date('24/05/24','RR/MM/DD'));
Insert into KING.FREEBOARD_COMMENT (COMMENT_NO,B_NO,NICK_NAME,CONTENT,GROUP_NO,PRINT_NO,PRINT_LEVEL,REG_DATE) values (25,24,'유비','ㅠㅡㅠ',25,0,0,to_date('24/05/24','RR/MM/DD'));
Insert into KING.FREEBOARD_COMMENT (COMMENT_NO,B_NO,NICK_NAME,CONTENT,GROUP_NO,PRINT_NO,PRINT_LEVEL,REG_DATE) values (26,23,'유비','dsdsddsdada',26,0,0,to_date('24/05/24','RR/MM/DD'));
Insert into KING.FREEBOARD_COMMENT (COMMENT_NO,B_NO,NICK_NAME,CONTENT,GROUP_NO,PRINT_NO,PRINT_LEVEL,REG_DATE) values (27,23,'유비','sdasdddssaasd',27,0,0,to_date('24/05/24','RR/MM/DD'));
Insert into KING.FREEBOARD_COMMENT (COMMENT_NO,B_NO,NICK_NAME,CONTENT,GROUP_NO,PRINT_NO,PRINT_LEVEL,REG_DATE) values (28,23,'유비','삭제된 댓글입니다.',28,0,0,to_date('24/05/24','RR/MM/DD'));
Insert into KING.FREEBOARD_COMMENT (COMMENT_NO,B_NO,NICK_NAME,CONTENT,GROUP_NO,PRINT_NO,PRINT_LEVEL,REG_DATE) values (29,23,'유비','삭제된 댓글입니다.',28,1,1,to_date('24/05/24','RR/MM/DD'));
Insert into KING.FREEBOARD_COMMENT (COMMENT_NO,B_NO,NICK_NAME,CONTENT,GROUP_NO,PRINT_NO,PRINT_LEVEL,REG_DATE) values (30,23,'유비','삭제된 댓글입니다.',28,2,2,to_date('24/05/24','RR/MM/DD'));
Insert into KING.FREEBOARD_COMMENT (COMMENT_NO,B_NO,NICK_NAME,CONTENT,GROUP_NO,PRINT_NO,PRINT_LEVEL,REG_DATE) values (31,24,'유비','bvncvb',25,3,1,to_date('24/05/27','RR/MM/DD'));
Insert into KING.FREEBOARD_COMMENT (COMMENT_NO,B_NO,NICK_NAME,CONTENT,GROUP_NO,PRINT_NO,PRINT_LEVEL,REG_DATE) values (32,24,'유비','안녕',25,2,1,to_date('24/05/27','RR/MM/DD'));
Insert into KING.FREEBOARD_COMMENT (COMMENT_NO,B_NO,NICK_NAME,CONTENT,GROUP_NO,PRINT_NO,PRINT_LEVEL,REG_DATE) values (33,24,'유비','삭제된 댓글입니다.',33,0,0,to_date('24/05/27','RR/MM/DD'));
Insert into KING.FREEBOARD_COMMENT (COMMENT_NO,B_NO,NICK_NAME,CONTENT,GROUP_NO,PRINT_NO,PRINT_LEVEL,REG_DATE) values (34,24,'유비','ㅜㅠㅡㅠㅜㅡ',33,2,1,to_date('24/05/27','RR/MM/DD'));
Insert into KING.FREEBOARD_COMMENT (COMMENT_NO,B_NO,NICK_NAME,CONTENT,GROUP_NO,PRINT_NO,PRINT_LEVEL,REG_DATE) values (35,24,'유비','kjhkhjkhj',25,1,1,to_date('24/05/27','RR/MM/DD'));
Insert into KING.FREEBOARD_COMMENT (COMMENT_NO,B_NO,NICK_NAME,CONTENT,GROUP_NO,PRINT_NO,PRINT_LEVEL,REG_DATE) values (36,24,'유비','aqaa',33,1,1,to_date('24/05/27','RR/MM/DD'));
Insert into KING.FREEBOARD_COMMENT (COMMENT_NO,B_NO,NICK_NAME,CONTENT,GROUP_NO,PRINT_NO,PRINT_LEVEL,REG_DATE) values (37,24,'유비','안녕',37,0,0,to_date('24/05/27','RR/MM/DD'));
Insert into KING.FREEBOARD_COMMENT (COMMENT_NO,B_NO,NICK_NAME,CONTENT,GROUP_NO,PRINT_NO,PRINT_LEVEL,REG_DATE) values (38,24,'유비','답글 확인',38,0,0,to_date('24/05/27','RR/MM/DD'));
Insert into KING.FREEBOARD_COMMENT (COMMENT_NO,B_NO,NICK_NAME,CONTENT,GROUP_NO,PRINT_NO,PRINT_LEVEL,REG_DATE) values (39,24,'유비','aaa',39,0,0,to_date('24/05/27','RR/MM/DD'));
Insert into KING.FREEBOARD_COMMENT (COMMENT_NO,B_NO,NICK_NAME,CONTENT,GROUP_NO,PRINT_NO,PRINT_LEVEL,REG_DATE) values (40,24,'독산동독거미','하이',40,0,0,to_date('24/05/27','RR/MM/DD'));
Insert into KING.FREEBOARD_COMMENT (COMMENT_NO,B_NO,NICK_NAME,CONTENT,GROUP_NO,PRINT_NO,PRINT_LEVEL,REG_DATE) values (41,24,'유비','답글 확인',37,1,1,to_date('24/05/28','RR/MM/DD'));
Insert into KING.FREEBOARD_COMMENT (COMMENT_NO,B_NO,NICK_NAME,CONTENT,GROUP_NO,PRINT_NO,PRINT_LEVEL,REG_DATE) values (42,24,'유비','답답글',33,3,2,to_date('24/05/28','RR/MM/DD'));
Insert into KING.FREEBOARD_COMMENT (COMMENT_NO,B_NO,NICK_NAME,CONTENT,GROUP_NO,PRINT_NO,PRINT_LEVEL,REG_DATE) values (44,24,'유비','테스트2',33,5,4,to_date('24/05/28','RR/MM/DD'));
Insert into KING.FREEBOARD_COMMENT (COMMENT_NO,B_NO,NICK_NAME,CONTENT,GROUP_NO,PRINT_NO,PRINT_LEVEL,REG_DATE) values (45,24,'유비','61165',37,2,2,to_date('24/05/28','RR/MM/DD'));
Insert into KING.FREEBOARD_COMMENT (COMMENT_NO,B_NO,NICK_NAME,CONTENT,GROUP_NO,PRINT_NO,PRINT_LEVEL,REG_DATE) values (46,22,'고운','저도요 반가워요~',16,1,1,to_date('24/05/28','RR/MM/DD'));
Insert into KING.FREEBOARD_COMMENT (COMMENT_NO,B_NO,NICK_NAME,CONTENT,GROUP_NO,PRINT_NO,PRINT_LEVEL,REG_DATE) values (48,23,'나는야왕다빈','.',48,0,0,to_date('24/06/10','RR/MM/DD'));
Insert into KING.FREEBOARD_COMMENT (COMMENT_NO,B_NO,NICK_NAME,CONTENT,GROUP_NO,PRINT_NO,PRINT_LEVEL,REG_DATE) values (1,21,'유비','1',1,0,0,to_date('24/05/23','RR/MM/DD'));
Insert into KING.FREEBOARD_COMMENT (COMMENT_NO,B_NO,NICK_NAME,CONTENT,GROUP_NO,PRINT_NO,PRINT_LEVEL,REG_DATE) values (2,21,'유비','2',1,1,1,to_date('24/05/23','RR/MM/DD'));
REM INSERTING into KING.FREE_SHARING
SET DEFINE OFF;
Insert into KING.FREE_SHARING (FREE_SHARING_NO,SUBJECT,WRITER,CONTENT,READCOUNT,REG_DATE,IMAGENAME) values (30,'주장 완장 무료나눔합니다',2,'지역은 서울 가산디지털단지역 부근 직거래 할게요~',3,to_date('24/05/21','RR/MM/DD'),null);
Insert into KING.FREE_SHARING (FREE_SHARING_NO,SUBJECT,WRITER,CONTENT,READCOUNT,REG_DATE,IMAGENAME) values (31,'아디다스 트레이닝복 가져가요~',15,'사이즈 작아서 그냥 드릴게요~
지역은 금천구 입니다~',0,to_date('24/05/21','RR/MM/DD'),null);
Insert into KING.FREE_SHARING (FREE_SHARING_NO,SUBJECT,WRITER,CONTENT,READCOUNT,REG_DATE,IMAGENAME) values (32,'헤어밴드 무료나눔합니다',13,'부천쪽이고 오후에만 가능합니다~',2,to_date('24/05/21','RR/MM/DD'),null);
Insert into KING.FREE_SHARING (FREE_SHARING_NO,SUBJECT,WRITER,CONTENT,READCOUNT,REG_DATE,IMAGENAME) values (33,'미즈나 축구장갑 10회 착용!',18,'독산역쪽 오후7시 이후 가능합니다!',3,to_date('24/05/21','RR/MM/DD'),null);
Insert into KING.FREE_SHARING (FREE_SHARING_NO,SUBJECT,WRITER,CONTENT,READCOUNT,REG_DATE,IMAGENAME) values (34,'모렐리아 네오4 재팬 265 흰색',10,'선착순!
            ',10,to_date('24/05/24','RR/MM/DD'),'freesharingimg_34.jpg');
Insert into KING.FREE_SHARING (FREE_SHARING_NO,SUBJECT,WRITER,CONTENT,READCOUNT,REG_DATE,IMAGENAME) values (35,'나이키 팬텀 풋살화 275mm 판매',3,'날강도 유니폼 태우기 전에 가져가세요
            ',3,to_date('24/05/24','RR/MM/DD'),'freesharingimg_35.jpg');
Insert into KING.FREE_SHARING (FREE_SHARING_NO,SUBJECT,WRITER,CONTENT,READCOUNT,REG_DATE,IMAGENAME) values (36,'나이키 머큐리얼 신가드',9,'메시가 좋아요 하는 사람 
키카 축구공 무료나눔합니다!
            ',7,to_date('24/05/24','RR/MM/DD'),null);
Insert into KING.FREE_SHARING (FREE_SHARING_NO,SUBJECT,WRITER,CONTENT,READCOUNT,REG_DATE,IMAGENAME) values (37,'나이키 머큐리얼 슈퍼플라이 5 CR7 260',45,'손흥민이 친동생이라서 뿌리는중
            ',7,to_date('24/05/24','RR/MM/DD'),'freesharingimg_37.jpg');
Insert into KING.FREE_SHARING (FREE_SHARING_NO,SUBJECT,WRITER,CONTENT,READCOUNT,REG_DATE,IMAGENAME) values (38,'축구 조끼 형광 10장 나눔합니다!',42,'나누요오오오
            ',15,to_date('24/05/24','RR/MM/DD'),'freesharingimg_38.jpg');
Insert into KING.FREE_SHARING (FREE_SHARING_NO,SUBJECT,WRITER,CONTENT,READCOUNT,REG_DATE,IMAGENAME) values (40,'낫소 4호볼 무료 나눔합니다!!',48,'서울 가산디지털단지역 부근에서 무료 나눔합니다!',1,to_date('24/05/28','RR/MM/DD'),null);
Insert into KING.FREE_SHARING (FREE_SHARING_NO,SUBJECT,WRITER,CONTENT,READCOUNT,REG_DATE,IMAGENAME) values (25,'팀 조끼 무료나눔 합니다',25,'10장 있습니다        ',6,to_date('24/05/10','RR/MM/DD'),null);
Insert into KING.FREE_SHARING (FREE_SHARING_NO,SUBJECT,WRITER,CONTENT,READCOUNT,REG_DATE,IMAGENAME) values (29,'축구화 상태 좋은 제품 무료 나눔',38,'축구화 상태 좋은 제품 무료 나눔합니다.
주소지 가까운 분들께 우선 나눔합니다.',6,to_date('24/05/21','RR/MM/DD'),null);
REM INSERTING into KING.FREE_SHARING_COMMENT
SET DEFINE OFF;
REM INSERTING into KING.HIREDBOARD_DAY
SET DEFINE OFF;
Insert into KING.HIREDBOARD_DAY (RECRUITMENT_NO,DAY) values (27,2);
Insert into KING.HIREDBOARD_DAY (RECRUITMENT_NO,DAY) values (3,3);
Insert into KING.HIREDBOARD_DAY (RECRUITMENT_NO,DAY) values (5,5);
Insert into KING.HIREDBOARD_DAY (RECRUITMENT_NO,DAY) values (19,2);
Insert into KING.HIREDBOARD_DAY (RECRUITMENT_NO,DAY) values (19,3);
Insert into KING.HIREDBOARD_DAY (RECRUITMENT_NO,DAY) values (25,3);
Insert into KING.HIREDBOARD_DAY (RECRUITMENT_NO,DAY) values (25,4);
Insert into KING.HIREDBOARD_DAY (RECRUITMENT_NO,DAY) values (18,3);
Insert into KING.HIREDBOARD_DAY (RECRUITMENT_NO,DAY) values (18,4);
Insert into KING.HIREDBOARD_DAY (RECRUITMENT_NO,DAY) values (26,6);
Insert into KING.HIREDBOARD_DAY (RECRUITMENT_NO,DAY) values (18,5);
Insert into KING.HIREDBOARD_DAY (RECRUITMENT_NO,DAY) values (22,5);
Insert into KING.HIREDBOARD_DAY (RECRUITMENT_NO,DAY) values (19,4);
Insert into KING.HIREDBOARD_DAY (RECRUITMENT_NO,DAY) values (19,5);
Insert into KING.HIREDBOARD_DAY (RECRUITMENT_NO,DAY) values (20,6);
Insert into KING.HIREDBOARD_DAY (RECRUITMENT_NO,DAY) values (21,7);
REM INSERTING into KING.HIREDBOARD_TIME
SET DEFINE OFF;
Insert into KING.HIREDBOARD_TIME (RECRUITMENT_NO,TIME) values (27,'오전');
Insert into KING.HIREDBOARD_TIME (RECRUITMENT_NO,TIME) values (3,'오후');
Insert into KING.HIREDBOARD_TIME (RECRUITMENT_NO,TIME) values (5,'새벽');
Insert into KING.HIREDBOARD_TIME (RECRUITMENT_NO,TIME) values (19,'야간');
Insert into KING.HIREDBOARD_TIME (RECRUITMENT_NO,TIME) values (19,'오전');
Insert into KING.HIREDBOARD_TIME (RECRUITMENT_NO,TIME) values (18,'오전');
Insert into KING.HIREDBOARD_TIME (RECRUITMENT_NO,TIME) values (18,'오후');
Insert into KING.HIREDBOARD_TIME (RECRUITMENT_NO,TIME) values (25,'새벽');
Insert into KING.HIREDBOARD_TIME (RECRUITMENT_NO,TIME) values (25,'오전');
Insert into KING.HIREDBOARD_TIME (RECRUITMENT_NO,TIME) values (25,'오후');
Insert into KING.HIREDBOARD_TIME (RECRUITMENT_NO,TIME) values (22,'야간');
Insert into KING.HIREDBOARD_TIME (RECRUITMENT_NO,TIME) values (26,'새벽');
Insert into KING.HIREDBOARD_TIME (RECRUITMENT_NO,TIME) values (19,'오후');
Insert into KING.HIREDBOARD_TIME (RECRUITMENT_NO,TIME) values (20,'새벽');
Insert into KING.HIREDBOARD_TIME (RECRUITMENT_NO,TIME) values (21,'오전');
REM INSERTING into KING.HIRED_RECRUITMENT
SET DEFINE OFF;
Insert into KING.HIRED_RECRUITMENT (RECRUITMENT_NO,TITLE,CONTENT,REG_DATE,SIDO,SIGUNGU,POS,NICKNAME,READCOUNT) values (27,'하루 용병 구합니다~','화요일 오전 키퍼한분 구해봐요~',to_date('24/05/30','RR/MM/DD'),2,28,'GK',29,9);
Insert into KING.HIRED_RECRUITMENT (RECRUITMENT_NO,TITLE,CONTENT,REG_DATE,SIDO,SIGUNGU,POS,NICKNAME,READCOUNT) values (3,'용병 구합니다','용병 모십니다',to_date('24/01/01','RR/MM/DD'),4,82,'CM',7,3);
Insert into KING.HIRED_RECRUITMENT (RECRUITMENT_NO,TITLE,CONTENT,REG_DATE,SIDO,SIGUNGU,POS,NICKNAME,READCOUNT) values (5,'용병 구합니다','용병 구함',to_date('24/01/01','RR/MM/DD'),6,100,'ST',9,3);
Insert into KING.HIRED_RECRUITMENT (RECRUITMENT_NO,TITLE,CONTENT,REG_DATE,SIDO,SIGUNGU,POS,NICKNAME,READCOUNT) values (18,'용병 모집합니다 오늘 당장 가능하신 분','오늘 당장 가능하신 분 계시면 연락 주세요',to_date('24/05/21','RR/MM/DD'),2,37,'CM',38,9);
Insert into KING.HIRED_RECRUITMENT (RECRUITMENT_NO,TITLE,CONTENT,REG_DATE,SIDO,SIGUNGU,POS,NICKNAME,READCOUNT) values (19,'용병 모집합니다요','용병 모집합니다',to_date('24/05/21','RR/MM/DD'),7,109,'GK',42,5);
Insert into KING.HIRED_RECRUITMENT (RECRUITMENT_NO,TITLE,CONTENT,REG_DATE,SIDO,SIGUNGU,POS,NICKNAME,READCOUNT) values (20,'5월25일(토) 해누리축구장 용병구합니다','매너 좋고 열심히 뛰는 용병 2명 구합니다!',to_date('24/05/21','RR/MM/DD'),9,145,'ST',3,4);
Insert into KING.HIRED_RECRUITMENT (RECRUITMENT_NO,TITLE,CONTENT,REG_DATE,SIDO,SIGUNGU,POS,NICKNAME,READCOUNT) values (21,'5월 26일 잠실보조경기장 GK구함','잠실 보조경기장 8-10 경기 
GK 1명 구합니다!
시간 약속은 필수입니다!',to_date('24/05/21','RR/MM/DD'),9,144,'GK',16,8);
Insert into KING.HIRED_RECRUITMENT (RECRUITMENT_NO,TITLE,CONTENT,REG_DATE,SIDO,SIGUNGU,POS,NICKNAME,READCOUNT) values (22,'5월 24일(금) 용병 구합니다!!','광명보조경기장 20-22시 용병3명 구합니다!
',to_date('24/05/21','RR/MM/DD'),2,21,'ST',4,13);
Insert into KING.HIRED_RECRUITMENT (RECRUITMENT_NO,TITLE,CONTENT,REG_DATE,SIDO,SIGUNGU,POS,NICKNAME,READCOUNT) values (25,'용병 모집합니다 공격 잘 하시는 분이요','금천구 주말 축구팀입니다.
공격 잘 하시는 용병 모셔요.',to_date('24/05/24','RR/MM/DD'),2,19,'CB',42,7);
Insert into KING.HIRED_RECRUITMENT (RECRUITMENT_NO,TITLE,CONTENT,REG_DATE,SIDO,SIGUNGU,POS,NICKNAME,READCOUNT) values (26,'06월 08일(토) 우장산 축구장 용병 구합니다!','수비 2명 구합니다! 약속 시간 잘지키고 못해도 열심히 하는 용병 구합니다!',to_date('24/05/27','RR/MM/DD'),9,130,'CB',2,32);
REM INSERTING into KING.IMAGEBOARD
SET DEFINE OFF;
Insert into KING.IMAGEBOARD (B_NO,SUBJECT,WRITER,CONTENT,REG_DATE,READCOUNT,IMAGENAME) values (1,'피카츄',1,'전기 포켓몬',to_date('24/05/14','RR/MM/DD'),4,'gallaryimage_1.jpg');
Insert into KING.IMAGEBOARD (B_NO,SUBJECT,WRITER,CONTENT,REG_DATE,READCOUNT,IMAGENAME) values (2,'파이리',2,'불꽃 포켓몬',to_date('24/05/14','RR/MM/DD'),12,'gallaryimage_2.jpg');
Insert into KING.IMAGEBOARD (B_NO,SUBJECT,WRITER,CONTENT,REG_DATE,READCOUNT,IMAGENAME) values (13,'안녕하세요 FC코스모입니다!',13,'잘부탁드립니다!',to_date('24/05/24','RR/MM/DD'),33,'gallaryimage_13.jpg');
Insert into KING.IMAGEBOARD (B_NO,SUBJECT,WRITER,CONTENT,REG_DATE,READCOUNT,IMAGENAME) values (3,'FC미아 입니다!',3,'풀 포켓몬',to_date('24/05/14','RR/MM/DD'),0,'gallaryimage_3.jpg');
Insert into KING.IMAGEBOARD (B_NO,SUBJECT,WRITER,CONTENT,REG_DATE,READCOUNT,IMAGENAME) values (4,'FC독산 화이팅!!',4,'물 포켓몬',to_date('24/05/24','RR/MM/DD'),74,'gallaryimage_4.jpg');
Insert into KING.IMAGEBOARD (B_NO,SUBJECT,WRITER,CONTENT,REG_DATE,READCOUNT,IMAGENAME) values (5,'FC불나방 입니다!',5,'벌레 포켓몬',to_date('24/05/24','RR/MM/DD'),13,'gallaryimage_5.jpg');
Insert into KING.IMAGEBOARD (B_NO,SUBJECT,WRITER,CONTENT,REG_DATE,READCOUNT,IMAGENAME) values (7,'안녕하세요! FC영등포 입니다!',7,'비행 포켓몬',to_date('24/05/24','RR/MM/DD'),12,'gallaryimage_7.jpg');
Insert into KING.IMAGEBOARD (B_NO,SUBJECT,WRITER,CONTENT,REG_DATE,READCOUNT,IMAGENAME) values (8,'안녕하십니까 축구연구회 입니다!',8,'비행 포켓몬',to_date('24/05/24','RR/MM/DD'),5,'gallaryimage_8.jpg');
Insert into KING.IMAGEBOARD (B_NO,SUBJECT,WRITER,CONTENT,REG_DATE,READCOUNT,IMAGENAME) values (9,'FC포켓몬스터 입니다!!! 화이팅!',9,'비행 포켓몬',to_date('24/05/24','RR/MM/DD'),7,'gallaryimage_9.jpg');
Insert into KING.IMAGEBOARD (B_NO,SUBJECT,WRITER,CONTENT,REG_DATE,READCOUNT,IMAGENAME) values (10,'FC어금니 잘부탁드립니다!',10,'반갑습니다! 앞으로 잘 부탁드립니다!!',to_date('24/05/28','RR/MM/DD'),16,'gallaryimage_10.jpg');
Insert into KING.IMAGEBOARD (B_NO,SUBJECT,WRITER,CONTENT,REG_DATE,READCOUNT,IMAGENAME) values (11,'안녕하세여~ FC미르 입니다!',11,'에스퍼 포켓몬',to_date('24/05/24','RR/MM/DD'),17,'gallaryimage_11.jpg');
REM INSERTING into KING.LESSONBOARD_DAY
SET DEFINE OFF;
Insert into KING.LESSONBOARD_DAY (RECRUITMENT_NO,DAY) values (1,1);
Insert into KING.LESSONBOARD_DAY (RECRUITMENT_NO,DAY) values (2,2);
Insert into KING.LESSONBOARD_DAY (RECRUITMENT_NO,DAY) values (3,3);
Insert into KING.LESSONBOARD_DAY (RECRUITMENT_NO,DAY) values (18,1);
Insert into KING.LESSONBOARD_DAY (RECRUITMENT_NO,DAY) values (19,1);
Insert into KING.LESSONBOARD_DAY (RECRUITMENT_NO,DAY) values (19,2);
Insert into KING.LESSONBOARD_DAY (RECRUITMENT_NO,DAY) values (16,6);
Insert into KING.LESSONBOARD_DAY (RECRUITMENT_NO,DAY) values (16,7);
Insert into KING.LESSONBOARD_DAY (RECRUITMENT_NO,DAY) values (17,1);
Insert into KING.LESSONBOARD_DAY (RECRUITMENT_NO,DAY) values (17,2);
Insert into KING.LESSONBOARD_DAY (RECRUITMENT_NO,DAY) values (19,3);
Insert into KING.LESSONBOARD_DAY (RECRUITMENT_NO,DAY) values (20,1);
Insert into KING.LESSONBOARD_DAY (RECRUITMENT_NO,DAY) values (20,2);
Insert into KING.LESSONBOARD_DAY (RECRUITMENT_NO,DAY) values (20,3);
Insert into KING.LESSONBOARD_DAY (RECRUITMENT_NO,DAY) values (7,1);
Insert into KING.LESSONBOARD_DAY (RECRUITMENT_NO,DAY) values (7,2);
Insert into KING.LESSONBOARD_DAY (RECRUITMENT_NO,DAY) values (20,4);
Insert into KING.LESSONBOARD_DAY (RECRUITMENT_NO,DAY) values (20,5);
Insert into KING.LESSONBOARD_DAY (RECRUITMENT_NO,DAY) values (10,6);
Insert into KING.LESSONBOARD_DAY (RECRUITMENT_NO,DAY) values (10,7);
Insert into KING.LESSONBOARD_DAY (RECRUITMENT_NO,DAY) values (7,3);
Insert into KING.LESSONBOARD_DAY (RECRUITMENT_NO,DAY) values (7,4);
Insert into KING.LESSONBOARD_DAY (RECRUITMENT_NO,DAY) values (7,5);
Insert into KING.LESSONBOARD_DAY (RECRUITMENT_NO,DAY) values (21,6);
REM INSERTING into KING.LESSONBOARD_TIME
SET DEFINE OFF;
Insert into KING.LESSONBOARD_TIME (RECRUITMENT_NO,TIME) values (1,'야간');
Insert into KING.LESSONBOARD_TIME (RECRUITMENT_NO,TIME) values (2,'오전');
Insert into KING.LESSONBOARD_TIME (RECRUITMENT_NO,TIME) values (3,'오후');
Insert into KING.LESSONBOARD_TIME (RECRUITMENT_NO,TIME) values (19,'오전');
Insert into KING.LESSONBOARD_TIME (RECRUITMENT_NO,TIME) values (19,'오후');
Insert into KING.LESSONBOARD_TIME (RECRUITMENT_NO,TIME) values (16,'오전');
Insert into KING.LESSONBOARD_TIME (RECRUITMENT_NO,TIME) values (17,'오전');
Insert into KING.LESSONBOARD_TIME (RECRUITMENT_NO,TIME) values (20,'야간');
Insert into KING.LESSONBOARD_TIME (RECRUITMENT_NO,TIME) values (20,'오후');
Insert into KING.LESSONBOARD_TIME (RECRUITMENT_NO,TIME) values (7,'새벽');
Insert into KING.LESSONBOARD_TIME (RECRUITMENT_NO,TIME) values (7,'야간');
Insert into KING.LESSONBOARD_TIME (RECRUITMENT_NO,TIME) values (10,'오전');
Insert into KING.LESSONBOARD_TIME (RECRUITMENT_NO,TIME) values (10,'오후');
Insert into KING.LESSONBOARD_TIME (RECRUITMENT_NO,TIME) values (7,'오전');
Insert into KING.LESSONBOARD_TIME (RECRUITMENT_NO,TIME) values (7,'오후');
Insert into KING.LESSONBOARD_TIME (RECRUITMENT_NO,TIME) values (21,'오전');
REM INSERTING into KING.LESSON_MEMBER
SET DEFINE OFF;
Insert into KING.LESSON_MEMBER (INSTRUCTOR,STUDENT) values (2,22);
Insert into KING.LESSON_MEMBER (INSTRUCTOR,STUDENT) values (2,29);
Insert into KING.LESSON_MEMBER (INSTRUCTOR,STUDENT) values (2,35);
Insert into KING.LESSON_MEMBER (INSTRUCTOR,STUDENT) values (34,33);
Insert into KING.LESSON_MEMBER (INSTRUCTOR,STUDENT) values (33,34);
Insert into KING.LESSON_MEMBER (INSTRUCTOR,STUDENT) values (2,4);
Insert into KING.LESSON_MEMBER (INSTRUCTOR,STUDENT) values (2,4);
Insert into KING.LESSON_MEMBER (INSTRUCTOR,STUDENT) values (2,4);
Insert into KING.LESSON_MEMBER (INSTRUCTOR,STUDENT) values (30,49);
REM INSERTING into KING.LESSON_RECRUITMENT
SET DEFINE OFF;
Insert into KING.LESSON_RECRUITMENT (RECRUITMENT_NO,TITLE,NICKNAME,CONTENT,REG_DATE,MONEY,SIDO,SIGUNGU,READCOUNT) values (1,'초등반 축구 레슨 모집합니다',1,'저학년 아이들 대상으로 축구 레슨 진행합니다.',to_date('24/05/17','RR/MM/DD'),'무료',2,20,2);
Insert into KING.LESSON_RECRUITMENT (RECRUITMENT_NO,TITLE,NICKNAME,CONTENT,REG_DATE,MONEY,SIDO,SIGUNGU,READCOUNT) values (2,'성인 평일반 축구 레슨 오픈',2,'초특가로 모십니다.',to_date('24/05/17','RR/MM/DD'),'유료',3,55,4);
Insert into KING.LESSON_RECRUITMENT (RECRUITMENT_NO,TITLE,NICKNAME,CONTENT,REG_DATE,MONEY,SIDO,SIGUNGU,READCOUNT) values (3,'서울 여의도역 성인 축구 레슨 모집합니다',3,'연락 주세요. 010-2323-3434',to_date('24/05/17','RR/MM/DD'),'무료',8,125,4);
Insert into KING.LESSON_RECRUITMENT (RECRUITMENT_NO,TITLE,NICKNAME,CONTENT,REG_DATE,MONEY,SIDO,SIGUNGU,READCOUNT) values (18,'개인 맞춤형 축구레슨 프로그램',45,'날짜: 2024-06-05
시간: 오전 7:00 - 오전 9:00
장소: 양천구 해누리체육공원
모집인원: 10명
가격: 무료',to_date('24/05/21','RR/MM/DD'),'무료',9,145,6);
Insert into KING.LESSON_RECRUITMENT (RECRUITMENT_NO,TITLE,NICKNAME,CONTENT,REG_DATE,MONEY,SIDO,SIGUNGU,READCOUNT) values (16,'어린이 축구교실 - 함께 뛰어요!',13,'날짜: 2024-06-03
시간: 오전 9:00 - 오전 11:00
장소: 잠실종합운동장
모집인원: 25명
가격: 30,000원',to_date('24/05/21','RR/MM/DD'),'유료',9,144,4);
Insert into KING.LESSON_RECRUITMENT (RECRUITMENT_NO,TITLE,NICKNAME,CONTENT,REG_DATE,MONEY,SIDO,SIGUNGU,READCOUNT) values (17,'실전 축구레슨 - 게임형 훈련!',24,'날짜: 2024-06-04
시간: 오후 5:00 - 오후 7:00
장소: 망우체육공원 축구장
모집인원: 18명
가격: 45,000원',to_date('24/05/21','RR/MM/DD'),'유료',9,151,8);
Insert into KING.LESSON_RECRUITMENT (RECRUITMENT_NO,TITLE,NICKNAME,CONTENT,REG_DATE,MONEY,SIDO,SIGUNGU,READCOUNT) values (7,' 주말 축구레슨으로 실력 업그레이드!',30,'레슨 모집합니다용',to_date('24/05/18','RR/MM/DD'),'유료',9,147,4);
Insert into KING.LESSON_RECRUITMENT (RECRUITMENT_NO,TITLE,NICKNAME,CONTENT,REG_DATE,MONEY,SIDO,SIGUNGU,READCOUNT) values (19,'여름방학 골키퍼 캠프 - 실력 향상!',6,'날짜: 2024-06-06
시간: 오전 10:00 - 오후 1:00
장소: 제주시 체육공원
모집인원: 3명
가격: 70,000원',to_date('24/05/21','RR/MM/DD'),'유료',14,204,2);
Insert into KING.LESSON_RECRUITMENT (RECRUITMENT_NO,TITLE,NICKNAME,CONTENT,REG_DATE,MONEY,SIDO,SIGUNGU,READCOUNT) values (10,'최고의 코치와 함께하는 축구레슨!',30,'6월 축구 레슨 모집합니다~',to_date('24/05/18','RR/MM/DD'),'무료',9,135,5);
Insert into KING.LESSON_RECRUITMENT (RECRUITMENT_NO,TITLE,NICKNAME,CONTENT,REG_DATE,MONEY,SIDO,SIGUNGU,READCOUNT) values (20,'주중 저녁 축구레슨 - 퇴근 후 운동!',15,'날짜: 2024-06-25
시간: 오후 7:00 - 오후 9:00
장소: 영등포공원
모집인원: 20명
가격: 55,000원',to_date('24/05/21','RR/MM/DD'),'유료',9,146,7);
Insert into KING.LESSON_RECRUITMENT (RECRUITMENT_NO,TITLE,NICKNAME,CONTENT,REG_DATE,MONEY,SIDO,SIGUNGU,READCOUNT) values (21,'무료 레슨 합니다!(선착순 10명)',2,'6월 15일(토) 10-12시 우장산 축구장에서 무료 레슨 합니다!
선착순 10명이고 축구를 처음 배우신분도 가능합니다!',to_date('24/05/27','RR/MM/DD'),'무료',9,130,32);
REM INSERTING into KING.MATCH
SET DEFINE OFF;
Insert into KING.MATCH (MATCH_NO,TITLE,WRITER,CONTENT,READCOUNT,REG_DATE,TIME_NO,DAY,STADIUM,TEAM_NO,CHECKING) values (3,'평일(목) 대전월드컵경기장 보조구장 매칭팀 구합니다',15,'평일(목) 야간 경기 상대팀 구합니다~
회사 동호회 팀이고 유니폼 색은 주황입니다!
실력은 하하 입니다
팀조끼 있고 매너있는 팀 구합니다~',26,to_date('24/05/27','RR/MM/DD'),8,'2024-06-06',15,6,'매칭대기중');
Insert into KING.MATCH (MATCH_NO,TITLE,WRITER,CONTENT,READCOUNT,REG_DATE,TIME_NO,DAY,STADIUM,TEAM_NO,CHECKING) values (4,'6월22일(토) 10-12 매너있는 상대팀 구합니다',12,'실력은 하하이고 선출 없습니다
유니폼 색은 남색이고 조끼 있습니다~
매너 좋고 실력 하하 상대팀 구합니다!',12,to_date('24/05/27','RR/MM/DD'),3,'2024-06-22',35,4,'매칭대기중');
Insert into KING.MATCH (MATCH_NO,TITLE,WRITER,CONTENT,READCOUNT,REG_DATE,TIME_NO,DAY,STADIUM,TEAM_NO,CHECKING) values (5,'중중 상대팀 구합니다!',43,'유니폼 파랑색이고 실력 중중입니다!!',33,to_date('24/05/27','RR/MM/DD'),1,'2024-06-23',29,11,'매칭대기중');
Insert into KING.MATCH (MATCH_NO,TITLE,WRITER,CONTENT,READCOUNT,REG_DATE,TIME_NO,DAY,STADIUM,TEAM_NO,CHECKING) values (11,'6월11일 동작구 노들나루공원 매치팀 찾습니다!',39,'실력은 중하입니다
팀 조끼 있는 팀으로 매칭 부탁드립니다!',2,to_date('24/05/28','RR/MM/DD'),3,'2024-06-11',5,9,'매칭대기중');
Insert into KING.MATCH (MATCH_NO,TITLE,WRITER,CONTENT,READCOUNT,REG_DATE,TIME_NO,DAY,STADIUM,TEAM_NO,CHECKING) values (12,'7월4일 06-08 어린이대공원 매치할 팀 구합니다',30,'실력 중하입니다

010-6478-1324로 연락 바랍니다!',4,to_date('24/05/28','RR/MM/DD'),1,'2024-07-04',2,6,'매칭대기중');
Insert into KING.MATCH (MATCH_NO,TITLE,WRITER,CONTENT,READCOUNT,REG_DATE,TIME_NO,DAY,STADIUM,TEAM_NO,CHECKING) values (13,'6/23 효창운동장 매치 팀 구합니다',48,'실력 상관없이 매너좋은팀 구합니다',6,to_date('24/05/28','RR/MM/DD'),6,'2024-06-23',6,14,'매칭대기중');
Insert into KING.MATCH (MATCH_NO,TITLE,WRITER,CONTENT,READCOUNT,REG_DATE,TIME_NO,DAY,STADIUM,TEAM_NO,CHECKING) values (14,'6월 12일 창원에서 게임 한판하실 팀 구합니다.',29,'저희팀 실력은 초보가 다수입니다.
',13,to_date('24/05/29','RR/MM/DD'),4,'2024-06-12',9,5,'매칭완료');
Insert into KING.MATCH (MATCH_NO,TITLE,WRITER,CONTENT,READCOUNT,REG_DATE,TIME_NO,DAY,STADIUM,TEAM_NO,CHECKING) values (1,'6월2일(일) 중하팀 찾습니다!',48,'실력보다 매너가 우선인 팀 찾습니다!!!',11,to_date('24/05/27','RR/MM/DD'),1,'2024-06-02',27,14,'매칭대기중');
Insert into KING.MATCH (MATCH_NO,TITLE,WRITER,CONTENT,READCOUNT,REG_DATE,TIME_NO,DAY,STADIUM,TEAM_NO,CHECKING) values (2,'김포종합운동장 중상팀 상대팀 구합니다',47,'선출 5명 있는 중상팀입니다!
팀 조끼 있고 심판은 2쿼터씩 봤으면 좋겠습니다.
매너 좋고 안다치고 재밌게 찰 수 있는팀 구합니다!',16,to_date('24/05/27','RR/MM/DD'),2,'2024-06-15',34,13,'매칭대기중');
Insert into KING.MATCH (MATCH_NO,TITLE,WRITER,CONTENT,READCOUNT,REG_DATE,TIME_NO,DAY,STADIUM,TEAM_NO,CHECKING) values (10,'노들마루공원 축구장 상대팀 구합니다',2,'2024-06-23(일) 동장구 노들나루공원 축구장 상대팀 구합니다

팀 유니폼색은 하늘색이고 실력은 중하 입니다.',51,to_date('24/05/27','RR/MM/DD'),4,'2024-06-23',5,7,'매칭완료');
Insert into KING.MATCH (MATCH_NO,TITLE,WRITER,CONTENT,READCOUNT,REG_DATE,TIME_NO,DAY,STADIUM,TEAM_NO,CHECKING) values (16,'테스트할게요.',2,'테스트',15,to_date('24/05/31','RR/MM/DD'),8,'2024-07-04',20,7,'매칭대기중');
REM INSERTING into KING.MATCH_DAY
SET DEFINE OFF;
Insert into KING.MATCH_DAY (MATCH_TEAM,VS_TEAM,TIME_NO,DAY,STADIUM) values (7,6,4,'2024-06-23',5);
Insert into KING.MATCH_DAY (MATCH_TEAM,VS_TEAM,TIME_NO,DAY,STADIUM) values (5,6,4,'2024-06-12',9);
Insert into KING.MATCH_DAY (MATCH_TEAM,VS_TEAM,TIME_NO,DAY,STADIUM) values (7,5,8,'2024-07-01',17);
REM INSERTING into KING.MEMBER
SET DEFINE OFF;
Insert into KING.MEMBER (M_NO,NAME,MID,PASSWORD,NICKNAME,EMAIL,BIRTHDATE,PHONE,GENDER,SIDO_ID,SIGUNGU_ID,DETAIL_ADDRESS,REG_DATE) values (1,'관리자','admin','12345','관리자','admin@example.com',to_date('90/01/01','RR/MM/DD'),'010-1234-5678','남       ',9,125,'서울시 강남구 역삼동 123-1',to_date('09/04/01','RR/MM/DD'));
Insert into KING.MEMBER (M_NO,NAME,MID,PASSWORD,NICKNAME,EMAIL,BIRTHDATE,PHONE,GENDER,SIDO_ID,SIGUNGU_ID,DETAIL_ADDRESS,REG_DATE) values (2,'유상철','abc123','12345','나는야왕다빈','kim123@example.com',to_date('63/05/05','RR/MM/DD'),'010-9876-5432','여       ',9,143,'경기도 수원시 팔달구 매산로 1',to_date('02/05/20','RR/MM/DD'));
Insert into KING.MEMBER (M_NO,NAME,MID,PASSWORD,NICKNAME,EMAIL,BIRTHDATE,PHONE,GENDER,SIDO_ID,SIGUNGU_ID,DETAIL_ADDRESS,REG_DATE) values (3,'이을용','lee123','12345','정석의연석','leeyl@example.com',to_date('74/08/21','RR/MM/DD'),'010-3030-4141','남       ',2,45,'전라남도 목포시 산정로 123',to_date('10/04/25','RR/MM/DD'));
Insert into KING.MEMBER (M_NO,NAME,MID,PASSWORD,NICKNAME,EMAIL,BIRTHDATE,PHONE,GENDER,SIDO_ID,SIGUNGU_ID,DETAIL_ADDRESS,REG_DATE) values (4,'이천수','park123','12345','독산동독거미','park123@example.com',to_date('61/07/20','RR/MM/DD'),'010-5555-6666','남       ',2,33,'인천시 연수구 도화동 1-2',to_date('05/04/25','RR/MM/DD'));
Insert into KING.MEMBER (M_NO,NAME,MID,PASSWORD,NICKNAME,EMAIL,BIRTHDATE,PHONE,GENDER,SIDO_ID,SIGUNGU_ID,DETAIL_ADDRESS,REG_DATE) values (5,'홍명보','choi123','12345','보스','hongmb@example.com',to_date('69/02/12','RR/MM/DD'),'010-3131-4242','남       ',1,1,'대구시 중구 동성로 222',to_date('09/05/20','RR/MM/DD'));
Insert into KING.MEMBER (M_NO,NAME,MID,PASSWORD,NICKNAME,EMAIL,BIRTHDATE,PHONE,GENDER,SIDO_ID,SIGUNGU_ID,DETAIL_ADDRESS,REG_DATE) values (6,'장미영','jang123','12345','인천거미손','jang123@example.com',to_date('97/12/25','RR/MM/DD'),'010-9999-0000','여       ',8,109,'경북 포항시 남구 대송동 2-3',to_date('12/04/25','RR/MM/DD'));
Insert into KING.MEMBER (M_NO,NAME,MID,PASSWORD,NICKNAME,EMAIL,BIRTHDATE,PHONE,GENDER,SIDO_ID,SIGUNGU_ID,DETAIL_ADDRESS,REG_DATE) values (7,'이상호','lee456','12345','영등포메시','lee456@example.com',to_date('85/09/03','RR/MM/DD'),'010-2222-3333','남       ',3,52,'부산시 동래구 온천동 123-5',to_date('00/04/25','RR/MM/DD'));
Insert into KING.MEMBER (M_NO,NAME,MID,PASSWORD,NICKNAME,EMAIL,BIRTHDATE,PHONE,GENDER,SIDO_ID,SIGUNGU_ID,DETAIL_ADDRESS,REG_DATE) values (8,'조소현','kim456','12345','소희','choso@example.com',to_date('88/06/24','RR/MM/DD'),'010-4444-5555','여       ',16,214,'충북 청주시 흥덕구 개신동 3-4',to_date('12/04/25','RR/MM/DD'));
Insert into KING.MEMBER (M_NO,NAME,MID,PASSWORD,NICKNAME,EMAIL,BIRTHDATE,PHONE,GENDER,SIDO_ID,SIGUNGU_ID,DETAIL_ADDRESS,REG_DATE) values (9,'구자철','park456','12345','고운메시','kujch@example.com',to_date('89/02/27','RR/MM/DD'),'010-1010-2020','남       ',5,91,'대구시 수성구 만촌동 4-5',to_date('00/04/25','RR/MM/DD'));
Insert into KING.MEMBER (M_NO,NAME,MID,PASSWORD,NICKNAME,EMAIL,BIRTHDATE,PHONE,GENDER,SIDO_ID,SIGUNGU_ID,DETAIL_ADDRESS,REG_DATE) values (10,'김효건','lee789','12345','효라드','lee789@example.com',to_date('95/12/01','RR/MM/DD'),'010-8888-9999','남       ',6,98,'경북 경산시 하양읍 5-6',to_date('00/04/25','RR/MM/DD'));
Insert into KING.MEMBER (M_NO,NAME,MID,PASSWORD,NICKNAME,EMAIL,BIRTHDATE,PHONE,GENDER,SIDO_ID,SIGUNGU_ID,DETAIL_ADDRESS,REG_DATE) values (11,'김혜영','kim789','12345','빛나는 혜영','kimhy@example.com',to_date('91/09/12','RR/MM/DD'),'010-1212-3434','여       ',15,205,'전남 나주시 다도면 6-7',to_date('12/04/25','RR/MM/DD'));
Insert into KING.MEMBER (M_NO,NAME,MID,PASSWORD,NICKNAME,EMAIL,BIRTHDATE,PHONE,GENDER,SIDO_ID,SIGUNGU_ID,DETAIL_ADDRESS,REG_DATE) values (12,'조성환','park789','12345','깡패','choseongh@example.com',to_date('92/06/30','RR/MM/DD'),'010-3434-4545','남       ',10,154,'강원 춘천시 사직동 7-8',to_date('00/04/25','RR/MM/DD'));
Insert into KING.MEMBER (M_NO,NAME,MID,PASSWORD,NICKNAME,EMAIL,BIRTHDATE,PHONE,GENDER,SIDO_ID,SIGUNGU_ID,DETAIL_ADDRESS,REG_DATE) values (13,'왕재덕','kim901','12345','왕모씨아들','baeksh@example.com',to_date('97/03/17','RR/MM/DD'),'010-3622-4784','남       ',13,190,'전북 전주시 완산구 효자동 8-9',to_date('12/04/25','RR/MM/DD'));
Insert into KING.MEMBER (M_NO,NAME,MID,PASSWORD,NICKNAME,EMAIL,BIRTHDATE,PHONE,GENDER,SIDO_ID,SIGUNGU_ID,DETAIL_ADDRESS,REG_DATE) values (14,'이동훈','lee012','12345','패스마스터','lee012@example.com',to_date('86/01/19','RR/MM/DD'),'010-2323-4545','여       ',14,198,'제주시 아라동 9-10',to_date('09/05/20','RR/MM/DD'));
Insert into KING.MEMBER (M_NO,NAME,MID,PASSWORD,NICKNAME,EMAIL,BIRTHDATE,PHONE,GENDER,SIDO_ID,SIGUNGU_ID,DETAIL_ADDRESS,REG_DATE) values (15,'최준규','choi012','12345','아트준규','choi012@example.com',to_date('93/08/13','RR/MM/DD'),'010-3434-5656','남       ',15,199,'충남 천안시 동남구 신방동 10-11',to_date('12/04/25','RR/MM/DD'));
Insert into KING.MEMBER (M_NO,NAME,MID,PASSWORD,NICKNAME,EMAIL,BIRTHDATE,PHONE,GENDER,SIDO_ID,SIGUNGU_ID,DETAIL_ADDRESS,REG_DATE) values (16,'김수진','kim012','12345','램파드','kim012@example.com',to_date('12/12/04','RR/MM/DD'),'010-4545-6767','여       ',10,149,'경북 포항시 북구 죽장동 11-12',to_date('09/05/20','RR/MM/DD'));
Insert into KING.MEMBER (M_NO,NAME,MID,PASSWORD,NICKNAME,EMAIL,BIRTHDATE,PHONE,GENDER,SIDO_ID,SIGUNGU_ID,DETAIL_ADDRESS,REG_DATE) values (17,'박준호','park345','12345','제라드','park345@example.com',to_date('14/03/26','RR/MM/DD'),'010-5656-7878','남       ',1,3,'서울시 강동구 천호동 12-13',to_date('09/05/20','RR/MM/DD'));
Insert into KING.MEMBER (M_NO,NAME,MID,PASSWORD,NICKNAME,EMAIL,BIRTHDATE,PHONE,GENDER,SIDO_ID,SIGUNGU_ID,DETAIL_ADDRESS,REG_DATE) values (18,'이정훈','lee345','12345','다다빈빈','lee345@example.com',to_date('97/02/09','RR/MM/DD'),'010-6767-8989','남       ',2,20,'인천시 연수구 송도동 13-14',to_date('09/05/20','RR/MM/DD'));
Insert into KING.MEMBER (M_NO,NAME,MID,PASSWORD,NICKNAME,EMAIL,BIRTHDATE,PHONE,GENDER,SIDO_ID,SIGUNGU_ID,DETAIL_ADDRESS,REG_DATE) values (19,'권하늘','kim345','12345','하늘','kim345@example.com',to_date('90/04/26','RR/MM/DD'),'010-7878-9090','여       ',3,57,'부산시 남구 대연동 14-15',to_date('09/05/20','RR/MM/DD'));
Insert into KING.MEMBER (M_NO,NAME,MID,PASSWORD,NICKNAME,EMAIL,BIRTHDATE,PHONE,GENDER,SIDO_ID,SIGUNGU_ID,DETAIL_ADDRESS,REG_DATE) values (20,'박은선','choi345','12345','은선박','parkes@example.com',to_date('86/12/25','RR/MM/DD'),'010-8989-0101','남       ',4,76,'제주도 제주시 애월로 123',to_date('09/05/20','RR/MM/DD'));
Insert into KING.MEMBER (M_NO,NAME,MID,PASSWORD,NICKNAME,EMAIL,BIRTHDATE,PHONE,GENDER,SIDO_ID,SIGUNGU_ID,DETAIL_ADDRESS,REG_DATE) values (21,'김효건','lee567','12345','후디아빠','jisoyeon@example.com',to_date('91/02/21','RR/MM/DD'),'010-4718-3960','남       ',5,93,'대구시 달서구 진천동 16-17',to_date('09/05/20','RR/MM/DD'));
Insert into KING.MEMBER (M_NO,NAME,MID,PASSWORD,NICKNAME,EMAIL,BIRTHDATE,PHONE,GENDER,SIDO_ID,SIGUNGU_ID,DETAIL_ADDRESS,REG_DATE) values (22,'김다빈','park567','12345','철벽','park567@example.com',to_date('91/01/31','RR/MM/DD'),'010-1212-2323','남       ',6,96,'경북 경주시 교동 17-18',to_date('09/05/20','RR/MM/DD'));
Insert into KING.MEMBER (M_NO,NAME,MID,PASSWORD,NICKNAME,EMAIL,BIRTHDATE,PHONE,GENDER,SIDO_ID,SIGUNGU_ID,DETAIL_ADDRESS,REG_DATE) values (23,'정대세','kim567','12345','축신','kim567@example.com',to_date('98/03/02','RR/MM/DD'),'010-2323-3434','남       ',9,136,'광주시 광산구 송정동 18-19',to_date('00/04/25','RR/MM/DD'));
Insert into KING.MEMBER (M_NO,NAME,MID,PASSWORD,NICKNAME,EMAIL,BIRTHDATE,PHONE,GENDER,SIDO_ID,SIGUNGU_ID,DETAIL_ADDRESS,REG_DATE) values (24,'김고운','choi567','12345','중원의지휘자','choi567@example.com',to_date('87/03/12','RR/MM/DD'),'010-3434-4546','여       ',8,110,'경기도 부천시 원미구 춘의동 19-20',to_date('00/04/25','RR/MM/DD'));
Insert into KING.MEMBER (M_NO,NAME,MID,PASSWORD,NICKNAME,EMAIL,BIRTHDATE,PHONE,GENDER,SIDO_ID,SIGUNGU_ID,DETAIL_ADDRESS,REG_DATE) values (25,'정승원','park678','12345','승원정','jeongsw@example.com',to_date('97/03/17','RR/MM/DD'),'010-4545-5656','여       ',9,126,'전북 군산시 중앙로 123',to_date('05/05/10','RR/MM/DD'));
Insert into KING.MEMBER (M_NO,NAME,MID,PASSWORD,NICKNAME,EMAIL,BIRTHDATE,PHONE,GENDER,SIDO_ID,SIGUNGU_ID,DETAIL_ADDRESS,REG_DATE) values (26,'황선홍','lee678','12345','선장','hwangsh@example.com',to_date('68/07/14','RR/MM/DD'),'010-5656-6768','남       ',10,154,'인천시 남동구 인주대로 333',to_date('05/05/10','RR/MM/DD'));
Insert into KING.MEMBER (M_NO,NAME,MID,PASSWORD,NICKNAME,EMAIL,BIRTHDATE,PHONE,GENDER,SIDO_ID,SIGUNGU_ID,DETAIL_ADDRESS,REG_DATE) values (27,'김문환','abcdef1','12345','차면들어가','del1@example.com',to_date('92/08/08','RR/MM/DD'),'010-1234-1234','남       ',13,199,'완주군 어딘가',to_date('99/04/25','RR/MM/DD'));
Insert into KING.MEMBER (M_NO,NAME,MID,PASSWORD,NICKNAME,EMAIL,BIRTHDATE,PHONE,GENDER,SIDO_ID,SIGUNGU_ID,DETAIL_ADDRESS,REG_DATE) values (28,'조영욱','zipgagosipda','12345','골문킬러','zipgagosipda@naver.com',to_date('99/02/05','RR/MM/DD'),'010-1548-4783','남       ',11,162,'서울시 강남구 테헤란로 123',to_date('05/05/10','RR/MM/DD'));
Insert into KING.MEMBER (M_NO,NAME,MID,PASSWORD,NICKNAME,EMAIL,BIRTHDATE,PHONE,GENDER,SIDO_ID,SIGUNGU_ID,DETAIL_ADDRESS,REG_DATE) values (29,'이청용','iloveteamjang','123456','블루드래곤즈','iloveteamjang@naver.com',to_date('88/07/02','RR/MM/DD'),'010-4951-5875','여       ',2,34,'전북 전주시 완산구 서원로 1010',to_date('02/05/20','RR/MM/DD'));
Insert into KING.MEMBER (M_NO,NAME,MID,PASSWORD,NICKNAME,EMAIL,BIRTHDATE,PHONE,GENDER,SIDO_ID,SIGUNGU_ID,DETAIL_ADDRESS,REG_DATE) values (30,'최은지','qwe123','12345','압박수비장인','choiej@example.com',to_date('75/03/03','RR/MM/DD'),'010-3362-4781','여       ',9,142,'충남 천안시 서북구 성정로 999',to_date('10/05/20','RR/MM/DD'));
Insert into KING.MEMBER (M_NO,NAME,MID,PASSWORD,NICKNAME,EMAIL,BIRTHDATE,PHONE,GENDER,SIDO_ID,SIGUNGU_ID,DETAIL_ADDRESS,REG_DATE) values (31,'김재덕','qwer123','12345','재덕모음','qwer123@naver.com',to_date('02/05/05','RR/MM/DD'),'010-9586-2174','남       ',15,220,'경남 창원시 성산구 창이대로 888',to_date('09/05/20','RR/MM/DD'));
Insert into KING.MEMBER (M_NO,NAME,MID,PASSWORD,NICKNAME,EMAIL,BIRTHDATE,PHONE,GENDER,SIDO_ID,SIGUNGU_ID,DETAIL_ADDRESS,REG_DATE) values (32,'김남구','aaaa111','12345','중원청소기','aaaa123@naver.com',to_date('75/11/30','RR/MM/DD'),'010-3301-8889','남       ',13,199,'서울시 서초구 반포대로 234',to_date('09/05/20','RR/MM/DD'));
Insert into KING.MEMBER (M_NO,NAME,MID,PASSWORD,NICKNAME,EMAIL,BIRTHDATE,PHONE,GENDER,SIDO_ID,SIGUNGU_ID,DETAIL_ADDRESS,REG_DATE) values (33,'이재성','aaa123','12345','중원의 지휘자','aaa123@example.com',to_date('92/08/10','RR/MM/DD'),'010-2881-0113','남       ',2,21,'경기도 수원시 영통구 광교로 777',to_date('09/05/20','RR/MM/DD'));
Insert into KING.MEMBER (M_NO,NAME,MID,PASSWORD,NICKNAME,EMAIL,BIRTHDATE,PHONE,GENDER,SIDO_ID,SIGUNGU_ID,DETAIL_ADDRESS,REG_DATE) values (34,'권창훈','bbb123','12345','왼발의 마법사','bbb123@example.com',to_date('73/05/03','RR/MM/DD'),'010-7777-9999','남       ',2,21,'울산시 남구 삼산로 666',to_date('10/05/20','RR/MM/DD'));
Insert into KING.MEMBER (M_NO,NAME,MID,PASSWORD,NICKNAME,EMAIL,BIRTHDATE,PHONE,GENDER,SIDO_ID,SIGUNGU_ID,DETAIL_ADDRESS,REG_DATE) values (35,'김신욱','zxc123','12345','신욱신','kimshinwook@example.com',to_date('88/04/14','RR/MM/DD'),'010-2000-3000','남       ',11,157,'대전시 유성구 대학로 555',to_date('09/05/20','RR/MM/DD'));
Insert into KING.MEMBER (M_NO,NAME,MID,PASSWORD,NICKNAME,EMAIL,BIRTHDATE,PHONE,GENDER,SIDO_ID,SIGUNGU_ID,DETAIL_ADDRESS,REG_DATE) values (36,'조현우','dsa123','12345','골문지기','awd@naver.com',to_date('13/06/01','RR/MM/DD'),'010-2345-6789','남       ',11,163,'광주시 서구 치평로 444',to_date('02/05/20','RR/MM/DD'));
Insert into KING.MEMBER (M_NO,NAME,MID,PASSWORD,NICKNAME,EMAIL,BIRTHDATE,PHONE,GENDER,SIDO_ID,SIGUNGU_ID,DETAIL_ADDRESS,REG_DATE) values (37,'이고운','asd123','12345','고운','asd123@naver.com',to_date('99/06/03','RR/MM/DD'),'010-3456-7890','여       ',2,30,'인천시 남동구 인주대로 333',to_date('02/05/20','RR/MM/DD'));
Insert into KING.MEMBER (M_NO,NAME,MID,PASSWORD,NICKNAME,EMAIL,BIRTHDATE,PHONE,GENDER,SIDO_ID,SIGUNGU_ID,DETAIL_ADDRESS,REG_DATE) values (38,'장슬기','hello123','12345','슬기','jangsk@example.com',to_date('94/05/05','RR/MM/DD'),'010-4567-8901','여       ',13,197,'강원 강릉시 경강로 987',to_date('10/05/21','RR/MM/DD'));
Insert into KING.MEMBER (M_NO,NAME,MID,PASSWORD,NICKNAME,EMAIL,BIRTHDATE,PHONE,GENDER,SIDO_ID,SIGUNGU_ID,DETAIL_ADDRESS,REG_DATE) values (39,'김진수','aaaaa','12345','진공청소기','jeonasdw@example.com',to_date('92/06/13','RR/MM/DD'),'010-5678-9012','여       ',2,21,'부산시 해운대구 해운대로 121',to_date('10/05/21','RR/MM/DD'));
Insert into KING.MEMBER (M_NO,NAME,MID,PASSWORD,NICKNAME,EMAIL,BIRTHDATE,PHONE,GENDER,SIDO_ID,SIGUNGU_ID,DETAIL_ADDRESS,REG_DATE) values (40,'정우영','iop123','12345','불사조','example@naver.com',to_date('13/12/14','RR/MM/DD'),'010-4444-7777','남       ',1,1,'경기도 수원시 팔달구 효원로 456',to_date('10/05/21','RR/MM/DD'));
Insert into KING.MEMBER (M_NO,NAME,MID,PASSWORD,NICKNAME,EMAIL,BIRTHDATE,PHONE,GENDER,SIDO_ID,SIGUNGU_ID,DETAIL_ADDRESS,REG_DATE) values (41,'황희찬','bbbbb','12345','황소','hwanghc@example.com',to_date('96/01/26','RR/MM/DD'),'010-6789-0123','여       ',1,1,'경기도 고양시 덕양구 화정로 987',to_date('15/05/21','RR/MM/DD'));
Insert into KING.MEMBER (M_NO,NAME,MID,PASSWORD,NICKNAME,EMAIL,BIRTHDATE,PHONE,GENDER,SIDO_ID,SIGUNGU_ID,DETAIL_ADDRESS,REG_DATE) values (42,'김민재','goun2','12345','괴물','goun2@naver.com',to_date('96/11/15','RR/MM/DD'),'010-7890-1234','여       ',2,35,'충남 천안시 서북구 충무로 321',to_date('15/05/21','RR/MM/DD'));
Insert into KING.MEMBER (M_NO,NAME,MID,PASSWORD,NICKNAME,EMAIL,BIRTHDATE,PHONE,GENDER,SIDO_ID,SIGUNGU_ID,DETAIL_ADDRESS,REG_DATE) values (43,'이강인','ccccc','12345','킹강인','leekm@example.com',to_date('01/02/19','RR/MM/DD'),'010-8901-2345','남       ',3,50,'경기도 안양시 동안구 호계로 987',to_date('15/05/21','RR/MM/DD'));
Insert into KING.MEMBER (M_NO,NAME,MID,PASSWORD,NICKNAME,EMAIL,BIRTHDATE,PHONE,GENDER,SIDO_ID,SIGUNGU_ID,DETAIL_ADDRESS,REG_DATE) values (44,'황의조','ddddd','12345','고요한 킬러','leegangin@example.com',to_date('92/08/28','RR/MM/DD'),'010-9012-3456','남       ',16,230,'전북 군산시 중앙로 123',to_date('02/05/20','RR/MM/DD'));
Insert into KING.MEMBER (M_NO,NAME,MID,PASSWORD,NICKNAME,EMAIL,BIRTHDATE,PHONE,GENDER,SIDO_ID,SIGUNGU_ID,DETAIL_ADDRESS,REG_DATE) values (45,'손흥민','eeeee','12345','손세이셔널','sonhm@example.com',to_date('92/07/08','RR/MM/DD'),'010-0123-4567','남       ',14,204,'충남 아산시 배방로 456',to_date('02/05/20','RR/MM/DD'));
Insert into KING.MEMBER (M_NO,NAME,MID,PASSWORD,NICKNAME,EMAIL,BIRTHDATE,PHONE,GENDER,SIDO_ID,SIGUNGU_ID,DETAIL_ADDRESS,REG_DATE) values (46,'손민흥','fffff','12345','손짱','sonzzang@example.com',to_date('07/07/07','RR/MM/DD'),'010-0123-4568','여       ',9,146,'서울시 영등포구 123-1',to_date('02/05/20','RR/MM/DD'));
Insert into KING.MEMBER (M_NO,NAME,MID,PASSWORD,NICKNAME,EMAIL,BIRTHDATE,PHONE,GENDER,SIDO_ID,SIGUNGU_ID,DETAIL_ADDRESS,REG_DATE) values (47,'뭉재덕','zxcv123','12345','재덕뭉','zxcv123@naver.com',to_date('13/06/06','RR/MM/DD'),'010-6060-8080','남       ',1,12,'인제군 어딘가',to_date('02/05/20','RR/MM/DD'));
Insert into KING.MEMBER (M_NO,NAME,MID,PASSWORD,NICKNAME,EMAIL,BIRTHDATE,PHONE,GENDER,SIDO_ID,SIGUNGU_ID,DETAIL_ADDRESS,REG_DATE) values (50,'테란일꾼','scv123','12345','테란일꾼','scv123@naver.com',to_date('99/06/01','RR/MM/DD'),'010-0606-0101','남       ',2,28,'부천시어딘가',to_date('10/05/27','RR/MM/DD'));
Insert into KING.MEMBER (M_NO,NAME,MID,PASSWORD,NICKNAME,EMAIL,BIRTHDATE,PHONE,GENDER,SIDO_ID,SIGUNGU_ID,DETAIL_ADDRESS,REG_DATE) values (48,'김민초','mincho','12345','민초','mincho123@gmail.com',to_date('99/12/31','RR/MM/DD'),'010-5566-4433','남       ',15,221,'태안 어딘가',to_date('20/02/22','RR/MM/DD'));
Insert into KING.MEMBER (M_NO,NAME,MID,PASSWORD,NICKNAME,EMAIL,BIRTHDATE,PHONE,GENDER,SIDO_ID,SIGUNGU_ID,DETAIL_ADDRESS,REG_DATE) values (49,'박초코','choco123','12345','초코','choco123@naver.com',to_date('98/12/31','RR/MM/DD'),'010-5566-8899','남       ',13,200,'임실군 어딘가',to_date('10/05/27','RR/MM/DD'));
Insert into KING.MEMBER (M_NO,NAME,MID,PASSWORD,NICKNAME,EMAIL,BIRTHDATE,PHONE,GENDER,SIDO_ID,SIGUNGU_ID,DETAIL_ADDRESS,REG_DATE) values (53,'김영수','alsk2934','12345','축구황제','alsk2934@naver.com',to_date('61/03/12','RR/MM/DD'),'010-1324-7894','남       ',8,125,'해운대로 5153',to_date('10/05/28','RR/MM/DD'));
Insert into KING.MEMBER (M_NO,NAME,MID,PASSWORD,NICKNAME,EMAIL,BIRTHDATE,PHONE,GENDER,SIDO_ID,SIGUNGU_ID,DETAIL_ADDRESS,REG_DATE) values (51,'김철수','cjftn','12345','축구왕','cjftn@naver.com',to_date('99/09/15','RR/MM/DD'),'010-8765-3242','남       ',9,127,'강남대로 123번길 56',to_date('10/05/28','RR/MM/DD'));
Insert into KING.MEMBER (M_NO,NAME,MID,PASSWORD,NICKNAME,EMAIL,BIRTHDATE,PHONE,GENDER,SIDO_ID,SIGUNGU_ID,DETAIL_ADDRESS,REG_DATE) values (52,'이영희','yunghee90','12345','하라','hara@naver.com',to_date('90/03/22','RR/MM/DD'),'010-9406-4523','여       ',2,30,'광교산로 67번길 2',to_date('10/05/28','RR/MM/DD'));
Insert into KING.MEMBER (M_NO,NAME,MID,PASSWORD,NICKNAME,EMAIL,BIRTHDATE,PHONE,GENDER,SIDO_ID,SIGUNGU_ID,DETAIL_ADDRESS,REG_DATE) values (54,'박민수','minsujjang','12345','민돌이','mindol2002@naver.com',to_date('02/11/05','RR/MM/DD'),'010-5378-3847','남       ',6,104,'동성로 24번길 12',to_date('10/05/28','RR/MM/DD'));
Insert into KING.MEMBER (M_NO,NAME,MID,PASSWORD,NICKNAME,EMAIL,BIRTHDATE,PHONE,GENDER,SIDO_ID,SIGUNGU_ID,DETAIL_ADDRESS,REG_DATE) values (55,'정영훈','soccerking','12345','사이온','sion@naver.com',to_date('73/03/21','RR/MM/DD'),'010-9847-4591','남       ',2,20,'경기도 과천시 부림로',to_date('10/05/28','RR/MM/DD'));
Insert into KING.MEMBER (M_NO,NAME,MID,PASSWORD,NICKNAME,EMAIL,BIRTHDATE,PHONE,GENDER,SIDO_ID,SIGUNGU_ID,DETAIL_ADDRESS,REG_DATE) values (56,'안은정','rigot','12345','유미르','youmir87@naver.com',to_date('87/08/12','RR/MM/DD'),'010-8126-3274','여       ',3,56,'진주성로 76번지1',to_date('10/05/28','RR/MM/DD'));
Insert into KING.MEMBER (M_NO,NAME,MID,PASSWORD,NICKNAME,EMAIL,BIRTHDATE,PHONE,GENDER,SIDO_ID,SIGUNGU_ID,DETAIL_ADDRESS,REG_DATE) values (57,'하시현','brica','12345','카자마아스카','brica@naver.com',to_date('53/02/11','RR/MM/DD'),'010-5311-2194','남       ',2,41,'잠방골길 8',to_date('10/05/28','RR/MM/DD'));
Insert into KING.MEMBER (M_NO,NAME,MID,PASSWORD,NICKNAME,EMAIL,BIRTHDATE,PHONE,GENDER,SIDO_ID,SIGUNGU_ID,DETAIL_ADDRESS,REG_DATE) values (58,'정태성','yamato','12345','야마토','yamato1953@gmail.com',to_date('53/02/15','RR/MM/DD'),'010-3532-1230','남       ',3,58,'마산합포구 구산면 안녕로 353',to_date('10/05/28','RR/MM/DD'));
Insert into KING.MEMBER (M_NO,NAME,MID,PASSWORD,NICKNAME,EMAIL,BIRTHDATE,PHONE,GENDER,SIDO_ID,SIGUNGU_ID,DETAIL_ADDRESS,REG_DATE) values (59,'권믿음','zsaut','12345','피오','pio8842@naver.com',to_date('78/12/14','RR/MM/DD'),'010-9124-7814','여       ',4,76,'일직면 돌고개길 15',to_date('10/05/28','RR/MM/DD'));
Insert into KING.MEMBER (M_NO,NAME,MID,PASSWORD,NICKNAME,EMAIL,BIRTHDATE,PHONE,GENDER,SIDO_ID,SIGUNGU_ID,DETAIL_ADDRESS,REG_DATE) values (60,'백건','barri','12345','레이븐','barri86@naver.com',to_date('86/02/07','RR/MM/DD'),'010-0246-1768','남       ',15,212,'연산면 임2길 22',to_date('10/05/28','RR/MM/DD'));
Insert into KING.MEMBER (M_NO,NAME,MID,PASSWORD,NICKNAME,EMAIL,BIRTHDATE,PHONE,GENDER,SIDO_ID,SIGUNGU_ID,DETAIL_ADDRESS,REG_DATE) values (61,'오철순','japina','12345','자피나','wanjang75@naver.com',to_date('75/09/29','RR/MM/DD'),'010-1759-0329','남       ',13,193,'완산구 장승배기로 82',to_date('10/05/28','RR/MM/DD'));
Insert into KING.MEMBER (M_NO,NAME,MID,PASSWORD,NICKNAME,EMAIL,BIRTHDATE,PHONE,GENDER,SIDO_ID,SIGUNGU_ID,DETAIL_ADDRESS,REG_DATE) values (62,'강정일','james','12345','벨리타','beryta09@naver.com',to_date('09/09/25','RR/MM/DD'),'010-2409-0902','남       ',13,195,'긴고랑로9길 19번지4',to_date('10/05/28','RR/MM/DD'));
Insert into KING.MEMBER (M_NO,NAME,MID,PASSWORD,NICKNAME,EMAIL,BIRTHDATE,PHONE,GENDER,SIDO_ID,SIGUNGU_ID,DETAIL_ADDRESS,REG_DATE) values (63,'윤우리','woori','12345','비파','wooriwoori@naver.com',to_date('99/01/20','RR/MM/DD'),'010-0299-3422','여       ',4,85,'청기면 창마을길 25',to_date('10/05/28','RR/MM/DD'));
Insert into KING.MEMBER (M_NO,NAME,MID,PASSWORD,NICKNAME,EMAIL,BIRTHDATE,PHONE,GENDER,SIDO_ID,SIGUNGU_ID,DETAIL_ADDRESS,REG_DATE) values (64,'하희철','haheechul','12345','신염','sinyeom@naver.com',to_date('36/09/11','RR/MM/DD'),'010-3991-1197','남       ',2,33,'보개면 보개원삼로 474번지78',to_date('15/05/28','RR/MM/DD'));
Insert into KING.MEMBER (M_NO,NAME,MID,PASSWORD,NICKNAME,EMAIL,BIRTHDATE,PHONE,GENDER,SIDO_ID,SIGUNGU_ID,DETAIL_ADDRESS,REG_DATE) values (65,'고재용','mangpok','12345','맹폭','mangpok77@naver.com',to_date('05/03/14','RR/MM/DD'),'010-5543-7721','남       ',1,1,'경강로2267번길 17',to_date('15/05/28','RR/MM/DD'));
Insert into KING.MEMBER (M_NO,NAME,MID,PASSWORD,NICKNAME,EMAIL,BIRTHDATE,PHONE,GENDER,SIDO_ID,SIGUNGU_ID,DETAIL_ADDRESS,REG_DATE) values (66,'신태웅','doiya','12345','스톱','chunin93@naver.com',to_date('93/10/23','RR/MM/DD'),'010-5598-8799','남       ',15,211,'인지면 방고개길 95번지7',to_date('15/05/28','RR/MM/DD'));
Insert into KING.MEMBER (M_NO,NAME,MID,PASSWORD,NICKNAME,EMAIL,BIRTHDATE,PHONE,GENDER,SIDO_ID,SIGUNGU_ID,DETAIL_ADDRESS,REG_DATE) values (67,'오달수','odalsu','12345','오달수','odalsu229@naver.com',to_date('11/08/05','RR/MM/DD'),'010-0564-3349','남       ',11,163,'청솔안로 39',to_date('15/05/28','RR/MM/DD'));
Insert into KING.MEMBER (M_NO,NAME,MID,PASSWORD,NICKNAME,EMAIL,BIRTHDATE,PHONE,GENDER,SIDO_ID,SIGUNGU_ID,DETAIL_ADDRESS,REG_DATE) values (68,'복종순','bokjong','12345','토르','bokjong19@naver.com',to_date('85/11/24','RR/MM/DD'),'010-9938-1134','남       ',2,26,'미금로20번길 48',to_date('15/05/28','RR/MM/DD'));
Insert into KING.MEMBER (M_NO,NAME,MID,PASSWORD,NICKNAME,EMAIL,BIRTHDATE,PHONE,GENDER,SIDO_ID,SIGUNGU_ID,DETAIL_ADDRESS,REG_DATE) values (69,'노병희','seolspace','12345','조나단','jonadan@naver.com',to_date('42/03/30','RR/MM/DD'),'010-9388-7742','남       ',9,146,'대림로22길 7',to_date('15/05/28','RR/MM/DD'));
Insert into KING.MEMBER (M_NO,NAME,MID,PASSWORD,NICKNAME,EMAIL,BIRTHDATE,PHONE,GENDER,SIDO_ID,SIGUNGU_ID,DETAIL_ADDRESS,REG_DATE) values (70,'안효기','injo17','12345','인조인간17호','anhoki@naver.com',to_date('63/05/25','RR/MM/DD'),'010-6621-0522','남       ',2,28,'부천로57번길 8',to_date('15/05/28','RR/MM/DD'));
Insert into KING.MEMBER (M_NO,NAME,MID,PASSWORD,NICKNAME,EMAIL,BIRTHDATE,PHONE,GENDER,SIDO_ID,SIGUNGU_ID,DETAIL_ADDRESS,REG_DATE) values (71,'송영호','amks9988','12345','송스타','amks9988@naver.com',to_date('58/06/29','RR/MM/DD'),'010-9475-1544','남       ',12,171,'여수대로333',to_date('15/05/28','RR/MM/DD'));
Insert into KING.MEMBER (M_NO,NAME,MID,PASSWORD,NICKNAME,EMAIL,BIRTHDATE,PHONE,GENDER,SIDO_ID,SIGUNGU_ID,DETAIL_ADDRESS,REG_DATE) values (72,'김순희','kimsun2614','12345','축구여왕','kimsun2614@naver.com',to_date('62/05/14','RR/MM/DD'),'010-6211-2614','여       ',1,5,'원주아이파크 아파트 105동 2305호',to_date('15/05/28','RR/MM/DD'));
Insert into KING.MEMBER (M_NO,NAME,MID,PASSWORD,NICKNAME,EMAIL,BIRTHDATE,PHONE,GENDER,SIDO_ID,SIGUNGU_ID,DETAIL_ADDRESS,REG_DATE) values (73,'송창현','lambo2','12345','람보','song2024@naver.com',to_date('55/01/28','RR/MM/DD'),'010-3994-1792','남       ',3,61,'고성읍 중앙로 126',to_date('15/05/28','RR/MM/DD'));
Insert into KING.MEMBER (M_NO,NAME,MID,PASSWORD,NICKNAME,EMAIL,BIRTHDATE,PHONE,GENDER,SIDO_ID,SIGUNGU_ID,DETAIL_ADDRESS,REG_DATE) values (74,'이정훈','jung2080','12345','대머리헤딩왕','jung2080@naver.com',to_date('75/09/11','RR/MM/DD'),'010-5147-2080','남       ',12,173,'고흥2차 아파트 203동 501호',to_date('15/05/28','RR/MM/DD'));
Insert into KING.MEMBER (M_NO,NAME,MID,PASSWORD,NICKNAME,EMAIL,BIRTHDATE,PHONE,GENDER,SIDO_ID,SIGUNGU_ID,DETAIL_ADDRESS,REG_DATE) values (75,'서인수','seoinsu','12345','백로','backro@naver.com',to_date('86/02/08','RR/MM/DD'),'010-8847-6643','남       ',8,119,'윤공단로18번길 14',to_date('15/05/28','RR/MM/DD'));
Insert into KING.MEMBER (M_NO,NAME,MID,PASSWORD,NICKNAME,EMAIL,BIRTHDATE,PHONE,GENDER,SIDO_ID,SIGUNGU_ID,DETAIL_ADDRESS,REG_DATE) values (76,'황호준','hwang67','12345','교장','hwang67@naver.com',to_date('67/12/14','RR/MM/DD'),'010-9938-7746','남       ',2,45,'향남읍 문언동길 59',to_date('15/05/28','RR/MM/DD'));
Insert into KING.MEMBER (M_NO,NAME,MID,PASSWORD,NICKNAME,EMAIL,BIRTHDATE,PHONE,GENDER,SIDO_ID,SIGUNGU_ID,DETAIL_ADDRESS,REG_DATE) values (77,'신동수','dongsuuu4848','12345','서귀포골잡이','dongsuuu4848@naver.com',to_date('62/06/17','RR/MM/DD'),'010-2655-4848','남       ',14,203,'서귀포로4866',to_date('15/05/28','RR/MM/DD'));
Insert into KING.MEMBER (M_NO,NAME,MID,PASSWORD,NICKNAME,EMAIL,BIRTHDATE,PHONE,GENDER,SIDO_ID,SIGUNGU_ID,DETAIL_ADDRESS,REG_DATE) values (78,'박한길','dragon','12345','익룡','dragon94@naver.com',to_date('94/10/06','RR/MM/DD'),'010-9344-1060','남       ',1,13,'임계면 석순동굴길 22',to_date('15/05/28','RR/MM/DD'));
Insert into KING.MEMBER (M_NO,NAME,MID,PASSWORD,NICKNAME,EMAIL,BIRTHDATE,PHONE,GENDER,SIDO_ID,SIGUNGU_ID,DETAIL_ADDRESS,REG_DATE) values (79,'박경자','rudwk1119','12345','남제주황금발','rudwk1119@naver.com',to_date('60/02/03','RR/MM/DD'),'010-2003-1119','여       ',14,205,'남제주로496',to_date('15/05/28','RR/MM/DD'));
Insert into KING.MEMBER (M_NO,NAME,MID,PASSWORD,NICKNAME,EMAIL,BIRTHDATE,PHONE,GENDER,SIDO_ID,SIGUNGU_ID,DETAIL_ADDRESS,REG_DATE) values (80,'안철','ancheol','12345','오르다','olda239@naver.com',to_date('08/10/15','RR/MM/DD'),'010-1255-8299','남       ',4,70,'남산면 대왕로 231',to_date('15/05/28','RR/MM/DD'));
Insert into KING.MEMBER (M_NO,NAME,MID,PASSWORD,NICKNAME,EMAIL,BIRTHDATE,PHONE,GENDER,SIDO_ID,SIGUNGU_ID,DETAIL_ADDRESS,REG_DATE) values (81,'오혁','moneyking','12345','돈왕','moneyking76@naver.com',to_date('76/10/19','RR/MM/DD'),'010-7991-2834','남       ',2,22,'상태길 101',to_date('15/05/28','RR/MM/DD'));
Insert into KING.MEMBER (M_NO,NAME,MID,PASSWORD,NICKNAME,EMAIL,BIRTHDATE,PHONE,GENDER,SIDO_ID,SIGUNGU_ID,DETAIL_ADDRESS,REG_DATE) values (82,'송영수','songys','12345','스위퍼','songys@example.com',to_date('79/02/14','RR/MM/DD'),'010-2364-4119','남       ',9,140,'서대문 빌라 105호',to_date('15/05/28','RR/MM/DD'));
Insert into KING.MEMBER (M_NO,NAME,MID,PASSWORD,NICKNAME,EMAIL,BIRTHDATE,PHONE,GENDER,SIDO_ID,SIGUNGU_ID,DETAIL_ADDRESS,REG_DATE) values (83,'표태연','zozia','12345','조지아','zozia77@naver.com',to_date('77/11/05','RR/MM/DD'),'010-7311-4553','남       ',3,51,'진영읍 진영산복로108번길',to_date('15/05/28','RR/MM/DD'));
Insert into KING.MEMBER (M_NO,NAME,MID,PASSWORD,NICKNAME,EMAIL,BIRTHDATE,PHONE,GENDER,SIDO_ID,SIGUNGU_ID,DETAIL_ADDRESS,REG_DATE) values (84,'박지영','parkjy','12345','드리블여왕','parkjy@example.com',to_date('75/03/10','RR/MM/DD'),'010-1478-3697','여       ',9,129,'아이파크1965',to_date('15/05/28','RR/MM/DD'));
Insert into KING.MEMBER (M_NO,NAME,MID,PASSWORD,NICKNAME,EMAIL,BIRTHDATE,PHONE,GENDER,SIDO_ID,SIGUNGU_ID,DETAIL_ADDRESS,REG_DATE) values (85,'이성민','leesm','12345','터치마스터','leesm@example.com',to_date('78/08/05','RR/MM/DD'),'010-6695-4813','남       ',9,142,'행당아파트 301동 1504호',to_date('15/05/28','RR/MM/DD'));
Insert into KING.MEMBER (M_NO,NAME,MID,PASSWORD,NICKNAME,EMAIL,BIRTHDATE,PHONE,GENDER,SIDO_ID,SIGUNGU_ID,DETAIL_ADDRESS,REG_DATE) values (86,'허진기','momjjang','12345','김종국','momjjang85@naver.com',to_date('85/11/03','RR/MM/DD'),'010-8113-5198','남       ',2,48,'점동면 건장이길 175',to_date('15/05/28','RR/MM/DD'));
Insert into KING.MEMBER (M_NO,NAME,MID,PASSWORD,NICKNAME,EMAIL,BIRTHDATE,PHONE,GENDER,SIDO_ID,SIGUNGU_ID,DETAIL_ADDRESS,REG_DATE) values (87,'장민호','jangmh','12345','킬러패서','jangmh@example.com',to_date('79/10/22','RR/MM/DD'),'010-2974-2371','남       ',9,148,'은평자이아파트 301동 102호',to_date('15/05/28','RR/MM/DD'));
Insert into KING.MEMBER (M_NO,NAME,MID,PASSWORD,NICKNAME,EMAIL,BIRTHDATE,PHONE,GENDER,SIDO_ID,SIGUNGU_ID,DETAIL_ADDRESS,REG_DATE) values (88,'송태지','bolzios','12345','볼지오스','haean57@naver.com',to_date('57/05/08','RR/MM/DD'),'010-8377-5841','남       ',12,169,'해안로237번길',to_date('15/05/28','RR/MM/DD'));
Insert into KING.MEMBER (M_NO,NAME,MID,PASSWORD,NICKNAME,EMAIL,BIRTHDATE,PHONE,GENDER,SIDO_ID,SIGUNGU_ID,DETAIL_ADDRESS,REG_DATE) values (89,'성보연','shugo','12345','슈고','shugo@naver.com',to_date('92/01/08','RR/MM/DD'),'010-8010-9921','여       ',15,207,' 동남구 광덕면 광덕사길 167',to_date('15/05/28','RR/MM/DD'));
Insert into KING.MEMBER (M_NO,NAME,MID,PASSWORD,NICKNAME,EMAIL,BIRTHDATE,PHONE,GENDER,SIDO_ID,SIGUNGU_ID,DETAIL_ADDRESS,REG_DATE) values (90,'문지혜','moonjh','12345','세트피스전문가','moonjh@example.com',to_date('78/06/11','RR/MM/DD'),'010-4783-5432','여       ',12,180,'영광빌라102동 521호',to_date('15/05/28','RR/MM/DD'));
Insert into KING.MEMBER (M_NO,NAME,MID,PASSWORD,NICKNAME,EMAIL,BIRTHDATE,PHONE,GENDER,SIDO_ID,SIGUNGU_ID,DETAIL_ADDRESS,REG_DATE) values (91,'정이슬','haengsson','12345','봉자','bongja@naver.com',to_date('01/03/26','RR/MM/DD'),'010-0423-3271','여       ',4,74,'중창리길 6',to_date('15/05/28','RR/MM/DD'));
Insert into KING.MEMBER (M_NO,NAME,MID,PASSWORD,NICKNAME,EMAIL,BIRTHDATE,PHONE,GENDER,SIDO_ID,SIGUNGU_ID,DETAIL_ADDRESS,REG_DATE) values (92,'구자혁','koojh','12345','철벽수비','koojh@example.com',to_date('77/03/13','RR/MM/DD'),'010-3478-1432','남       ',9,151,'중랑로945',to_date('20/05/28','RR/MM/DD'));
Insert into KING.MEMBER (M_NO,NAME,MID,PASSWORD,NICKNAME,EMAIL,BIRTHDATE,PHONE,GENDER,SIDO_ID,SIGUNGU_ID,DETAIL_ADDRESS,REG_DATE) values (93,'권다운','dalkong','12345','달콩','dalkong@naver.com',to_date('14/05/09','RR/MM/DD'),'010-1549-9932','여       ',9,146,' 도신로48길 15',to_date('20/05/28','RR/MM/DD'));
Insert into KING.MEMBER (M_NO,NAME,MID,PASSWORD,NICKNAME,EMAIL,BIRTHDATE,PHONE,GENDER,SIDO_ID,SIGUNGU_ID,DETAIL_ADDRESS,REG_DATE) values (94,'안현수','anhys','12345','필드지배자','anhys@example.com',to_date('76/05/01','RR/MM/DD'),'010-8490-3780','남       ',9,149,'종로빌라102',to_date('20/05/28','RR/MM/DD'));
Insert into KING.MEMBER (M_NO,NAME,MID,PASSWORD,NICKNAME,EMAIL,BIRTHDATE,PHONE,GENDER,SIDO_ID,SIGUNGU_ID,DETAIL_ADDRESS,REG_DATE) values (95,'서아롱','sooji','12345','수지','arong@naver.com',to_date('03/09/10','RR/MM/DD'),'010-3322-9210','여       ',9,134,'독산로1길 10',to_date('20/05/28','RR/MM/DD'));
Insert into KING.MEMBER (M_NO,NAME,MID,PASSWORD,NICKNAME,EMAIL,BIRTHDATE,PHONE,GENDER,SIDO_ID,SIGUNGU_ID,DETAIL_ADDRESS,REG_DATE) values (96,'황훈','zamheong','12345','잠형','jamheong@naver.com',to_date('94/05/24','RR/MM/DD'),'010-9452-4219','남       ',9,128,'풍성로56길 33',to_date('20/05/28','RR/MM/DD'));
Insert into KING.MEMBER (M_NO,NAME,MID,PASSWORD,NICKNAME,EMAIL,BIRTHDATE,PHONE,GENDER,SIDO_ID,SIGUNGU_ID,DETAIL_ADDRESS,REG_DATE) values (97,'이은비','silber','12345','한나','silberrain@naver.com',to_date('90/06/17','RR/MM/DD'),'010-1760-9932','여       ',9,145,'목동중앙북로14길 50',to_date('20/05/28','RR/MM/DD'));
Insert into KING.MEMBER (M_NO,NAME,MID,PASSWORD,NICKNAME,EMAIL,BIRTHDATE,PHONE,GENDER,SIDO_ID,SIGUNGU_ID,DETAIL_ADDRESS,REG_DATE) values (98,'예한길','hangil','12345','개미','hangil@naver.com',to_date('98/09/04','RR/MM/DD'),'010-9984-8172','남       ',9,147,'이태원로 178',to_date('20/05/28','RR/MM/DD'));
Insert into KING.MEMBER (M_NO,NAME,MID,PASSWORD,NICKNAME,EMAIL,BIRTHDATE,PHONE,GENDER,SIDO_ID,SIGUNGU_ID,DETAIL_ADDRESS,REG_DATE) values (99,'오우철','binggu','12345','빙구','bing9@naver.com',to_date('94/05/29','RR/MM/DD'),'010-5921-4991','남       ',9,137,'사가정로15길 18',to_date('20/05/28','RR/MM/DD'));
Insert into KING.MEMBER (M_NO,NAME,MID,PASSWORD,NICKNAME,EMAIL,BIRTHDATE,PHONE,GENDER,SIDO_ID,SIGUNGU_ID,DETAIL_ADDRESS,REG_DATE) values (100,'조성민','chosm','12345','스트라이커','chosm@example.com',to_date('75/04/21','RR/MM/DD'),'010-7849-1032','남       ',9,146,'삼성아파트103동1004호',to_date('20/05/28','RR/MM/DD'));
Insert into KING.MEMBER (M_NO,NAME,MID,PASSWORD,NICKNAME,EMAIL,BIRTHDATE,PHONE,GENDER,SIDO_ID,SIGUNGU_ID,DETAIL_ADDRESS,REG_DATE) values (101,'안영화','movie','12345','핑클','movie@naver.com',to_date('83/08/26','RR/MM/DD'),'010-8326-1938','여       ',9,144,'성내천로 280',to_date('20/05/28','RR/MM/DD'));
Insert into KING.MEMBER (M_NO,NAME,MID,PASSWORD,NICKNAME,EMAIL,BIRTHDATE,PHONE,GENDER,SIDO_ID,SIGUNGU_ID,DETAIL_ADDRESS,REG_DATE) values (102,'서소리','seosori','12345','꽃님','seosori99@naver.com',to_date('00/01/17','RR/MM/DD'),'010-8388-8645','여       ',9,137,'약령중앙로12길 12',to_date('20/05/28','RR/MM/DD'));
Insert into KING.MEMBER (M_NO,NAME,MID,PASSWORD,NICKNAME,EMAIL,BIRTHDATE,PHONE,GENDER,SIDO_ID,SIGUNGU_ID,DETAIL_ADDRESS,REG_DATE) values (103,'고수정','gosujeong','12345','아리사','gosujeong@naver.com',to_date('83/03/21','RR/MM/DD'),'010-8399-0451','여       ',9,149,'자하문로14길 17',to_date('20/05/28','RR/MM/DD'));
Insert into KING.MEMBER (M_NO,NAME,MID,PASSWORD,NICKNAME,EMAIL,BIRTHDATE,PHONE,GENDER,SIDO_ID,SIGUNGU_ID,DETAIL_ADDRESS,REG_DATE) values (104,'조한결','honnol','12345','혼놀','honnol@naver.com',to_date('89/11/03','RR/MM/DD'),'010-8911-3918','남       ',9,136,'도봉산1길 14',to_date('20/05/28','RR/MM/DD'));
Insert into KING.MEMBER (M_NO,NAME,MID,PASSWORD,NICKNAME,EMAIL,BIRTHDATE,PHONE,GENDER,SIDO_ID,SIGUNGU_ID,DETAIL_ADDRESS,REG_DATE) values (105,'고병재','gobeongjae','12345','잠팅','gobeongjae@naver.com',to_date('84/08/07','RR/MM/DD'),'010-8378-4811','남       ',9,146,'디지털로54길 13',to_date('20/05/28','RR/MM/DD'));
Insert into KING.MEMBER (M_NO,NAME,MID,PASSWORD,NICKNAME,EMAIL,BIRTHDATE,PHONE,GENDER,SIDO_ID,SIGUNGU_ID,DETAIL_ADDRESS,REG_DATE) values (106,'임원기','wongi','12345','원기','wongi86@naver.com',to_date('86/09/19','RR/MM/DD'),'010-8837-6564','남       ',9,148,'서오릉로17길 22',to_date('20/05/28','RR/MM/DD'));
Insert into KING.MEMBER (M_NO,NAME,MID,PASSWORD,NICKNAME,EMAIL,BIRTHDATE,PHONE,GENDER,SIDO_ID,SIGUNGU_ID,DETAIL_ADDRESS,REG_DATE) values (107,'김지민','jeonjim','12345','탈압박장인','jeonjim@example.com',to_date('75/12/23','RR/MM/DD'),'010-7483-2734','여       ',9,132,'74829',to_date('20/05/28','RR/MM/DD'));
Insert into KING.MEMBER (M_NO,NAME,MID,PASSWORD,NICKNAME,EMAIL,BIRTHDATE,PHONE,GENDER,SIDO_ID,SIGUNGU_ID,DETAIL_ADDRESS,REG_DATE) values (108,'이성철','leesungc','12345','중앙수비수','leesungc@example.com',to_date('74/09/09','RR/MM/DD'),'010-3728-1123','남       ',9,144,'아이파크301동 1401호',to_date('20/05/28','RR/MM/DD'));
Insert into KING.MEMBER (M_NO,NAME,MID,PASSWORD,NICKNAME,EMAIL,BIRTHDATE,PHONE,GENDER,SIDO_ID,SIGUNGU_ID,DETAIL_ADDRESS,REG_DATE) values (109,'최초롱','Isabelle','12345','이자벨','Isabelle@naver.com',to_date('04/08/17','RR/MM/DD'),'010-9937-0817','여       ',9,141,'동산로12길 64',to_date('20/05/28','RR/MM/DD'));
Insert into KING.MEMBER (M_NO,NAME,MID,PASSWORD,NICKNAME,EMAIL,BIRTHDATE,PHONE,GENDER,SIDO_ID,SIGUNGU_ID,DETAIL_ADDRESS,REG_DATE) values (110,'오시우','osioo','12345','질레트','osioo@naver.com',to_date('01/09/15','RR/MM/DD'),'010-2805-2468','남       ',9,140,' 증가로8길 76',to_date('20/05/28','RR/MM/DD'));
Insert into KING.MEMBER (M_NO,NAME,MID,PASSWORD,NICKNAME,EMAIL,BIRTHDATE,PHONE,GENDER,SIDO_ID,SIGUNGU_ID,DETAIL_ADDRESS,REG_DATE) values (111,'조기태','gitae','12345','만세야','gitae@naver.com',to_date('07/03/06','RR/MM/DD'),'010-3776-4336','남       ',9,151,'봉우재로26길 7',to_date('20/05/28','RR/MM/DD'));
Insert into KING.MEMBER (M_NO,NAME,MID,PASSWORD,NICKNAME,EMAIL,BIRTHDATE,PHONE,GENDER,SIDO_ID,SIGUNGU_ID,DETAIL_ADDRESS,REG_DATE) values (112,'추철수','choocheolsoo','12345','소크라테스','choocheolsoo@naver.com',to_date('76/12/05','RR/MM/DD'),'010-7990-1083','남       ',9,130,' 송정로4길 7',to_date('20/05/28','RR/MM/DD'));
Insert into KING.MEMBER (M_NO,NAME,MID,PASSWORD,NICKNAME,EMAIL,BIRTHDATE,PHONE,GENDER,SIDO_ID,SIGUNGU_ID,DETAIL_ADDRESS,REG_DATE) values (113,'하동석','hadongseok','12345','간지','hadongseok@naver.com',to_date('80/04/27','RR/MM/DD'),'010-9377-6455','남       ',9,135,' 덕릉로131가길 9',to_date('20/05/28','RR/MM/DD'));
Insert into KING.MEMBER (M_NO,NAME,MID,PASSWORD,NICKNAME,EMAIL,BIRTHDATE,PHONE,GENDER,SIDO_ID,SIGUNGU_ID,DETAIL_ADDRESS,REG_DATE) values (114,'탁명환','takmeong','12345','안토니아','takmeong@naver.com',to_date('00/04/08','RR/MM/DD'),'010-4893-2384','남       ',9,136,'도봉로145길 39',to_date('20/05/28','RR/MM/DD'));
Insert into KING.MEMBER (M_NO,NAME,MID,PASSWORD,NICKNAME,EMAIL,BIRTHDATE,PHONE,GENDER,SIDO_ID,SIGUNGU_ID,DETAIL_ADDRESS,REG_DATE) values (115,'조세영','joseyeong','12345','아놀드','joseyeong@naver.com',to_date('95/09/29','RR/MM/DD'),'010-5929-1995','남       ',9,150,'을지로 175',to_date('20/05/28','RR/MM/DD'));
Insert into KING.MEMBER (M_NO,NAME,MID,PASSWORD,NICKNAME,EMAIL,BIRTHDATE,PHONE,GENDER,SIDO_ID,SIGUNGU_ID,DETAIL_ADDRESS,REG_DATE) values (116,'남철호','namcheolho','12345','지저스','namcheolho@naver.com',to_date('13/11/09','RR/MM/DD'),'010-9113-2073','남       ',9,142,'무수막3길 16',to_date('20/05/28','RR/MM/DD'));
Insert into KING.MEMBER (M_NO,NAME,MID,PASSWORD,NICKNAME,EMAIL,BIRTHDATE,PHONE,GENDER,SIDO_ID,SIGUNGU_ID,DETAIL_ADDRESS,REG_DATE) values (117,'최다래','nachko','12345','나츠코','nachko@naver.com',to_date('96/04/11','RR/MM/DD'),'010-9384-7742','여       ',9,150,'다산로39가길 17',to_date('20/05/28','RR/MM/DD'));
Insert into KING.MEMBER (M_NO,NAME,MID,PASSWORD,NICKNAME,EMAIL,BIRTHDATE,PHONE,GENDER,SIDO_ID,SIGUNGU_ID,DETAIL_ADDRESS,REG_DATE) values (118,'권소영','soyoung','12345','달콩이','soyoung@naver.com',to_date('93/05/10','RR/MM/DD'),'010-9410-5397','여       ',9,130,'공항대로53나길 17',to_date('20/05/28','RR/MM/DD'));
Insert into KING.MEMBER (M_NO,NAME,MID,PASSWORD,NICKNAME,EMAIL,BIRTHDATE,PHONE,GENDER,SIDO_ID,SIGUNGU_ID,DETAIL_ADDRESS,REG_DATE) values (119,'문다운','moondown','12345','마리나','moondown@naver.com',to_date('95/11/12','RR/MM/DD'),'010-1194-2195','여       ',9,130,'가로공원로76가길 29',to_date('20/05/28','RR/MM/DD'));
Insert into KING.MEMBER (M_NO,NAME,MID,PASSWORD,NICKNAME,EMAIL,BIRTHDATE,PHONE,GENDER,SIDO_ID,SIGUNGU_ID,DETAIL_ADDRESS,REG_DATE) values (120,'류광','rukwang','12345','떵이','rukwang@naver.com',to_date('82/09/03','RR/MM/DD'),'010-9382-1930','남       ',9,141,'새정1길 7',to_date('20/05/28','RR/MM/DD'));
Insert into KING.MEMBER (M_NO,NAME,MID,PASSWORD,NICKNAME,EMAIL,BIRTHDATE,PHONE,GENDER,SIDO_ID,SIGUNGU_ID,DETAIL_ADDRESS,REG_DATE) values (121,'양영민','yeongmin','12345','데니소트','yeongmin@naver.com',to_date('06/04/11','RR/MM/DD'),'010-6411-2837','남       ',9,129,'인수봉로84길 9',to_date('20/05/28','RR/MM/DD'));
Insert into KING.MEMBER (M_NO,NAME,MID,PASSWORD,NICKNAME,EMAIL,BIRTHDATE,PHONE,GENDER,SIDO_ID,SIGUNGU_ID,DETAIL_ADDRESS,REG_DATE) values (122,'박재경','zerazio','12345','제라지오','zerazio@naver.com',to_date('96/10/20','RR/MM/DD'),'010-9266-3748','남       ',9,131,'인헌21길 31',to_date('20/05/28','RR/MM/DD'));
Insert into KING.MEMBER (M_NO,NAME,MID,PASSWORD,NICKNAME,EMAIL,BIRTHDATE,PHONE,GENDER,SIDO_ID,SIGUNGU_ID,DETAIL_ADDRESS,REG_DATE) values (123,'강도하','kangdoha','12345','캡틴아메리카','kangdoha@naver.com',to_date('82/04/05','RR/MM/DD'),'010-4582-1954','남       ',9,146,' 신길로 176',to_date('20/05/28','RR/MM/DD'));
Insert into KING.MEMBER (M_NO,NAME,MID,PASSWORD,NICKNAME,EMAIL,BIRTHDATE,PHONE,GENDER,SIDO_ID,SIGUNGU_ID,DETAIL_ADDRESS,REG_DATE) values (124,'권혜진','heozin','12345','키나','heozin@naver.com',to_date('09/11/16','RR/MM/DD'),'010-1161-2083','여       ',9,144,'마천로51길 32',to_date('20/05/28','RR/MM/DD'));
Insert into KING.MEMBER (M_NO,NAME,MID,PASSWORD,NICKNAME,EMAIL,BIRTHDATE,PHONE,GENDER,SIDO_ID,SIGUNGU_ID,DETAIL_ADDRESS,REG_DATE) values (125,'표태지','potaezi','12345','수장','potaezi@naver.com',to_date('74/06/20','RR/MM/DD'),'010-7462-1920','남       ',9,128,'양재대로110길 19',to_date('20/05/28','RR/MM/DD'));
Insert into KING.MEMBER (M_NO,NAME,MID,PASSWORD,NICKNAME,EMAIL,BIRTHDATE,PHONE,GENDER,SIDO_ID,SIGUNGU_ID,DETAIL_ADDRESS,REG_DATE) values (126,'허민경','heominkeong','12345','리얼','heominkeong@naver.com',to_date('76/10/04','RR/MM/DD'),'010-7619-4010','남       ',9,138,' 사당로27길 64',to_date('20/05/28','RR/MM/DD'));
Insert into KING.MEMBER (M_NO,NAME,MID,PASSWORD,NICKNAME,EMAIL,BIRTHDATE,PHONE,GENDER,SIDO_ID,SIGUNGU_ID,DETAIL_ADDRESS,REG_DATE) values (127,'장동건','jangdonggeon','12345','말보로','jangdonggeon@naver.com',to_date('80/02/09','RR/MM/DD'),'010-9209-1922','남       ',9,150,'을지로27길 32',to_date('20/05/28','RR/MM/DD'));
Insert into KING.MEMBER (M_NO,NAME,MID,PASSWORD,NICKNAME,EMAIL,BIRTHDATE,PHONE,GENDER,SIDO_ID,SIGUNGU_ID,DETAIL_ADDRESS,REG_DATE) values (128,'고문용','e6dbk','12345','푸딩','e6dbk@naver.com',to_date('06/12/11','RR/MM/DD'),'010-9572-6754','남       ',9,143,'돌곶이로22가길 8',to_date('20/05/28','RR/MM/DD'));
Insert into KING.MEMBER (M_NO,NAME,MID,PASSWORD,NICKNAME,EMAIL,BIRTHDATE,PHONE,GENDER,SIDO_ID,SIGUNGU_ID,DETAIL_ADDRESS,REG_DATE) values (129,'고정혁','eomyp','12345','슈퍼주니어','eomyp@naver.com',to_date('85/03/05','RR/MM/DD'),'010-9992-2190','남       ',9,136,'방학로 130 8',to_date('20/05/28','RR/MM/DD'));
Insert into KING.MEMBER (M_NO,NAME,MID,PASSWORD,NICKNAME,EMAIL,BIRTHDATE,PHONE,GENDER,SIDO_ID,SIGUNGU_ID,DETAIL_ADDRESS,REG_DATE) values (130,'유인식','azx4s','12345','켄지로','azx4s@naver.com',to_date('13/04/20','RR/MM/DD'),'010-6773-8682','남       ',9,140,'방학로 130 8',to_date('20/05/28','RR/MM/DD'));
Insert into KING.MEMBER (M_NO,NAME,MID,PASSWORD,NICKNAME,EMAIL,BIRTHDATE,PHONE,GENDER,SIDO_ID,SIGUNGU_ID,DETAIL_ADDRESS,REG_DATE) values (131,'안승진','jr1t2','12345','베론','jr1t2@naver.com',to_date('91/12/13','RR/MM/DD'),'010-4771-9874','남       ',9,139,'성미산로5길 48',to_date('20/05/28','RR/MM/DD'));
Insert into KING.MEMBER (M_NO,NAME,MID,PASSWORD,NICKNAME,EMAIL,BIRTHDATE,PHONE,GENDER,SIDO_ID,SIGUNGU_ID,DETAIL_ADDRESS,REG_DATE) values (132,'홍유성','flowery','12345','토모키','flowery@naver.com',to_date('94/11/23','RR/MM/DD'),'010-9269-7516','남       ',9,135,'중계로 56-8',to_date('20/05/28','RR/MM/DD'));
Insert into KING.MEMBER (M_NO,NAME,MID,PASSWORD,NICKNAME,EMAIL,BIRTHDATE,PHONE,GENDER,SIDO_ID,SIGUNGU_ID,DETAIL_ADDRESS,REG_DATE) values (133,'조성주','enormous','12345','빡구','enormous@naver.com',to_date('87/07/07','RR/MM/DD'),'010-5820-6728','남       ',9,141,'사임당로 33',to_date('20/05/28','RR/MM/DD'));
Insert into KING.MEMBER (M_NO,NAME,MID,PASSWORD,NICKNAME,EMAIL,BIRTHDATE,PHONE,GENDER,SIDO_ID,SIGUNGU_ID,DETAIL_ADDRESS,REG_DATE) values (134,'양혜영','solidly','12345','세하','solidly@naver.com',to_date('98/07/28','RR/MM/DD'),'010-3101-1561','여       ',9,142,'용답27길 11 1',to_date('20/05/28','RR/MM/DD'));
Insert into KING.MEMBER (M_NO,NAME,MID,PASSWORD,NICKNAME,EMAIL,BIRTHDATE,PHONE,GENDER,SIDO_ID,SIGUNGU_ID,DETAIL_ADDRESS,REG_DATE) values (135,'손신지','midst','12345','쵸','midst@naver.com',to_date('11/12/11','RR/MM/DD'),'010-7545-7255','여       ',9,134,'독산로74길 20',to_date('20/05/28','RR/MM/DD'));
Insert into KING.MEMBER (M_NO,NAME,MID,PASSWORD,NICKNAME,EMAIL,BIRTHDATE,PHONE,GENDER,SIDO_ID,SIGUNGU_ID,DETAIL_ADDRESS,REG_DATE) values (136,'최태민','merry','12345','모이라','merry@naver.com',to_date('88/08/24','RR/MM/DD'),'010-6496-1323','남       ',9,133,'고척로41길 24',to_date('20/05/28','RR/MM/DD'));
Insert into KING.MEMBER (M_NO,NAME,MID,PASSWORD,NICKNAME,EMAIL,BIRTHDATE,PHONE,GENDER,SIDO_ID,SIGUNGU_ID,DETAIL_ADDRESS,REG_DATE) values (137,'한영호','spray13','12345','뚜쉬','spray13@naver.com',to_date('00/08/03','RR/MM/DD'),'010-4927-7267','남       ',9,131,'대학6길 25',to_date('20/05/28','RR/MM/DD'));
Insert into KING.MEMBER (M_NO,NAME,MID,PASSWORD,NICKNAME,EMAIL,BIRTHDATE,PHONE,GENDER,SIDO_ID,SIGUNGU_ID,DETAIL_ADDRESS,REG_DATE) values (138,'이영호','often78','12345','퓌라','often78@naver.com',to_date('89/11/04','RR/MM/DD'),'010-5300-5074','남       ',9,137,'전농로 163',to_date('20/05/28','RR/MM/DD'));
Insert into KING.MEMBER (M_NO,NAME,MID,PASSWORD,NICKNAME,EMAIL,BIRTHDATE,PHONE,GENDER,SIDO_ID,SIGUNGU_ID,DETAIL_ADDRESS,REG_DATE) values (139,'정도현','short42','12345','페르란도','short42@naver.com',to_date('94/02/23','RR/MM/DD'),'010-9964-3632','남       ',9,138,'상도로17길 21',to_date('20/05/28','RR/MM/DD'));
Insert into KING.MEMBER (M_NO,NAME,MID,PASSWORD,NICKNAME,EMAIL,BIRTHDATE,PHONE,GENDER,SIDO_ID,SIGUNGU_ID,DETAIL_ADDRESS,REG_DATE) values (140,'유승현','oddly33','12345','깨굴','oddly33@naver.com',to_date('11/12/23','RR/MM/DD'),'010-1994-8069','남       ',9,151,'동일로126길 111 16',to_date('20/05/28','RR/MM/DD'));
Insert into KING.MEMBER (M_NO,NAME,MID,PASSWORD,NICKNAME,EMAIL,BIRTHDATE,PHONE,GENDER,SIDO_ID,SIGUNGU_ID,DETAIL_ADDRESS,REG_DATE) values (141,'송승민','tense77','12345','네코','tense77@naver.com',to_date('99/02/28','RR/MM/DD'),'010-0798-3864','남       ',9,128,'천호대로176길 9',to_date('20/05/28','RR/MM/DD'));
Insert into KING.MEMBER (M_NO,NAME,MID,PASSWORD,NICKNAME,EMAIL,BIRTHDATE,PHONE,GENDER,SIDO_ID,SIGUNGU_ID,DETAIL_ADDRESS,REG_DATE) values (142,'주이안','unfit6857','12345','히나코','unfit6857@google.com',to_date('98/09/11','RR/MM/DD'),'010-8863-6625','여       ',9,151,'용마공원로5길 28번지 35',to_date('20/05/28','RR/MM/DD'));
Insert into KING.MEMBER (M_NO,NAME,MID,PASSWORD,NICKNAME,EMAIL,BIRTHDATE,PHONE,GENDER,SIDO_ID,SIGUNGU_ID,DETAIL_ADDRESS,REG_DATE) values (143,'윤예은','though','12345','에림','though@google.com',to_date('84/10/07','RR/MM/DD'),'010-5393-0984','여       ',9,148,'응암로22길 6번지 17',to_date('20/05/28','RR/MM/DD'));
Insert into KING.MEMBER (M_NO,NAME,MID,PASSWORD,NICKNAME,EMAIL,BIRTHDATE,PHONE,GENDER,SIDO_ID,SIGUNGU_ID,DETAIL_ADDRESS,REG_DATE) values (144,'권승민','warden','12345','케인','warden@google.com',to_date('98/02/22','RR/MM/DD'),'010-5917-5238','남       ',9,146,'국회대로 영등포동7가',to_date('20/05/28','RR/MM/DD'));
Insert into KING.MEMBER (M_NO,NAME,MID,PASSWORD,NICKNAME,EMAIL,BIRTHDATE,PHONE,GENDER,SIDO_ID,SIGUNGU_ID,DETAIL_ADDRESS,REG_DATE) values (145,'유승준','nursery','12345','해롤드','nursery@google.com',to_date('09/04/01','RR/MM/DD'),'010-1934-8457','남       ',9,140,'연희로2길 45',to_date('20/05/28','RR/MM/DD'));
Insert into KING.MEMBER (M_NO,NAME,MID,PASSWORD,NICKNAME,EMAIL,BIRTHDATE,PHONE,GENDER,SIDO_ID,SIGUNGU_ID,DETAIL_ADDRESS,REG_DATE) values (146,'고하준','opposite','12345','나이트','opposite@google.com',to_date('02/09/11','RR/MM/DD'),'010-5917-3837','남       ',9,139,'매봉산로2길 27',to_date('20/05/28','RR/MM/DD'));
Insert into KING.MEMBER (M_NO,NAME,MID,PASSWORD,NICKNAME,EMAIL,BIRTHDATE,PHONE,GENDER,SIDO_ID,SIGUNGU_ID,DETAIL_ADDRESS,REG_DATE) values (147,'황준수','zowie','12345','마띠유','zowie@naver.com',to_date('91/01/20','RR/MM/DD'),'010-9345-9943','남       ',9,141,'남부순환로331길 6번지 18',to_date('20/05/28','RR/MM/DD'));
Insert into KING.MEMBER (M_NO,NAME,MID,PASSWORD,NICKNAME,EMAIL,BIRTHDATE,PHONE,GENDER,SIDO_ID,SIGUNGU_ID,DETAIL_ADDRESS,REG_DATE) values (148,'고채희','whelp','12345','빵야','whelp@naver.com',to_date('87/11/25','RR/MM/DD'),'010-8488-8922','여       ',9,146,'국회대로 800',to_date('20/05/28','RR/MM/DD'));
Insert into KING.MEMBER (M_NO,NAME,MID,PASSWORD,NICKNAME,EMAIL,BIRTHDATE,PHONE,GENDER,SIDO_ID,SIGUNGU_ID,DETAIL_ADDRESS,REG_DATE) values (149,'오정후','badly','12345','커피','badly@naver.com',to_date('04/08/28','RR/MM/DD'),'010-3646-5490','남       ',9,132,'아차산로40길 37',to_date('20/05/28','RR/MM/DD'));
Insert into KING.MEMBER (M_NO,NAME,MID,PASSWORD,NICKNAME,EMAIL,BIRTHDATE,PHONE,GENDER,SIDO_ID,SIGUNGU_ID,DETAIL_ADDRESS,REG_DATE) values (150,'성재원','bunch','12345','짤랑','bunch@naver.com',to_date('02/09/15','RR/MM/DD'),'010-2679-2638','남       ',9,129,'노해로 95번지 1',to_date('20/05/28','RR/MM/DD'));
Insert into KING.MEMBER (M_NO,NAME,MID,PASSWORD,NICKNAME,EMAIL,BIRTHDATE,PHONE,GENDER,SIDO_ID,SIGUNGU_ID,DETAIL_ADDRESS,REG_DATE) values (151,'추민석','gadzooks','12345','갑빠','gadzooks@naver.com',to_date('91/07/01','RR/MM/DD'),'010-8382-2187','남       ',9,131,'양지14길 13',to_date('20/05/28','RR/MM/DD'));
Insert into KING.MEMBER (M_NO,NAME,MID,PASSWORD,NICKNAME,EMAIL,BIRTHDATE,PHONE,GENDER,SIDO_ID,SIGUNGU_ID,DETAIL_ADDRESS,REG_DATE) values (152,'안상훈','healthily','12345','키튼','healthily@naver.com',to_date('09/07/26','RR/MM/DD'),'010-0465-3829','남       ',9,144,'백제고분로29길 22',to_date('20/05/28','RR/MM/DD'));
Insert into KING.MEMBER (M_NO,NAME,MID,PASSWORD,NICKNAME,EMAIL,BIRTHDATE,PHONE,GENDER,SIDO_ID,SIGUNGU_ID,DETAIL_ADDRESS,REG_DATE) values (153,'윤강우','plus','12345','모요','plus@naver.com',to_date('97/06/29','RR/MM/DD'),'010-4922-2054','남       ',9,139,'새터산4길 24',to_date('20/05/28','RR/MM/DD'));
Insert into KING.MEMBER (M_NO,NAME,MID,PASSWORD,NICKNAME,EMAIL,BIRTHDATE,PHONE,GENDER,SIDO_ID,SIGUNGU_ID,DETAIL_ADDRESS,REG_DATE) values (154,'하지혁','until','12345','란슬','until@naver.com',to_date('14/03/28','RR/MM/DD'),'010-1593-0256','남       ',9,137,'난계로30길 77',to_date('20/05/28','RR/MM/DD'));
Insert into KING.MEMBER (M_NO,NAME,MID,PASSWORD,NICKNAME,EMAIL,BIRTHDATE,PHONE,GENDER,SIDO_ID,SIGUNGU_ID,DETAIL_ADDRESS,REG_DATE) values (155,'남우성','yahoo','12345','사비올라','yahoo@naver.com',to_date('84/12/24','RR/MM/DD'),'010-7468-2176','남       ',9,148,'진흥로12나길 9번지 1',to_date('20/05/28','RR/MM/DD'));
Insert into KING.MEMBER (M_NO,NAME,MID,PASSWORD,NICKNAME,EMAIL,BIRTHDATE,PHONE,GENDER,SIDO_ID,SIGUNGU_ID,DETAIL_ADDRESS,REG_DATE) values (156,'백윤재','boohoo','12345','마리오','boohoo@naver.com',to_date('07/06/09','RR/MM/DD'),'010-7846-5485','남       ',9,148,'은평로21가길 15번지 7',to_date('20/05/28','RR/MM/DD'));
Insert into KING.MEMBER (M_NO,NAME,MID,PASSWORD,NICKNAME,EMAIL,BIRTHDATE,PHONE,GENDER,SIDO_ID,SIGUNGU_ID,DETAIL_ADDRESS,REG_DATE) values (157,'류도준','nickolas','12345','머털','nickolas@naver.com',to_date('01/02/10','RR/MM/DD'),'010-3446-9925','남       ',4,82,'명호면 삼동길 14번지 5',to_date('20/05/28','RR/MM/DD'));
Insert into KING.MEMBER (M_NO,NAME,MID,PASSWORD,NICKNAME,EMAIL,BIRTHDATE,PHONE,GENDER,SIDO_ID,SIGUNGU_ID,DETAIL_ADDRESS,REG_DATE) values (158,'설성호','instead','12345','구오','instead@naver.com',to_date('88/08/26','RR/MM/DD'),'010-8845-6713','남       ',4,92,'지천면 새마을1길 5',to_date('20/05/28','RR/MM/DD'));
Insert into KING.MEMBER (M_NO,NAME,MID,PASSWORD,NICKNAME,EMAIL,BIRTHDATE,PHONE,GENDER,SIDO_ID,SIGUNGU_ID,DETAIL_ADDRESS,REG_DATE) values (159,'예진성','keiper','12345','리얼방해','keiper@naver.com',to_date('57/08/07','RR/MM/DD'),'010-9165-4848','남       ',2,26,'오남읍 진건오남로536번길 13번지 14',to_date('20/05/28','RR/MM/DD'));
Insert into KING.MEMBER (M_NO,NAME,MID,PASSWORD,NICKNAME,EMAIL,BIRTHDATE,PHONE,GENDER,SIDO_ID,SIGUNGU_ID,DETAIL_ADDRESS,REG_DATE) values (160,'배기철','carma','12345','다하구','carma@naver.com',to_date('64/01/06','RR/MM/DD'),'010-2545-2356','남       ',2,31,'금오로477번길 8',to_date('20/05/28','RR/MM/DD'));
Insert into KING.MEMBER (M_NO,NAME,MID,PASSWORD,NICKNAME,EMAIL,BIRTHDATE,PHONE,GENDER,SIDO_ID,SIGUNGU_ID,DETAIL_ADDRESS,REG_DATE) values (161,'정태일','dunbrack','12345','조스오','dunbrack@naver.com',to_date('64/03/01','RR/MM/DD'),'010-2576-2754','남       ',3,50,'장목면 유호1길 69',to_date('24/05/29','RR/MM/DD'));
Insert into KING.MEMBER (M_NO,NAME,MID,PASSWORD,NICKNAME,EMAIL,BIRTHDATE,PHONE,GENDER,SIDO_ID,SIGUNGU_ID,DETAIL_ADDRESS,REG_DATE) values (162,'탁인욱','grimace52','12345','호랑이','grimace52@naver.com',to_date('56/12/12','RR/MM/DD'),'010-4385-7475','남       ',12,170,'승주읍 고산도목길 11번지 33',to_date('24/05/29','RR/MM/DD'));
Insert into KING.MEMBER (M_NO,NAME,MID,PASSWORD,NICKNAME,EMAIL,BIRTHDATE,PHONE,GENDER,SIDO_ID,SIGUNGU_ID,DETAIL_ADDRESS,REG_DATE) values (163,'임지윤','minkin48','12345','사모님','minkin48@naver.com',to_date('06/12/29','RR/MM/DD'),'010-5285-8675','남       ',15,216,'임천면 부흥로 291번지 8',to_date('24/05/29','RR/MM/DD'));
Insert into KING.MEMBER (M_NO,NAME,MID,PASSWORD,NICKNAME,EMAIL,BIRTHDATE,PHONE,GENDER,SIDO_ID,SIGUNGU_ID,DETAIL_ADDRESS,REG_DATE) values (164,'윤미진','suddenly','12345','검팡누나','suddenly@naver.com',to_date('85/11/11','RR/MM/DD'),'010-5013-1065','여       ',7,110,'동서대로1340번길 41',to_date('24/05/29','RR/MM/DD'));
Insert into KING.MEMBER (M_NO,NAME,MID,PASSWORD,NICKNAME,EMAIL,BIRTHDATE,PHONE,GENDER,SIDO_ID,SIGUNGU_ID,DETAIL_ADDRESS,REG_DATE) values (165,'박태식','huey834','12345','백두산호랑이','huey834@naver.com',to_date('81/07/14','RR/MM/DD'),'010-5053-1021','남       ',1,5,'동서대로1340번길 41',to_date('24/05/29','RR/MM/DD'));
Insert into KING.MEMBER (M_NO,NAME,MID,PASSWORD,NICKNAME,EMAIL,BIRTHDATE,PHONE,GENDER,SIDO_ID,SIGUNGU_ID,DETAIL_ADDRESS,REG_DATE) values (166,'장희진','famously2375','12345','예쁜민들레','famously2375@naver.com',to_date('86/09/02','RR/MM/DD'),'010-5619-2761','여       ',14,204,'아봉로 98번지 25',to_date('24/05/29','RR/MM/DD'));
Insert into KING.MEMBER (M_NO,NAME,MID,PASSWORD,NICKNAME,EMAIL,BIRTHDATE,PHONE,GENDER,SIDO_ID,SIGUNGU_ID,DETAIL_ADDRESS,REG_DATE) values (167,'정원희','dosi4680','12345','시집가다나우','dosi4680@naver.com',to_date('97/02/11','RR/MM/DD'),'010-5638-2196','여       ',13,199,'고산면 양화로 129번지 66',to_date('24/05/29','RR/MM/DD'));
Insert into KING.MEMBER (M_NO,NAME,MID,PASSWORD,NICKNAME,EMAIL,BIRTHDATE,PHONE,GENDER,SIDO_ID,SIGUNGU_ID,DETAIL_ADDRESS,REG_DATE) values (168,'문버들','rojas421','12345','냥이집사','rojas421@naver.com',to_date('06/05/05','RR/MM/DD'),'010-4084-7216','여       ',13,200,'오수면 둔덕1길 54',to_date('24/05/29','RR/MM/DD'));
Insert into KING.MEMBER (M_NO,NAME,MID,PASSWORD,NICKNAME,EMAIL,BIRTHDATE,PHONE,GENDER,SIDO_ID,SIGUNGU_ID,DETAIL_ADDRESS,REG_DATE) values (169,'황보광','energise54','12345','개발되다','energise54@naver.com',to_date('59/10/02','RR/MM/DD'),'010-3425-2649','남       ',4,75,'낙동면 삼봉로 472번지 20',to_date('24/05/29','RR/MM/DD'));
Insert into KING.MEMBER (M_NO,NAME,MID,PASSWORD,NICKNAME,EMAIL,BIRTHDATE,PHONE,GENDER,SIDO_ID,SIGUNGU_ID,DETAIL_ADDRESS,REG_DATE) values (170,'황미란','scarponi34','12345','여우','scarponi34@naver.com',to_date('92/05/30','RR/MM/DD'),'010-3413-1809','여       ',5,93,'삼도로 84번지 35',to_date('24/05/29','RR/MM/DD'));
Insert into KING.MEMBER (M_NO,NAME,MID,PASSWORD,NICKNAME,EMAIL,BIRTHDATE,PHONE,GENDER,SIDO_ID,SIGUNGU_ID,DETAIL_ADDRESS,REG_DATE) values (171,'강영애','ponti789','12345','구미호','ponti789@naver.com',to_date('11/01/21','RR/MM/DD'),'010-3424-9715','여       ',2,47,'지평면 대평로 550번지 17',to_date('24/05/29','RR/MM/DD'));
Insert into KING.MEMBER (M_NO,NAME,MID,PASSWORD,NICKNAME,EMAIL,BIRTHDATE,PHONE,GENDER,SIDO_ID,SIGUNGU_ID,DETAIL_ADDRESS,REG_DATE) values (172,'이가영','lissa1248','12345','애교큐피트','lissa1248@naver.com',to_date('02/05/10','RR/MM/DD'),'010-9244-5995','여       ',2,43,'영중면 먼재1길 82',to_date('24/05/29','RR/MM/DD'));
Insert into KING.MEMBER (M_NO,NAME,MID,PASSWORD,NICKNAME,EMAIL,BIRTHDATE,PHONE,GENDER,SIDO_ID,SIGUNGU_ID,DETAIL_ADDRESS,REG_DATE) values (173,'정여진','commonly1144','12345','초록나비','commonly1144@naver.com',to_date('09/04/02','RR/MM/DD'),'010-4824-5445','여       ',14,204,'성화로4길 15',to_date('24/05/29','RR/MM/DD'));
Insert into KING.MEMBER (M_NO,NAME,MID,PASSWORD,NICKNAME,EMAIL,BIRTHDATE,PHONE,GENDER,SIDO_ID,SIGUNGU_ID,DETAIL_ADDRESS,REG_DATE) values (174,'정숙자','turnover56','12345','여왕','turnover56@naver.com',to_date('87/09/22','RR/MM/DD'),'010-6054-4714','여       ',8,113,'진남로110번길 30번지 11',to_date('24/05/29','RR/MM/DD'));
Insert into KING.MEMBER (M_NO,NAME,MID,PASSWORD,NICKNAME,EMAIL,BIRTHDATE,PHONE,GENDER,SIDO_ID,SIGUNGU_ID,DETAIL_ADDRESS,REG_DATE) values (175,'윤경모','modulate22','12345','소주한잔','modulate22@naver.com',to_date('48/04/06','RR/MM/DD'),'010-9295-2077','남       ',8,115,'충렬대로359번길 26번지 6',to_date('24/05/29','RR/MM/DD'));
Insert into KING.MEMBER (M_NO,NAME,MID,PASSWORD,NICKNAME,EMAIL,BIRTHDATE,PHONE,GENDER,SIDO_ID,SIGUNGU_ID,DETAIL_ADDRESS,REG_DATE) values (176,'권일성','terribly33','12345','소나무','terribly33@naver.com',to_date('77/05/04','RR/MM/DD'),'010-6695-2447','남       ',3,51,'진영읍 김해대로335번길 4번지 18',to_date('24/05/29','RR/MM/DD'));
Insert into KING.MEMBER (M_NO,NAME,MID,PASSWORD,NICKNAME,EMAIL,BIRTHDATE,PHONE,GENDER,SIDO_ID,SIGUNGU_ID,DETAIL_ADDRESS,REG_DATE) values (177,'송병헌','emmerich1167','12345','붉은발','emmerich1167@naver.com',to_date('35/11/23','RR/MM/DD'),'010-4747-2834','남       ',14,204,'우도면 우목길 64',to_date('24/05/29','RR/MM/DD'));
Insert into KING.MEMBER (M_NO,NAME,MID,PASSWORD,NICKNAME,EMAIL,BIRTHDATE,PHONE,GENDER,SIDO_ID,SIGUNGU_ID,DETAIL_ADDRESS,REG_DATE) values (178,'예요한','stekel1024','12345','오뚜기','stekel1024@naver.com',to_date('75/03/13','RR/MM/DD'),'010-7058-7464','남       ',13,195,'아산면 대기길 39번지 8',to_date('24/05/29','RR/MM/DD'));
Insert into KING.MEMBER (M_NO,NAME,MID,PASSWORD,NICKNAME,EMAIL,BIRTHDATE,PHONE,GENDER,SIDO_ID,SIGUNGU_ID,DETAIL_ADDRESS,REG_DATE) values (179,'풍광조','opposite4466','12345','당직사관','opposite4466@naver.com',to_date('53/11/02','RR/MM/DD'),'010-6635-8300','남       ',9,131,'남부순환로184길 11',to_date('24/05/29','RR/MM/DD'));
Insert into KING.MEMBER (M_NO,NAME,MID,PASSWORD,NICKNAME,EMAIL,BIRTHDATE,PHONE,GENDER,SIDO_ID,SIGUNGU_ID,DETAIL_ADDRESS,REG_DATE) values (180,'황경택','haskell126','12345','노년파워','haskell126@naver.com',to_date('38/08/04','RR/MM/DD'),'010-0320-5586','남       ',4,71,'산내면 생식촌길 134번지 60',to_date('24/05/29','RR/MM/DD'));
Insert into KING.MEMBER (M_NO,NAME,MID,PASSWORD,NICKNAME,EMAIL,BIRTHDATE,PHONE,GENDER,SIDO_ID,SIGUNGU_ID,DETAIL_ADDRESS,REG_DATE) values (181,'홍무열','hyatt2098','12345','옥수수','hyatt2098@naver.com',to_date('02/01/15','RR/MM/DD'),'010-4182-0346','남       ',2,30,'권선구 서호동로26번길 14',to_date('24/05/29','RR/MM/DD'));
Insert into KING.MEMBER (M_NO,NAME,MID,PASSWORD,NICKNAME,EMAIL,BIRTHDATE,PHONE,GENDER,SIDO_ID,SIGUNGU_ID,DETAIL_ADDRESS,REG_DATE) values (182,'노덕수','brandy3377','12345','왼발의달인','brandy3377@naver.com',to_date('60/09/20','RR/MM/DD'),'010-4057-8886','남       ',2,45,'남양읍 주석로 333번지 9',to_date('24/05/29','RR/MM/DD'));
Insert into KING.MEMBER (M_NO,NAME,MID,PASSWORD,NICKNAME,EMAIL,BIRTHDATE,PHONE,GENDER,SIDO_ID,SIGUNGU_ID,DETAIL_ADDRESS,REG_DATE) values (183,'남경구','schneiderman99','12345','반장','schneiderman99@naver.com',to_date('04/07/09','RR/MM/DD'),'010-7014-8166','남       ',2,45,'동탄장지천2길 14번지 10',to_date('24/05/29','RR/MM/DD'));
Insert into KING.MEMBER (M_NO,NAME,MID,PASSWORD,NICKNAME,EMAIL,BIRTHDATE,PHONE,GENDER,SIDO_ID,SIGUNGU_ID,DETAIL_ADDRESS,REG_DATE) values (184,'성무영','whenever21','12345','원숭이','whenever21@naver.com',to_date('43/06/08','RR/MM/DD'),'010-9645-4294','남       ',9,140,'포방터2라길 6번지 1',to_date('24/05/29','RR/MM/DD'));
Insert into KING.MEMBER (M_NO,NAME,MID,PASSWORD,NICKNAME,EMAIL,BIRTHDATE,PHONE,GENDER,SIDO_ID,SIGUNGU_ID,DETAIL_ADDRESS,REG_DATE) values (185,'이치원','latrena33','12345','발바리','latrena33@naver.com',to_date('11/04/13','RR/MM/DD'),'010-6386-5283','남       ',10,153,'진성2길 22',to_date('24/05/29','RR/MM/DD'));
Insert into KING.MEMBER (M_NO,NAME,MID,PASSWORD,NICKNAME,EMAIL,BIRTHDATE,PHONE,GENDER,SIDO_ID,SIGUNGU_ID,DETAIL_ADDRESS,REG_DATE) values (186,'남궁병헌','inasmuch2','12345','눈물젖은축구화','inasmuch2@naver.com',to_date('61/04/10','RR/MM/DD'),'010-0834-6944','남       ',15,218,'청남면 금강변로 7',to_date('24/05/29','RR/MM/DD'));
Insert into KING.MEMBER (M_NO,NAME,MID,PASSWORD,NICKNAME,EMAIL,BIRTHDATE,PHONE,GENDER,SIDO_ID,SIGUNGU_ID,DETAIL_ADDRESS,REG_DATE) values (187,'황보덕수','gadzooks47','12345','개다리','gadzooks47@naver.com',to_date('74/11/13','RR/MM/DD'),'010-9904-3462','남       ',4,72,'검성로 39',to_date('24/05/29','RR/MM/DD'));
Insert into KING.MEMBER (M_NO,NAME,MID,PASSWORD,NICKNAME,EMAIL,BIRTHDATE,PHONE,GENDER,SIDO_ID,SIGUNGU_ID,DETAIL_ADDRESS,REG_DATE) values (188,'정덕수','lightfoot','12345','개발슛','lightfoot@naver.com',to_date('79/10/30','RR/MM/DD'),'010-3964-3852','남       ',2,25,'대곶면 쇄암로 141번길 9',to_date('24/05/29','RR/MM/DD'));
Insert into KING.MEMBER (M_NO,NAME,MID,PASSWORD,NICKNAME,EMAIL,BIRTHDATE,PHONE,GENDER,SIDO_ID,SIGUNGU_ID,DETAIL_ADDRESS,REG_DATE) values (189,'류경민','tulley','12345','검은띠','tulley@naver.com',to_date('53/09/16','RR/MM/DD'),'010-7044-0771','남       ',2,33,'도구머리길 56번지 2',to_date('24/05/29','RR/MM/DD'));
Insert into KING.MEMBER (M_NO,NAME,MID,PASSWORD,NICKNAME,EMAIL,BIRTHDATE,PHONE,GENDER,SIDO_ID,SIGUNGU_ID,DETAIL_ADDRESS,REG_DATE) values (190,'이승헌','verene','12345','어중이','verene@naver.com',to_date('58/02/04','RR/MM/DD'),'010-8892-0373','남       ',2,34,'만안구 석천로198번길 11번지 16',to_date('24/05/29','RR/MM/DD'));
Insert into KING.MEMBER (M_NO,NAME,MID,PASSWORD,NICKNAME,EMAIL,BIRTHDATE,PHONE,GENDER,SIDO_ID,SIGUNGU_ID,DETAIL_ADDRESS,REG_DATE) values (191,'임광조','graves','12345','리틀보이','graves@naver.com',to_date('42/11/24','RR/MM/DD'),'010-4084-9523','남       ',9,145,'오목로 28번지 16',to_date('24/05/29','RR/MM/DD'));
Insert into KING.MEMBER (M_NO,NAME,MID,PASSWORD,NICKNAME,EMAIL,BIRTHDATE,PHONE,GENDER,SIDO_ID,SIGUNGU_ID,DETAIL_ADDRESS,REG_DATE) values (192,'유재범','codie','12345','오빠간다','codie@naver.com',to_date('90/02/25','RR/MM/DD'),'010-4615-5143','남       ',7,107,'대전로 592번지 13',to_date('24/05/29','RR/MM/DD'));
Insert into KING.MEMBER (M_NO,NAME,MID,PASSWORD,NICKNAME,EMAIL,BIRTHDATE,PHONE,GENDER,SIDO_ID,SIGUNGU_ID,DETAIL_ADDRESS,REG_DATE) values (193,'서경모','aaron','12345','올빼미','aaron123@naver.com',to_date('01/04/12','RR/MM/DD'),'010-9343-7093','남       ',4,77,'구성로188번길 13번지 3',to_date('24/05/29','RR/MM/DD'));
Insert into KING.MEMBER (M_NO,NAME,MID,PASSWORD,NICKNAME,EMAIL,BIRTHDATE,PHONE,GENDER,SIDO_ID,SIGUNGU_ID,DETAIL_ADDRESS,REG_DATE) values (194,'장광조','angelique','12345','청솔새','angelique@naver.com',to_date('82/02/04','RR/MM/DD'),'010-9316-0503','남       ',2,39,'신촌로 36번지 7',to_date('24/05/29','RR/MM/DD'));
Insert into KING.MEMBER (M_NO,NAME,MID,PASSWORD,NICKNAME,EMAIL,BIRTHDATE,PHONE,GENDER,SIDO_ID,SIGUNGU_ID,DETAIL_ADDRESS,REG_DATE) values (195,'표재범','hook1234','12345','노총각','hook1234@naver.com',to_date('50/10/03','RR/MM/DD'),'010-9626-7643','남       ',3,68,'함양읍 한들로 223',to_date('24/05/29','RR/MM/DD'));
Insert into KING.MEMBER (M_NO,NAME,MID,PASSWORD,NICKNAME,EMAIL,BIRTHDATE,PHONE,GENDER,SIDO_ID,SIGUNGU_ID,DETAIL_ADDRESS,REG_DATE) values (196,'설남규','bax9900','12345','산삼파워','bax9900@naver.com',to_date('48/05/24','RR/MM/DD'),'010-5096-5663','남       ',9,147,'이태원로 161번지 1',to_date('24/05/29','RR/MM/DD'));
Insert into KING.MEMBER (M_NO,NAME,MID,PASSWORD,NICKNAME,EMAIL,BIRTHDATE,PHONE,GENDER,SIDO_ID,SIGUNGU_ID,DETAIL_ADDRESS,REG_DATE) values (197,'남승헌','kinna55','12345','레드카드','kinna55@naver.com',to_date('53/03/15','RR/MM/DD'),'010-5121-4343','남       ',12,170,'역전장길 52',to_date('24/05/29','RR/MM/DD'));
Insert into KING.MEMBER (M_NO,NAME,MID,PASSWORD,NICKNAME,EMAIL,BIRTHDATE,PHONE,GENDER,SIDO_ID,SIGUNGU_ID,DETAIL_ADDRESS,REG_DATE) values (198,'권승헌','cumberland','12345','대머리','cumberland@naver.com',to_date('56/12/31','RR/MM/DD'),'010-5591-7033','남       ',15,208,'사곡면 밤나무골길 64',to_date('24/05/29','RR/MM/DD'));
Insert into KING.MEMBER (M_NO,NAME,MID,PASSWORD,NICKNAME,EMAIL,BIRTHDATE,PHONE,GENDER,SIDO_ID,SIGUNGU_ID,DETAIL_ADDRESS,REG_DATE) values (199,'조덕수','kasper019','12345','골골골','kasper019@naver.com',to_date('58/08/30','RR/MM/DD'),'010-7294-2724','남       ',4,83,'대가면 대천1길 65번지 4',to_date('24/05/29','RR/MM/DD'));
Insert into KING.MEMBER (M_NO,NAME,MID,PASSWORD,NICKNAME,EMAIL,BIRTHDATE,PHONE,GENDER,SIDO_ID,SIGUNGU_ID,DETAIL_ADDRESS,REG_DATE) values (200,'최승헌','feigenbaum','12345','한골','feigenbaum@naver.com',to_date('02/01/05','RR/MM/DD'),'010-4874-3436','남       ',3,50,'거제중앙로31길 14',to_date('24/05/29','RR/MM/DD'));
Insert into KING.MEMBER (M_NO,NAME,MID,PASSWORD,NICKNAME,EMAIL,BIRTHDATE,PHONE,GENDER,SIDO_ID,SIGUNGU_ID,DETAIL_ADDRESS,REG_DATE) values (201,'남강민','dionis','12345','심쿵','dionis@naver.com',to_date('11/12/17','RR/MM/DD'),'010-5091-3056','남       ',3,56,'집현면 진주성로414번길 11',to_date('24/05/29','RR/MM/DD'));
Insert into KING.MEMBER (M_NO,NAME,MID,PASSWORD,NICKNAME,EMAIL,BIRTHDATE,PHONE,GENDER,SIDO_ID,SIGUNGU_ID,DETAIL_ADDRESS,REG_DATE) values (202,'서남규','maugham','12345','으라차차','maugham@naver.com',to_date('01/07/23','RR/MM/DD'),'010-6497-3106','남       ',3,69,'대양면 백암1길 18번지 8',to_date('24/05/29','RR/MM/DD'));
Insert into KING.MEMBER (M_NO,NAME,MID,PASSWORD,NICKNAME,EMAIL,BIRTHDATE,PHONE,GENDER,SIDO_ID,SIGUNGU_ID,DETAIL_ADDRESS,REG_DATE) values (203,'황상호','leonidas','12345','깜둥이','leonidas@naver.com',to_date('72/08/05','RR/MM/DD'),'010-0887-1846','남       ',11,162,'가정로 350',to_date('24/05/29','RR/MM/DD'));
Insert into KING.MEMBER (M_NO,NAME,MID,PASSWORD,NICKNAME,EMAIL,BIRTHDATE,PHONE,GENDER,SIDO_ID,SIGUNGU_ID,DETAIL_ADDRESS,REG_DATE) values (204,'탁승헌','rothfuss','12345','멋있다게','rothfuss@naver.com',to_date('01/09/10','RR/MM/DD'),'010-6104-5391','남       ',15,221,'태안읍 후곡로 35',to_date('24/05/29','RR/MM/DD'));
Insert into KING.MEMBER (M_NO,NAME,MID,PASSWORD,NICKNAME,EMAIL,BIRTHDATE,PHONE,GENDER,SIDO_ID,SIGUNGU_ID,DETAIL_ADDRESS,REG_DATE) values (205,'장강민','frieda1111','12345','똥슛','frieda1111@naver.com',to_date('58/04/19','RR/MM/DD'),'010-8020-5976','남       ',4,74,'마성면 상내1길 138번지 62',to_date('24/05/29','RR/MM/DD'));
Insert into KING.MEMBER (M_NO,NAME,MID,PASSWORD,NICKNAME,EMAIL,BIRTHDATE,PHONE,GENDER,SIDO_ID,SIGUNGU_ID,DETAIL_ADDRESS,REG_DATE) values (206,'노유리','cravens098','12345','깻잎머리','cravens098@naver.com',to_date('90/07/10','RR/MM/DD'),'010-7015-5477','여       ',2,35,'남면 삼일로 808번지 1',to_date('24/05/29','RR/MM/DD'));
Insert into KING.MEMBER (M_NO,NAME,MID,PASSWORD,NICKNAME,EMAIL,BIRTHDATE,PHONE,GENDER,SIDO_ID,SIGUNGU_ID,DETAIL_ADDRESS,REG_DATE) values (207,'강미래','trevor33','12345','레몬레이드','trevor33@naver.com',to_date('11/08/15','RR/MM/DD'),'010-5794-8677','여       ',13,199,'운주면 대둔산로 2100번지 25',to_date('24/05/29','RR/MM/DD'));
Insert into KING.MEMBER (M_NO,NAME,MID,PASSWORD,NICKNAME,EMAIL,BIRTHDATE,PHONE,GENDER,SIDO_ID,SIGUNGU_ID,DETAIL_ADDRESS,REG_DATE) values (208,'권미란','menzelfricke','12345','꽃사슴','menzelfricke@naver.com',to_date('90/05/18','RR/MM/DD'),'010-9254-8293','여       ',13,192,'함라면 신함길 27',to_date('24/05/29','RR/MM/DD'));
Insert into KING.MEMBER (M_NO,NAME,MID,PASSWORD,NICKNAME,EMAIL,BIRTHDATE,PHONE,GENDER,SIDO_ID,SIGUNGU_ID,DETAIL_ADDRESS,REG_DATE) values (209,'허유리','yoshino','12345','엘프','yoshino@naver.com',to_date('96/05/10','RR/MM/DD'),'010-9086-0710','여       ',9,149,'창신6나길 17번지 4',to_date('24/05/29','RR/MM/DD'));
Insert into KING.MEMBER (M_NO,NAME,MID,PASSWORD,NICKNAME,EMAIL,BIRTHDATE,PHONE,GENDER,SIDO_ID,SIGUNGU_ID,DETAIL_ADDRESS,REG_DATE) values (210,'한장미','kennith567','12345','꿈나무','kennith567@naver.com',to_date('14/02/22','RR/MM/DD'),'010-4364-1714','여       ',8,125,'달맞이길 104번길 38번지 5',to_date('24/05/29','RR/MM/DD'));
Insert into KING.MEMBER (M_NO,NAME,MID,PASSWORD,NICKNAME,EMAIL,BIRTHDATE,PHONE,GENDER,SIDO_ID,SIGUNGU_ID,DETAIL_ADDRESS,REG_DATE) values (211,'김준희','hayward1098','12345','슈방','hayward1098@naver.com',to_date('84/09/02','RR/MM/DD'),'010-9620-7944','남       ',15,216,'옥산면 봉산로 90번지 10',to_date('24/05/29','RR/MM/DD'));
Insert into KING.MEMBER (M_NO,NAME,MID,PASSWORD,NICKNAME,EMAIL,BIRTHDATE,PHONE,GENDER,SIDO_ID,SIGUNGU_ID,DETAIL_ADDRESS,REG_DATE) values (212,'고상희','addi642','12345','돌머리','addi642@naver.com',to_date('35/06/04','RR/MM/DD'),'010-8473-6237','남       ',4,71,'감포읍 감포대안2길 4번지 57',to_date('24/05/29','RR/MM/DD'));
Insert into KING.MEMBER (M_NO,NAME,MID,PASSWORD,NICKNAME,EMAIL,BIRTHDATE,PHONE,GENDER,SIDO_ID,SIGUNGU_ID,DETAIL_ADDRESS,REG_DATE) values (213,'황인성','nicholson','12345','폭풍질주','nicholson@naver.com',to_date('94/05/04','RR/MM/DD'),'010-3271-2461','남       ',4,79,'북구 흥해읍 신흥로 709번길 43',to_date('24/05/29','RR/MM/DD'));
Insert into KING.MEMBER (M_NO,NAME,MID,PASSWORD,NICKNAME,EMAIL,BIRTHDATE,PHONE,GENDER,SIDO_ID,SIGUNGU_ID,DETAIL_ADDRESS,REG_DATE) values (214,'이민웅','shocking456','12345','말소주','shocking456@naver.com',to_date('66/09/09','RR/MM/DD'),'010-2861-6752','남       ',2,32,'단원구 원본로1길 20번지 12',to_date('24/05/29','RR/MM/DD'));
Insert into KING.MEMBER (M_NO,NAME,MID,PASSWORD,NICKNAME,EMAIL,BIRTHDATE,PHONE,GENDER,SIDO_ID,SIGUNGU_ID,DETAIL_ADDRESS,REG_DATE) values (215,'송진용','aback23','12345','골치','aback23@naver.com',to_date('86/08/02','RR/MM/DD'),'010-5761-6932','남       ',9,146,'경인로 79길 10',to_date('24/05/29','RR/MM/DD'));
Insert into KING.MEMBER (M_NO,NAME,MID,PASSWORD,NICKNAME,EMAIL,BIRTHDATE,PHONE,GENDER,SIDO_ID,SIGUNGU_ID,DETAIL_ADDRESS,REG_DATE) values (216,'최은용','secretive','12345','형님','secretive@naver.com',to_date('92/03/28','RR/MM/DD'),'010-8648-6345','남       ',8,122,'고분로 241번길 5번지 1',to_date('24/05/29','RR/MM/DD'));
Insert into KING.MEMBER (M_NO,NAME,MID,PASSWORD,NICKNAME,EMAIL,BIRTHDATE,PHONE,GENDER,SIDO_ID,SIGUNGU_ID,DETAIL_ADDRESS,REG_DATE) values (217,'한창하','imaginary','12345','아차차','imaginary@naver.com',to_date('44/12/09','RR/MM/DD'),'010-1811-9611','남       ',15,221,'소원면 송의로 347번지 28',to_date('24/05/29','RR/MM/DD'));
Insert into KING.MEMBER (M_NO,NAME,MID,PASSWORD,NICKNAME,EMAIL,BIRTHDATE,PHONE,GENDER,SIDO_ID,SIGUNGU_ID,DETAIL_ADDRESS,REG_DATE) values (218,'홍광선','excellent11','12345','홍광선','excellent11@naver.com',to_date('36/04/10','RR/MM/DD'),'010-8991-3152','남       ',1,18,'강림면 주천강로 1390',to_date('24/05/29','RR/MM/DD'));
Insert into KING.MEMBER (M_NO,NAME,MID,PASSWORD,NICKNAME,EMAIL,BIRTHDATE,PHONE,GENDER,SIDO_ID,SIGUNGU_ID,DETAIL_ADDRESS,REG_DATE) values (219,'남준성','hellish543','12345','똥볼','hellish543@naver.com',to_date('53/12/12','RR/MM/DD'),'010-0917-3355','남       ',4,72,'칠성로 60번지 9',to_date('24/05/29','RR/MM/DD'));
Insert into KING.MEMBER (M_NO,NAME,MID,PASSWORD,NICKNAME,EMAIL,BIRTHDATE,PHONE,GENDER,SIDO_ID,SIGUNGU_ID,DETAIL_ADDRESS,REG_DATE) values (220,'복성재','wakeful1029','12345','야생마','wakeful1029@naver.com',to_date('96/07/06','RR/MM/DD'),'010-9501-6953','남       ',4,79,'남구 호미곶면 호미로 903',to_date('24/05/29','RR/MM/DD'));
Insert into KING.MEMBER (M_NO,NAME,MID,PASSWORD,NICKNAME,EMAIL,BIRTHDATE,PHONE,GENDER,SIDO_ID,SIGUNGU_ID,DETAIL_ADDRESS,REG_DATE) values (221,'허우영','acid159','12345','백마부대','acid159@naver.com',to_date('84/02/12','RR/MM/DD'),'010-1864-8443','남       ',2,34,'만안구 박달로 578번길 48번지 6',to_date('24/05/29','RR/MM/DD'));
Insert into KING.MEMBER (M_NO,NAME,MID,PASSWORD,NICKNAME,EMAIL,BIRTHDATE,PHONE,GENDER,SIDO_ID,SIGUNGU_ID,DETAIL_ADDRESS,REG_DATE) values (222,'유만기','well777','12345','슛돌이','well777@naver.com',to_date('48/12/07','RR/MM/DD'),'010-6061-4932','남       ',8,118,'주례로 28번길 38',to_date('24/05/29','RR/MM/DD'));
Insert into KING.MEMBER (M_NO,NAME,MID,PASSWORD,NICKNAME,EMAIL,BIRTHDATE,PHONE,GENDER,SIDO_ID,SIGUNGU_ID,DETAIL_ADDRESS,REG_DATE) values (223,'정명진','aboard888','12345','무조건이긴다','aboard888@naver.com',to_date('87/06/27','RR/MM/DD'),'010-2335-4892','남       ',1,5,'북원로 2704번길 38',to_date('24/05/29','RR/MM/DD'));
Insert into KING.MEMBER (M_NO,NAME,MID,PASSWORD,NICKNAME,EMAIL,BIRTHDATE,PHONE,GENDER,SIDO_ID,SIGUNGU_ID,DETAIL_ADDRESS,REG_DATE) values (224,'배수호','Rainy8642','12345','헛발질','Rainy8642@naver.com',to_date('76/08/02','RR/MM/DD'),'010-6061-5151','남       ',2,29,'수정구 남문로 21번길 7번지 1',to_date('24/05/29','RR/MM/DD'));
Insert into KING.MEMBER (M_NO,NAME,MID,PASSWORD,NICKNAME,EMAIL,BIRTHDATE,PHONE,GENDER,SIDO_ID,SIGUNGU_ID,DETAIL_ADDRESS,REG_DATE) values (225,'강효원','earthy148','12345','굿모닝','earthy148@naver.com',to_date('58/09/20','RR/MM/DD'),'010-1761-8923','남       ',13,198,'순창읍 장류로 300',to_date('24/05/29','RR/MM/DD'));
Insert into KING.MEMBER (M_NO,NAME,MID,PASSWORD,NICKNAME,EMAIL,BIRTHDATE,PHONE,GENDER,SIDO_ID,SIGUNGU_ID,DETAIL_ADDRESS,REG_DATE) values (226,'노힘찬','illegal124','12345','약골','illegal124@naver.com',to_date('44/03/31','RR/MM/DD'),'010-4531-2994','남       ',12,167,'옥룡면 옥동길 64',to_date('24/05/29','RR/MM/DD'));
Insert into KING.MEMBER (M_NO,NAME,MID,PASSWORD,NICKNAME,EMAIL,BIRTHDATE,PHONE,GENDER,SIDO_ID,SIGUNGU_ID,DETAIL_ADDRESS,REG_DATE) values (227,'류나길','acrid456','12345','독종','acrid456@naver.com',to_date('78/10/08','RR/MM/DD'),'010-9243-8622','남       ',12,171,'문수7길 29번지 4',to_date('24/05/29','RR/MM/DD'));
Insert into KING.MEMBER (M_NO,NAME,MID,PASSWORD,NICKNAME,EMAIL,BIRTHDATE,PHONE,GENDER,SIDO_ID,SIGUNGU_ID,DETAIL_ADDRESS,REG_DATE) values (228,'신한길','common5524','12345','폭주기관차','common5524@naver.com',to_date('07/10/14','RR/MM/DD'),'010-4554-8608','남       ',8,116,'동평로27번길 29번지 3',to_date('24/05/29','RR/MM/DD'));
Insert into KING.MEMBER (M_NO,NAME,MID,PASSWORD,NICKNAME,EMAIL,BIRTHDATE,PHONE,GENDER,SIDO_ID,SIGUNGU_ID,DETAIL_ADDRESS,REG_DATE) values (229,'박새롬','addicted1000','12345','백설공주','addicted1000@naver.com',to_date('84/02/17','RR/MM/DD'),'010-5564-7110','여       ',1,13,'고한읍 두문동길 79',to_date('24/05/29','RR/MM/DD'));
Insert into KING.MEMBER (M_NO,NAME,MID,PASSWORD,NICKNAME,EMAIL,BIRTHDATE,PHONE,GENDER,SIDO_ID,SIGUNGU_ID,DETAIL_ADDRESS,REG_DATE) values (230,'추호','harsh166','12345','소림축구','harsh166@naver.com',to_date('77/05/26','RR/MM/DD'),'010-0511-9464','남       ',3,51,'전하로 183',to_date('24/05/29','RR/MM/DD'));
Insert into KING.MEMBER (M_NO,NAME,MID,PASSWORD,NICKNAME,EMAIL,BIRTHDATE,PHONE,GENDER,SIDO_ID,SIGUNGU_ID,DETAIL_ADDRESS,REG_DATE) values (231,'정경모','repulsive8899','12345','아몬드근육','repulsive8899@naver.com',to_date('36/01/01','RR/MM/DD'),'010-6255-1208','남       ',3,56,'이반성면 오봉산로 332번지 1',to_date('24/05/29','RR/MM/DD'));
Insert into KING.MEMBER (M_NO,NAME,MID,PASSWORD,NICKNAME,EMAIL,BIRTHDATE,PHONE,GENDER,SIDO_ID,SIGUNGU_ID,DETAIL_ADDRESS,REG_DATE) values (232,'안일성','lopsided4477','12345','말근육','lopsided4477@naver.com',to_date('85/08/10','RR/MM/DD'),'010-2545-3981','남       ',9,128,'명일로 200번지 9',to_date('24/05/29','RR/MM/DD'));
Insert into KING.MEMBER (M_NO,NAME,MID,PASSWORD,NICKNAME,EMAIL,BIRTHDATE,PHONE,GENDER,SIDO_ID,SIGUNGU_ID,DETAIL_ADDRESS,REG_DATE) values (233,'오강민','strange6248','12345','오캡틴','strange6248@naver.com',to_date('89/05/29','RR/MM/DD'),'010-2304-5254','남       ',9,136,'우이천로 24길 52번지 18',to_date('24/05/29','RR/MM/DD'));
Insert into KING.MEMBER (M_NO,NAME,MID,PASSWORD,NICKNAME,EMAIL,BIRTHDATE,PHONE,GENDER,SIDO_ID,SIGUNGU_ID,DETAIL_ADDRESS,REG_DATE) values (234,'노재범','fragile0987','12345','족구왕','fragile0987@naver.com',to_date('65/08/27','RR/MM/DD'),'010-3984-9203','남       ',9,142,'성수일로 1길 9',to_date('24/05/29','RR/MM/DD'));
Insert into KING.MEMBER (M_NO,NAME,MID,PASSWORD,NICKNAME,EMAIL,BIRTHDATE,PHONE,GENDER,SIDO_ID,SIGUNGU_ID,DETAIL_ADDRESS,REG_DATE) values (235,'한오성','groovy8642','12345','망고','groovy8642@naver.com',to_date('70/08/04','RR/MM/DD'),'010-1081-7161','남       ',15,216,'부여읍 계백로 241번길 13번지 1',to_date('24/05/29','RR/MM/DD'));
Insert into KING.MEMBER (M_NO,NAME,MID,PASSWORD,NICKNAME,EMAIL,BIRTHDATE,PHONE,GENDER,SIDO_ID,SIGUNGU_ID,DETAIL_ADDRESS,REG_DATE) values (236,'추무영','clean8282','12345','까리쑤마','clean8282@naver.com',to_date('35/07/11','RR/MM/DD'),'010-6116-8281','남       ',5,93,'북문대로 341번지 51',to_date('24/05/29','RR/MM/DD'));
Insert into KING.MEMBER (M_NO,NAME,MID,PASSWORD,NICKNAME,EMAIL,BIRTHDATE,PHONE,GENDER,SIDO_ID,SIGUNGU_ID,DETAIL_ADDRESS,REG_DATE) values (237,'안재범','erratic1234','12345','어지럽달랑게','erratic1234@naver.com',to_date('96/10/16','RR/MM/DD'),'010-8901-7015','남       ',2,46,'북면 가화로 2369번지 13',to_date('24/05/29','RR/MM/DD'));
Insert into KING.MEMBER (M_NO,NAME,MID,PASSWORD,NICKNAME,EMAIL,BIRTHDATE,PHONE,GENDER,SIDO_ID,SIGUNGU_ID,DETAIL_ADDRESS,REG_DATE) values (238,'신경모','knowing990','12345','악동','knowing990@naver.com',to_date('08/08/07','RR/MM/DD'),'010-3721-2126','남       ',2,43,'영북면 호국로 4091번길 169번지 48',to_date('24/05/29','RR/MM/DD'));
Insert into KING.MEMBER (M_NO,NAME,MID,PASSWORD,NICKNAME,EMAIL,BIRTHDATE,PHONE,GENDER,SIDO_ID,SIGUNGU_ID,DETAIL_ADDRESS,REG_DATE) values (239,'전동건','alike7979','12345','골리앗','alike7979@naver.com',to_date('48/06/09','RR/MM/DD'),'010-1731-8819','남       ',14,203,'표선면 중산간동로 5570번길 13',to_date('24/05/29','RR/MM/DD'));
Insert into KING.MEMBER (M_NO,NAME,MID,PASSWORD,NICKNAME,EMAIL,BIRTHDATE,PHONE,GENDER,SIDO_ID,SIGUNGU_ID,DETAIL_ADDRESS,REG_DATE) values (240,'류강민','makeshift4646','12345','살살해','makeshift4646@naver.com',to_date('78/03/29','RR/MM/DD'),'010-9251-7445','남       ',9,128,'고덕로24가길 19번지 7',to_date('24/05/29','RR/MM/DD'));
Insert into KING.MEMBER (M_NO,NAME,MID,PASSWORD,NICKNAME,EMAIL,BIRTHDATE,PHONE,GENDER,SIDO_ID,SIGUNGU_ID,DETAIL_ADDRESS,REG_DATE) values (241,'홍경택','tame1234','12345','짱구','tame1234@naver.com',to_date('58/10/12','RR/MM/DD'),'010-5911-2184','남       ',2,28,'부천로 290',to_date('24/05/29','RR/MM/DD'));
Insert into KING.MEMBER (M_NO,NAME,MID,PASSWORD,NICKNAME,EMAIL,BIRTHDATE,PHONE,GENDER,SIDO_ID,SIGUNGU_ID,DETAIL_ADDRESS,REG_DATE) values (242,'허경구','impartial7799','12345','해병대','impartial7799@naver.com',to_date('76/10/01','RR/MM/DD'),'010-1981-9062','남       ',2,30,'장안구 파장천로 11번길 6번지 4',to_date('24/05/29','RR/MM/DD'));
Insert into KING.MEMBER (M_NO,NAME,MID,PASSWORD,NICKNAME,EMAIL,BIRTHDATE,PHONE,GENDER,SIDO_ID,SIGUNGU_ID,DETAIL_ADDRESS,REG_DATE) values (243,'류재범','profuse42','12345','메시재범','profuse42@naver.com',to_date('65/04/29','RR/MM/DD'),'010-5992-1686','남       ',2,47,'단월면 섬이길 342',to_date('24/05/29','RR/MM/DD'));
Insert into KING.MEMBER (M_NO,NAME,MID,PASSWORD,NICKNAME,EMAIL,BIRTHDATE,PHONE,GENDER,SIDO_ID,SIGUNGU_ID,DETAIL_ADDRESS,REG_DATE) values (244,'탁경모','round9090','12345','미스매치','round9090@naver.com',to_date('80/12/18','RR/MM/DD'),'010-6124-9887','남       ',9,132,'자양로 13나길 5번지 14',to_date('24/05/29','RR/MM/DD'));
Insert into KING.MEMBER (M_NO,NAME,MID,PASSWORD,NICKNAME,EMAIL,BIRTHDATE,PHONE,GENDER,SIDO_ID,SIGUNGU_ID,DETAIL_ADDRESS,REG_DATE) values (245,'이경모','warlike765','12345','마누라눈치','warlike765@naver.com',to_date('91/01/31','RR/MM/DD'),'010-6002-9486','남       ',12,171,'화양면 고내1길 21번지 1',to_date('24/05/29','RR/MM/DD'));
Insert into KING.MEMBER (M_NO,NAME,MID,PASSWORD,NICKNAME,EMAIL,BIRTHDATE,PHONE,GENDER,SIDO_ID,SIGUNGU_ID,DETAIL_ADDRESS,REG_DATE) values (246,'복무영','delightful5248','12345','무지개슛','delightful5248@naver.com',to_date('53/08/06','RR/MM/DD'),'010-8214-9312','남       ',12,183,'북일면 오산로 49번지 16',to_date('24/05/29','RR/MM/DD'));
Insert into KING.MEMBER (M_NO,NAME,MID,PASSWORD,NICKNAME,EMAIL,BIRTHDATE,PHONE,GENDER,SIDO_ID,SIGUNGU_ID,DETAIL_ADDRESS,REG_DATE) values (247,'임경모','ancient6234','12345','독수리슛','ancient6234@naver.com',to_date('63/09/04','RR/MM/DD'),'010-8855-6461','남       ',8,123,'남항새싹3길 158',to_date('24/05/29','RR/MM/DD'));
Insert into KING.MEMBER (M_NO,NAME,MID,PASSWORD,NICKNAME,EMAIL,BIRTHDATE,PHONE,GENDER,SIDO_ID,SIGUNGU_ID,DETAIL_ADDRESS,REG_DATE) values (248,'황치원','level99','12345','도깨비슛','level99@naver.com',to_date('83/10/09','RR/MM/DD'),'010-0446-1172','남       ',15,208,'탄천면 광명길 239',to_date('24/05/29','RR/MM/DD'));
Insert into KING.MEMBER (M_NO,NAME,MID,PASSWORD,NICKNAME,EMAIL,BIRTHDATE,PHONE,GENDER,SIDO_ID,SIGUNGU_ID,DETAIL_ADDRESS,REG_DATE) values (249,'송경구','tense632','12345','조기축구','tense632@naver.com',to_date('97/10/03','RR/MM/DD'),'010-3021-2835','남       ',15,210,'신창면 서부북로 682번길 24',to_date('24/05/29','RR/MM/DD'));
Insert into KING.MEMBER (M_NO,NAME,MID,PASSWORD,NICKNAME,EMAIL,BIRTHDATE,PHONE,GENDER,SIDO_ID,SIGUNGU_ID,DETAIL_ADDRESS,REG_DATE) values (250,'최혜성','seemly687','12345','제트맨','seemly687@naver.com',to_date('45/10/16','RR/MM/DD'),'010-6030-2274','남       ',15,210,'인주면 서해로 548번길 89번지 45',to_date('24/05/29','RR/MM/DD'));
Insert into KING.MEMBER (M_NO,NAME,MID,PASSWORD,NICKNAME,EMAIL,BIRTHDATE,PHONE,GENDER,SIDO_ID,SIGUNGU_ID,DETAIL_ADDRESS,REG_DATE) values (251,'백수미','juicy6262','12345','보노보노','juicy6262@naver.com',to_date('96/03/18','RR/MM/DD'),'010-3368-6734','여       ',9,131,'청림길 5',to_date('24/05/30','RR/MM/DD'));
Insert into KING.MEMBER (M_NO,NAME,MID,PASSWORD,NICKNAME,EMAIL,BIRTHDATE,PHONE,GENDER,SIDO_ID,SIGUNGU_ID,DETAIL_ADDRESS,REG_DATE) values (252,'조인정','homework77','12345','괴인공주','homework77@naver.com',to_date('14/01/01','RR/MM/DD'),'010-4058-5310','여       ',9,148,'연서로 33길 29',to_date('24/05/30','RR/MM/DD'));
Insert into KING.MEMBER (M_NO,NAME,MID,PASSWORD,NICKNAME,EMAIL,BIRTHDATE,PHONE,GENDER,SIDO_ID,SIGUNGU_ID,DETAIL_ADDRESS,REG_DATE) values (253,'정혜지','neglect321','12345','카라','neglect321@naver.com',to_date('12/05/21','RR/MM/DD'),'010-6173-8578','여       ',9,146,'신길로 41가길 4',to_date('24/05/30','RR/MM/DD'));
Insert into KING.MEMBER (M_NO,NAME,MID,PASSWORD,NICKNAME,EMAIL,BIRTHDATE,PHONE,GENDER,SIDO_ID,SIGUNGU_ID,DETAIL_ADDRESS,REG_DATE) values (254,'최미주','yippee687','12345','아이돌','yippee687@naver.com',to_date('03/09/21','RR/MM/DD'),'010-2014-1564','여       ',9,127,'선릉로 742',to_date('24/05/30','RR/MM/DD'));
Insert into KING.MEMBER (M_NO,NAME,MID,PASSWORD,NICKNAME,EMAIL,BIRTHDATE,PHONE,GENDER,SIDO_ID,SIGUNGU_ID,DETAIL_ADDRESS,REG_DATE) values (255,'김대선','quicker33','12345','남주','quicker33@naver.com',to_date('95/07/28','RR/MM/DD'),'010-2987-1905','남       ',1,15,'용평면 도사길 154번지 1',to_date('24/05/30','RR/MM/DD'));
Insert into KING.MEMBER (M_NO,NAME,MID,PASSWORD,NICKNAME,EMAIL,BIRTHDATE,PHONE,GENDER,SIDO_ID,SIGUNGU_ID,DETAIL_ADDRESS,REG_DATE) values (256,'정세준','whereas78','12345','거프','whereas78@naver.com',to_date('03/03/23','RR/MM/DD'),'010-1846-5325','남       ',1,14,'갈말읍 두루미로 139번지 1',to_date('24/05/30','RR/MM/DD'));
Insert into KING.MEMBER (M_NO,NAME,MID,PASSWORD,NICKNAME,EMAIL,BIRTHDATE,PHONE,GENDER,SIDO_ID,SIGUNGU_ID,DETAIL_ADDRESS,REG_DATE) values (257,'노종연','outside09','12345','춘리의허벅지','outside09@naver.com',to_date('97/07/29','RR/MM/DD'),'010-5447-7344','남       ',1,8,'토성면 아야진길 31',to_date('24/05/30','RR/MM/DD'));
Insert into KING.MEMBER (M_NO,NAME,MID,PASSWORD,NICKNAME,EMAIL,BIRTHDATE,PHONE,GENDER,SIDO_ID,SIGUNGU_ID,DETAIL_ADDRESS,REG_DATE) values (258,'송민태','numeric234','12345','화이트','numeric234@naver.com',to_date('99/03/09','RR/MM/DD'),'010-8271-9391','남       ',1,13,'정선읍 생탄길 104번지 1',to_date('24/05/30','RR/MM/DD'));
Insert into KING.MEMBER (M_NO,NAME,MID,PASSWORD,NICKNAME,EMAIL,BIRTHDATE,PHONE,GENDER,SIDO_ID,SIGUNGU_ID,DETAIL_ADDRESS,REG_DATE) values (259,'정선호','phooey5546','12345','롤랜드','phooey5546@naver.com',to_date('01/05/20','RR/MM/DD'),'010-2138-5598','남       ',1,6,'후석로 420번길 26',to_date('24/05/30','RR/MM/DD'));
Insert into KING.MEMBER (M_NO,NAME,MID,PASSWORD,NICKNAME,EMAIL,BIRTHDATE,PHONE,GENDER,SIDO_ID,SIGUNGU_ID,DETAIL_ADDRESS,REG_DATE) values (260,'홍현진','lazy667','12345','토도로키','lazy667@naver.com',to_date('99/12/31','RR/MM/DD'),'010-5237-6040','남       ',2,22,'퇴촌면 천진암로 558',to_date('24/05/30','RR/MM/DD'));
Insert into KING.MEMBER (M_NO,NAME,MID,PASSWORD,NICKNAME,EMAIL,BIRTHDATE,PHONE,GENDER,SIDO_ID,SIGUNGU_ID,DETAIL_ADDRESS,REG_DATE) values (261,'장윤호','soon12','12345','염화대성','soon12@naver.com',to_date('97/04/22','RR/MM/DD'),'010-7665-7798','남       ',2,30,'팔달구 행궁로 26번길 25번지 13',to_date('24/05/30','RR/MM/DD'));
Insert into KING.MEMBER (M_NO,NAME,MID,PASSWORD,NICKNAME,EMAIL,BIRTHDATE,PHONE,GENDER,SIDO_ID,SIGUNGU_ID,DETAIL_ADDRESS,REG_DATE) values (262,'성규혁','drab77','12345','철권','drab77@naver.com',to_date('99/10/06','RR/MM/DD'),'010-8512-8764','남       ',2,42,'청북읍 삼계4길 24번지 2',to_date('24/05/30','RR/MM/DD'));
Insert into KING.MEMBER (M_NO,NAME,MID,PASSWORD,NICKNAME,EMAIL,BIRTHDATE,PHONE,GENDER,SIDO_ID,SIGUNGU_ID,DETAIL_ADDRESS,REG_DATE) values (263,'신홍식','into89','12345','켄파치','into89@naver.com',to_date('03/04/01','RR/MM/DD'),'010-2486-3160','남       ',2,40,' 부악로 38번지 52',to_date('24/05/30','RR/MM/DD'));
Insert into KING.MEMBER (M_NO,NAME,MID,PASSWORD,NICKNAME,EMAIL,BIRTHDATE,PHONE,GENDER,SIDO_ID,SIGUNGU_ID,DETAIL_ADDRESS,REG_DATE) values (264,'허은철','bend12','12345','하이데른','bend12@naver.com',to_date('02/03/12','RR/MM/DD'),'010-3722-4776','남       ',2,26,'경춘로1283번길 40',to_date('24/05/30','RR/MM/DD'));
Insert into KING.MEMBER (M_NO,NAME,MID,PASSWORD,NICKNAME,EMAIL,BIRTHDATE,PHONE,GENDER,SIDO_ID,SIGUNGU_ID,DETAIL_ADDRESS,REG_DATE) values (265,'황광조','pish33','12345','세븐나이츠','pish33@naver.com',to_date('01/05/05','RR/MM/DD'),'010-8286-9771','남       ',2,29,'수정구 위례동로 91',to_date('24/05/30','RR/MM/DD'));
Insert into KING.MEMBER (M_NO,NAME,MID,PASSWORD,NICKNAME,EMAIL,BIRTHDATE,PHONE,GENDER,SIDO_ID,SIGUNGU_ID,DETAIL_ADDRESS,REG_DATE) values (266,'양동건','hmph79','12345','진격의태클','hmph79@naver.com',to_date('02/03/10','RR/MM/DD'),'010-1697-9186','남       ',2,31,'대은로 12번지 8',to_date('24/05/30','RR/MM/DD'));
Insert into KING.MEMBER (M_NO,NAME,MID,PASSWORD,NICKNAME,EMAIL,BIRTHDATE,PHONE,GENDER,SIDO_ID,SIGUNGU_ID,DETAIL_ADDRESS,REG_DATE) values (267,'한강민','gosh31','12345','혼테일','gosh31@naver.com',to_date('01/08/21','RR/MM/DD'),'010-9393-3952','남       ',2,42,'원평로31번길 34',to_date('24/05/30','RR/MM/DD'));
Insert into KING.MEMBER (M_NO,NAME,MID,PASSWORD,NICKNAME,EMAIL,BIRTHDATE,PHONE,GENDER,SIDO_ID,SIGUNGU_ID,DETAIL_ADDRESS,REG_DATE) values (268,'전동건','midst88','12345','파워로더','midst88@naver.com',to_date('95/09/21','RR/MM/DD'),'010-6381-9512','남       ',2,41,'문산읍 사임당로 15번지 4',to_date('24/05/30','RR/MM/DD'));
Insert into KING.MEMBER (M_NO,NAME,MID,PASSWORD,NICKNAME,EMAIL,BIRTHDATE,PHONE,GENDER,SIDO_ID,SIGUNGU_ID,DETAIL_ADDRESS,REG_DATE) values (269,'정현승','loyal77','12345','몽블랑','loyal77@naver.com',to_date('03/05/22','RR/MM/DD'),'010-1180-4022','남       ',2,42,'국제로 72',to_date('24/05/30','RR/MM/DD'));
Insert into KING.MEMBER (M_NO,NAME,MID,PASSWORD,NICKNAME,EMAIL,BIRTHDATE,PHONE,GENDER,SIDO_ID,SIGUNGU_ID,DETAIL_ADDRESS,REG_DATE) values (270,'양성한','before864','12345','아이작','before864@naver.com',to_date('03/09/24','RR/MM/DD'),'010-6958-7072','남       ',2,30,'권선구 권선로 544번길 9번지 10',to_date('24/05/30','RR/MM/DD'));
Insert into KING.MEMBER (M_NO,NAME,MID,PASSWORD,NICKNAME,EMAIL,BIRTHDATE,PHONE,GENDER,SIDO_ID,SIGUNGU_ID,DETAIL_ADDRESS,REG_DATE) values (271,'조재섭','bewhoosh2','12345','진홍','bewhoosh2@naver.com',to_date('03/04/27','RR/MM/DD'),'010-3782-7117','남       ',2,45,'장안면 삼수문길 69번지 80',to_date('24/05/30','RR/MM/DD'));
Insert into KING.MEMBER (M_NO,NAME,MID,PASSWORD,NICKNAME,EMAIL,BIRTHDATE,PHONE,GENDER,SIDO_ID,SIGUNGU_ID,DETAIL_ADDRESS,REG_DATE) values (272,'강병헌','phooey42','12345','기르모','phooey42@naver.com',to_date('98/06/05','RR/MM/DD'),'010-7188-1295','남       ',2,43,'호국로 1282번지 112',to_date('24/05/30','RR/MM/DD'));
Insert into KING.MEMBER (M_NO,NAME,MID,PASSWORD,NICKNAME,EMAIL,BIRTHDATE,PHONE,GENDER,SIDO_ID,SIGUNGU_ID,DETAIL_ADDRESS,REG_DATE) values (273,'정경모','ransom66','12345','모나크','ransom66@naver.com',to_date('98/07/04','RR/MM/DD'),'010-1945-3197','남       ',2,29,'중원구 자혜로 57번길 15번지 4',to_date('24/05/30','RR/MM/DD'));
Insert into KING.MEMBER (M_NO,NAME,MID,PASSWORD,NICKNAME,EMAIL,BIRTHDATE,PHONE,GENDER,SIDO_ID,SIGUNGU_ID,DETAIL_ADDRESS,REG_DATE) values (274,'설현승','simple55','12345','할로우','simple55@naver.com',to_date('03/06/24','RR/MM/DD'),'010-5898-6698','남       ',9,132,'자양로26길 91번지 11',to_date('24/05/30','RR/MM/DD'));
Insert into KING.MEMBER (M_NO,NAME,MID,PASSWORD,NICKNAME,EMAIL,BIRTHDATE,PHONE,GENDER,SIDO_ID,SIGUNGU_ID,DETAIL_ADDRESS,REG_DATE) values (275,'서재범','tandem21','12345','슬리피','tandem21@naver.com',to_date('95/06/25','RR/MM/DD'),'010-7354-9543','남       ',9,132,'아차산로59길 21번지 21',to_date('24/05/30','RR/MM/DD'));
Insert into KING.MEMBER (M_NO,NAME,MID,PASSWORD,NICKNAME,EMAIL,BIRTHDATE,PHONE,GENDER,SIDO_ID,SIGUNGU_ID,DETAIL_ADDRESS,REG_DATE) values (276,'황요한','herald22','12345','센고쿠','herald22@naver.com',to_date('97/01/05','RR/MM/DD'),'010-1073-4104','남       ',9,146,'가마산로 69길 3번지 4',to_date('24/05/30','RR/MM/DD'));
Insert into KING.MEMBER (M_NO,NAME,MID,PASSWORD,NICKNAME,EMAIL,BIRTHDATE,PHONE,GENDER,SIDO_ID,SIGUNGU_ID,DETAIL_ADDRESS,REG_DATE) values (277,'임현승','rocket88','12345','유시로','rocket88@naver.com',to_date('02/10/02','RR/MM/DD'),'010-4862-5496','남       ',9,129,'한천로120길 36',to_date('24/05/30','RR/MM/DD'));
Insert into KING.MEMBER (M_NO,NAME,MID,PASSWORD,NICKNAME,EMAIL,BIRTHDATE,PHONE,GENDER,SIDO_ID,SIGUNGU_ID,DETAIL_ADDRESS,REG_DATE) values (278,'허무열','shadow55','12345','스와코','shadow55@naver.com',to_date('03/04/12','RR/MM/DD'),'010-6229-9130','남       ',9,135,'한글비석로 255번지 2',to_date('24/05/30','RR/MM/DD'));
Insert into KING.MEMBER (M_NO,NAME,MID,PASSWORD,NICKNAME,EMAIL,BIRTHDATE,PHONE,GENDER,SIDO_ID,SIGUNGU_ID,DETAIL_ADDRESS,REG_DATE) values (279,'백승헌','boohoo99','12345','페이','boohoo99@naver.com',to_date('00/10/05','RR/MM/DD'),'010-3362-5940','남       ',9,138,'장승배기로 27길 73번지 11',to_date('24/05/30','RR/MM/DD'));
Insert into KING.MEMBER (M_NO,NAME,MID,PASSWORD,NICKNAME,EMAIL,BIRTHDATE,PHONE,GENDER,SIDO_ID,SIGUNGU_ID,DETAIL_ADDRESS,REG_DATE) values (280,'손이수','beside99','12345','히어로','beside99@naver.com',to_date('97/03/31','RR/MM/DD'),'010-6566-7169','남       ',9,138,'흑석로3길 33번지 10',to_date('24/05/30','RR/MM/DD'));
Insert into KING.MEMBER (M_NO,NAME,MID,PASSWORD,NICKNAME,EMAIL,BIRTHDATE,PHONE,GENDER,SIDO_ID,SIGUNGU_ID,DETAIL_ADDRESS,REG_DATE) values (281,'송경택','klutzy33','12345','드래곤볼','klutzy33@naver.com',to_date('01/07/14','RR/MM/DD'),'010-8739-1509','남       ',1,8,'현내면 철통1길 44번지 6',to_date('24/05/30','RR/MM/DD'));
Insert into KING.MEMBER (M_NO,NAME,MID,PASSWORD,NICKNAME,EMAIL,BIRTHDATE,PHONE,GENDER,SIDO_ID,SIGUNGU_ID,DETAIL_ADDRESS,REG_DATE) values (282,'오재범','huzzah34','12345','너시로','huzzah12@naver.com',to_date('03/10/27','RR/MM/DD'),'010-1578-2199','남       ',1,3,'미로면 무사길 222번지 56',to_date('24/05/30','RR/MM/DD'));
Insert into KING.MEMBER (M_NO,NAME,MID,PASSWORD,NICKNAME,EMAIL,BIRTHDATE,PHONE,GENDER,SIDO_ID,SIGUNGU_ID,DETAIL_ADDRESS,REG_DATE) values (283,'임치원','option22','12345','다리마비','option22@naver.com',to_date('00/08/23','RR/MM/DD'),'010-2926-6468','남       ',1,16,'서석면 구룡령로 2517',to_date('24/05/30','RR/MM/DD'));
Insert into KING.MEMBER (M_NO,NAME,MID,PASSWORD,NICKNAME,EMAIL,BIRTHDATE,PHONE,GENDER,SIDO_ID,SIGUNGU_ID,DETAIL_ADDRESS,REG_DATE) values (284,'정현승','phooey442','12345','까이누','phooey442@naver.com',to_date('97/01/16','RR/MM/DD'),'010-7258-8892','남       ',1,6,'신북읍 아침못길 144번지 28',to_date('24/05/30','RR/MM/DD'));
Insert into KING.MEMBER (M_NO,NAME,MID,PASSWORD,NICKNAME,EMAIL,BIRTHDATE,PHONE,GENDER,SIDO_ID,SIGUNGU_ID,DETAIL_ADDRESS,REG_DATE) values (285,'허오성','notion321','12345','공포의태클','notion321@naver.com',to_date('01/02/20','RR/MM/DD'),'010-2245-4760','남       ',1,2,'동해항2길 16',to_date('24/05/30','RR/MM/DD'));
Insert into KING.MEMBER (M_NO,NAME,MID,PASSWORD,NICKNAME,EMAIL,BIRTHDATE,PHONE,GENDER,SIDO_ID,SIGUNGU_ID,DETAIL_ADDRESS,REG_DATE) values (286,'심승헌','store1','12345','재키','store1@naver.com',to_date('68/06/16','RR/MM/DD'),'010-7512-8457','남       ',9,129,'도봉로 13길 30',to_date('24/05/30','RR/MM/DD'));
Insert into KING.MEMBER (M_NO,NAME,MID,PASSWORD,NICKNAME,EMAIL,BIRTHDATE,PHONE,GENDER,SIDO_ID,SIGUNGU_ID,DETAIL_ADDRESS,REG_DATE) values (287,'임덕수','since2','12345','마빡','since2@naver.com',to_date('70/12/19','RR/MM/DD'),'010-9070-9975','남       ',9,135,'덕릉로 126가길 63번지 9',to_date('24/05/30','RR/MM/DD'));
Insert into KING.MEMBER (M_NO,NAME,MID,PASSWORD,NICKNAME,EMAIL,BIRTHDATE,PHONE,GENDER,SIDO_ID,SIGUNGU_ID,DETAIL_ADDRESS,REG_DATE) values (288,'문강민','zowie3','12345','주말','zowie3@naver.com',to_date('71/05/09','RR/MM/DD'),'010-1314-7312','남       ',9,128,'올림픽로 703',to_date('24/05/30','RR/MM/DD'));
Insert into KING.MEMBER (M_NO,NAME,MID,PASSWORD,NICKNAME,EMAIL,BIRTHDATE,PHONE,GENDER,SIDO_ID,SIGUNGU_ID,DETAIL_ADDRESS,REG_DATE) values (289,'오남규','havoc4','12345','참깨','havoc4@naver.com',to_date('71/11/25','RR/MM/DD'),'010-7413-8050','남       ',9,131,'봉천로 30길 14',to_date('24/05/30','RR/MM/DD'));
Insert into KING.MEMBER (M_NO,NAME,MID,PASSWORD,NICKNAME,EMAIL,BIRTHDATE,PHONE,GENDER,SIDO_ID,SIGUNGU_ID,DETAIL_ADDRESS,REG_DATE) values (290,'김오성','madly5','12345','마누라가대왕','madly5@naver.com',to_date('72/05/16','RR/MM/DD'),'010-9625-1393','남       ',9,139,'독막로36길 22',to_date('24/05/30','RR/MM/DD'));
Insert into KING.MEMBER (M_NO,NAME,MID,PASSWORD,NICKNAME,EMAIL,BIRTHDATE,PHONE,GENDER,SIDO_ID,SIGUNGU_ID,DETAIL_ADDRESS,REG_DATE) values (291,'심경택','zowie8','12345','봄날','zowie8@naver.com',to_date('71/09/07','RR/MM/DD'),'010-1875-2283','남       ',9,131,'난향7길 4',to_date('24/05/30','RR/MM/DD'));
Insert into KING.MEMBER (M_NO,NAME,MID,PASSWORD,NICKNAME,EMAIL,BIRTHDATE,PHONE,GENDER,SIDO_ID,SIGUNGU_ID,DETAIL_ADDRESS,REG_DATE) values (292,'성병수','fully9','12345','시계','fully9@naver.com',to_date('70/12/21','RR/MM/DD'),'010-6747-9418','남       ',9,149,'삼일대로 445번지 24',to_date('24/05/30','RR/MM/DD'));
Insert into KING.MEMBER (M_NO,NAME,MID,PASSWORD,NICKNAME,EMAIL,BIRTHDATE,PHONE,GENDER,SIDO_ID,SIGUNGU_ID,DETAIL_ADDRESS,REG_DATE) values (293,'안용하','erupt8','12345','주당','erupt8@naver.com',to_date('71/06/10','RR/MM/DD'),'010-1630-3668','남       ',9,151,'겸재로28길 32',to_date('24/05/30','RR/MM/DD'));
Insert into KING.MEMBER (M_NO,NAME,MID,PASSWORD,NICKNAME,EMAIL,BIRTHDATE,PHONE,GENDER,SIDO_ID,SIGUNGU_ID,DETAIL_ADDRESS,REG_DATE) values (294,'조선민','latex6','12345','기도','latex6@naver.com',to_date('65/11/07','RR/MM/DD'),'010-7617-8119','남       ',9,151,'봉화산로54길 20',to_date('24/05/30','RR/MM/DD'));
Insert into KING.MEMBER (M_NO,NAME,MID,PASSWORD,NICKNAME,EMAIL,BIRTHDATE,PHONE,GENDER,SIDO_ID,SIGUNGU_ID,DETAIL_ADDRESS,REG_DATE) values (295,'백민환','alibi22','12345','성공','alibi22@naver.com',to_date('69/08/11','RR/MM/DD'),'010-8835-9791','남       ',9,132,'뚝섬로33길 34',to_date('24/05/30','RR/MM/DD'));
Insert into KING.MEMBER (M_NO,NAME,MID,PASSWORD,NICKNAME,EMAIL,BIRTHDATE,PHONE,GENDER,SIDO_ID,SIGUNGU_ID,DETAIL_ADDRESS,REG_DATE) values (296,'전윤재','wetly11','12345','미안','wetly11@naver.com',to_date('68/12/19','RR/MM/DD'),'010-3855-6053','남       ',9,134,'시흥대로58길 32',to_date('24/05/30','RR/MM/DD'));
Insert into KING.MEMBER (M_NO,NAME,MID,PASSWORD,NICKNAME,EMAIL,BIRTHDATE,PHONE,GENDER,SIDO_ID,SIGUNGU_ID,DETAIL_ADDRESS,REG_DATE) values (297,'양석호','dowse22','12345','가람','dowse22@naver.com',to_date('67/09/08','RR/MM/DD'),'010-2037-7199','남       ',9,144,'백제고분로 34길 3번지 12',to_date('24/05/30','RR/MM/DD'));
Insert into KING.MEMBER (M_NO,NAME,MID,PASSWORD,NICKNAME,EMAIL,BIRTHDATE,PHONE,GENDER,SIDO_ID,SIGUNGU_ID,DETAIL_ADDRESS,REG_DATE) values (298,'허우식','dimly33','12345','이쑤신장군','dimly33@naver.com',to_date('74/03/29','RR/MM/DD'),'010-6228-3442','남       ',9,137,'천호대로 22길 52',to_date('24/05/30','RR/MM/DD'));
Insert into KING.MEMBER (M_NO,NAME,MID,PASSWORD,NICKNAME,EMAIL,BIRTHDATE,PHONE,GENDER,SIDO_ID,SIGUNGU_ID,DETAIL_ADDRESS,REG_DATE) values (299,'문영현','times77','12345','고집','times77@naver.com',to_date('66/08/21','RR/MM/DD'),'010-1320-3276','남       ',9,145,'목동남로 24',to_date('24/05/30','RR/MM/DD'));
Insert into KING.MEMBER (M_NO,NAME,MID,PASSWORD,NICKNAME,EMAIL,BIRTHDATE,PHONE,GENDER,SIDO_ID,SIGUNGU_ID,DETAIL_ADDRESS,REG_DATE) values (300,'심재진','screw12','12345','낙지','screw12@naver.com',to_date('66/11/23','RR/MM/DD'),'010-3579-5408','남       ',9,148,'가좌로 390',to_date('24/05/30','RR/MM/DD'));
Insert into KING.MEMBER (M_NO,NAME,MID,PASSWORD,NICKNAME,EMAIL,BIRTHDATE,PHONE,GENDER,SIDO_ID,SIGUNGU_ID,DETAIL_ADDRESS,REG_DATE) values (301,'장은석','wetly43','12345','은혜','wetly43@naver.com',to_date('67/10/04','RR/MM/DD'),'010-3889-6177','남       ',9,151,'겸재로 223',to_date('24/05/30','RR/MM/DD'));
Insert into KING.MEMBER (M_NO,NAME,MID,PASSWORD,NICKNAME,EMAIL,BIRTHDATE,PHONE,GENDER,SIDO_ID,SIGUNGU_ID,DETAIL_ADDRESS,REG_DATE) values (302,'권지연','after44','12345','리아','after44@naver.com',to_date('96/03/01','RR/MM/DD'),'010-6080-8988','여       ',14,203,'표선면 표선백사로 113',to_date('24/05/30','RR/MM/DD'));
Insert into KING.MEMBER (M_NO,NAME,MID,PASSWORD,NICKNAME,EMAIL,BIRTHDATE,PHONE,GENDER,SIDO_ID,SIGUNGU_ID,DETAIL_ADDRESS,REG_DATE) values (303,'박소희','idiom12','12345','소희공주','idiom12@naver.com',to_date('95/09/03','RR/MM/DD'),'010-8988-9730','여       ',14,204,'동광로 13길 43',to_date('24/05/30','RR/MM/DD'));
Insert into KING.MEMBER (M_NO,NAME,MID,PASSWORD,NICKNAME,EMAIL,BIRTHDATE,PHONE,GENDER,SIDO_ID,SIGUNGU_ID,DETAIL_ADDRESS,REG_DATE) values (304,'임가을','along33','12345','해봄','along33@naver.com',to_date('96/12/02','RR/MM/DD'),'010-2466-3592','여       ',16,227,'금왕읍 응천동길 42',to_date('24/05/30','RR/MM/DD'));
Insert into KING.MEMBER (M_NO,NAME,MID,PASSWORD,NICKNAME,EMAIL,BIRTHDATE,PHONE,GENDER,SIDO_ID,SIGUNGU_ID,DETAIL_ADDRESS,REG_DATE) values (305,'문보름','smell22','12345','수선화','smell22@naver.com',to_date('03/03/24','RR/MM/DD'),'010-4048-8379','여       ',15,217,'비인면 비인로 195번지 2',to_date('24/05/30','RR/MM/DD'));
Insert into KING.MEMBER (M_NO,NAME,MID,PASSWORD,NICKNAME,EMAIL,BIRTHDATE,PHONE,GENDER,SIDO_ID,SIGUNGU_ID,DETAIL_ADDRESS,REG_DATE) values (306,'장나봄','honey15','12345','비빔','honey15@naver.com',to_date('97/11/05','RR/MM/DD'),'010-2983-5239','여       ',15,209,'남포면 남포역전길 143번지 15',to_date('24/05/30','RR/MM/DD'));
Insert into KING.MEMBER (M_NO,NAME,MID,PASSWORD,NICKNAME,EMAIL,BIRTHDATE,PHONE,GENDER,SIDO_ID,SIGUNGU_ID,DETAIL_ADDRESS,REG_DATE) values (307,'표은비','never88','12345','뽀이','never88@naver.com',to_date('97/10/19','RR/MM/DD'),'010-5328-6943','여       ',15,209,'성주면 먹방길 42',to_date('24/05/30','RR/MM/DD'));
Insert into KING.MEMBER (M_NO,NAME,MID,PASSWORD,NICKNAME,EMAIL,BIRTHDATE,PHONE,GENDER,SIDO_ID,SIGUNGU_ID,DETAIL_ADDRESS,REG_DATE) values (308,'김진영','kukudas601','12345','진영고','kukudas601@naver.com',to_date('12/06/01','RR/MM/DD'),'010-0202-0303','남       ',15,214,'당진시 어딘가',to_date('24/05/31','RR/MM/DD'));
Insert into KING.MEMBER (M_NO,NAME,MID,PASSWORD,NICKNAME,EMAIL,BIRTHDATE,PHONE,GENDER,SIDO_ID,SIGUNGU_ID,DETAIL_ADDRESS,REG_DATE) values (309,'이진영','kukudas4','12345','진영중','kukudas4@naver.com',to_date('08/07/24','RR/MM/DD'),'010-0606-0102','여       ',14,203,'서귀포시 어딘가',to_date('24/05/31','RR/MM/DD'));
Insert into KING.MEMBER (M_NO,NAME,MID,PASSWORD,NICKNAME,EMAIL,BIRTHDATE,PHONE,GENDER,SIDO_ID,SIGUNGU_ID,DETAIL_ADDRESS,REG_DATE) values (310,'김재덕','kukudas123','12345','재덕고','kukudas123@naver.com',to_date('09/02/19','RR/MM/DD'),'010-6363-7878','남       ',11,158,'남구 어딘가',to_date('24/05/31','RR/MM/DD'));
Insert into KING.MEMBER (M_NO,NAME,MID,PASSWORD,NICKNAME,EMAIL,BIRTHDATE,PHONE,GENDER,SIDO_ID,SIGUNGU_ID,DETAIL_ADDRESS,REG_DATE) values (311,'권재덕','kukudas321','12345','쿠다스쿠','kukudas321@naver.com',to_date('98/07/01','RR/MM/DD'),'010-8564-9856','남       ',11,159,'남동구 어딘가',to_date('24/06/12','RR/MM/DD'));
Insert into KING.MEMBER (M_NO,NAME,MID,PASSWORD,NICKNAME,EMAIL,BIRTHDATE,PHONE,GENDER,SIDO_ID,SIGUNGU_ID,DETAIL_ADDRESS,REG_DATE) values (312,'김그림','ppp123','ppp123','김그림','kimgreem123@naver.com',to_date('99/05/18','RR/MM/DD'),'010-5645-5465','여       ',13,199,'완주군 어딘가',to_date('24/06/12','RR/MM/DD'));
REM INSERTING into KING.MEMBER_DETAIL
SET DEFINE OFF;
Insert into KING.MEMBER_DETAIL (MEMBER,TEAM) values (2,null);
Insert into KING.MEMBER_DETAIL (MEMBER,TEAM) values (3,null);
Insert into KING.MEMBER_DETAIL (MEMBER,TEAM) values (4,null);
Insert into KING.MEMBER_DETAIL (MEMBER,TEAM) values (5,null);
Insert into KING.MEMBER_DETAIL (MEMBER,TEAM) values (6,null);
Insert into KING.MEMBER_DETAIL (MEMBER,TEAM) values (7,null);
Insert into KING.MEMBER_DETAIL (MEMBER,TEAM) values (8,null);
Insert into KING.MEMBER_DETAIL (MEMBER,TEAM) values (9,null);
Insert into KING.MEMBER_DETAIL (MEMBER,TEAM) values (10,null);
Insert into KING.MEMBER_DETAIL (MEMBER,TEAM) values (11,null);
Insert into KING.MEMBER_DETAIL (MEMBER,TEAM) values (12,null);
Insert into KING.MEMBER_DETAIL (MEMBER,TEAM) values (13,null);
Insert into KING.MEMBER_DETAIL (MEMBER,TEAM) values (14,null);
Insert into KING.MEMBER_DETAIL (MEMBER,TEAM) values (15,null);
Insert into KING.MEMBER_DETAIL (MEMBER,TEAM) values (16,null);
Insert into KING.MEMBER_DETAIL (MEMBER,TEAM) values (17,null);
Insert into KING.MEMBER_DETAIL (MEMBER,TEAM) values (18,null);
Insert into KING.MEMBER_DETAIL (MEMBER,TEAM) values (19,null);
Insert into KING.MEMBER_DETAIL (MEMBER,TEAM) values (20,null);
Insert into KING.MEMBER_DETAIL (MEMBER,TEAM) values (21,null);
Insert into KING.MEMBER_DETAIL (MEMBER,TEAM) values (22,null);
Insert into KING.MEMBER_DETAIL (MEMBER,TEAM) values (23,null);
Insert into KING.MEMBER_DETAIL (MEMBER,TEAM) values (24,null);
Insert into KING.MEMBER_DETAIL (MEMBER,TEAM) values (25,null);
Insert into KING.MEMBER_DETAIL (MEMBER,TEAM) values (26,null);
Insert into KING.MEMBER_DETAIL (MEMBER,TEAM) values (27,null);
Insert into KING.MEMBER_DETAIL (MEMBER,TEAM) values (28,null);
Insert into KING.MEMBER_DETAIL (MEMBER,TEAM) values (29,null);
Insert into KING.MEMBER_DETAIL (MEMBER,TEAM) values (30,null);
Insert into KING.MEMBER_DETAIL (MEMBER,TEAM) values (31,null);
Insert into KING.MEMBER_DETAIL (MEMBER,TEAM) values (32,null);
Insert into KING.MEMBER_DETAIL (MEMBER,TEAM) values (33,null);
Insert into KING.MEMBER_DETAIL (MEMBER,TEAM) values (34,null);
Insert into KING.MEMBER_DETAIL (MEMBER,TEAM) values (35,null);
Insert into KING.MEMBER_DETAIL (MEMBER,TEAM) values (36,null);
Insert into KING.MEMBER_DETAIL (MEMBER,TEAM) values (37,null);
Insert into KING.MEMBER_DETAIL (MEMBER,TEAM) values (38,null);
Insert into KING.MEMBER_DETAIL (MEMBER,TEAM) values (39,null);
Insert into KING.MEMBER_DETAIL (MEMBER,TEAM) values (40,null);
Insert into KING.MEMBER_DETAIL (MEMBER,TEAM) values (41,null);
Insert into KING.MEMBER_DETAIL (MEMBER,TEAM) values (42,null);
Insert into KING.MEMBER_DETAIL (MEMBER,TEAM) values (43,null);
Insert into KING.MEMBER_DETAIL (MEMBER,TEAM) values (44,null);
Insert into KING.MEMBER_DETAIL (MEMBER,TEAM) values (45,null);
Insert into KING.MEMBER_DETAIL (MEMBER,TEAM) values (46,null);
Insert into KING.MEMBER_DETAIL (MEMBER,TEAM) values (47,null);
Insert into KING.MEMBER_DETAIL (MEMBER,TEAM) values (48,null);
Insert into KING.MEMBER_DETAIL (MEMBER,TEAM) values (49,null);
Insert into KING.MEMBER_DETAIL (MEMBER,TEAM) values (50,null);
Insert into KING.MEMBER_DETAIL (MEMBER,TEAM) values (53,null);
Insert into KING.MEMBER_DETAIL (MEMBER,TEAM) values (51,null);
Insert into KING.MEMBER_DETAIL (MEMBER,TEAM) values (52,null);
Insert into KING.MEMBER_DETAIL (MEMBER,TEAM) values (54,null);
Insert into KING.MEMBER_DETAIL (MEMBER,TEAM) values (55,null);
Insert into KING.MEMBER_DETAIL (MEMBER,TEAM) values (56,null);
Insert into KING.MEMBER_DETAIL (MEMBER,TEAM) values (57,null);
Insert into KING.MEMBER_DETAIL (MEMBER,TEAM) values (58,null);
Insert into KING.MEMBER_DETAIL (MEMBER,TEAM) values (59,null);
Insert into KING.MEMBER_DETAIL (MEMBER,TEAM) values (60,null);
Insert into KING.MEMBER_DETAIL (MEMBER,TEAM) values (61,null);
Insert into KING.MEMBER_DETAIL (MEMBER,TEAM) values (62,null);
Insert into KING.MEMBER_DETAIL (MEMBER,TEAM) values (63,null);
Insert into KING.MEMBER_DETAIL (MEMBER,TEAM) values (64,null);
Insert into KING.MEMBER_DETAIL (MEMBER,TEAM) values (65,null);
Insert into KING.MEMBER_DETAIL (MEMBER,TEAM) values (66,null);
Insert into KING.MEMBER_DETAIL (MEMBER,TEAM) values (67,null);
Insert into KING.MEMBER_DETAIL (MEMBER,TEAM) values (68,null);
Insert into KING.MEMBER_DETAIL (MEMBER,TEAM) values (69,null);
Insert into KING.MEMBER_DETAIL (MEMBER,TEAM) values (70,null);
Insert into KING.MEMBER_DETAIL (MEMBER,TEAM) values (71,null);
Insert into KING.MEMBER_DETAIL (MEMBER,TEAM) values (72,null);
Insert into KING.MEMBER_DETAIL (MEMBER,TEAM) values (73,null);
Insert into KING.MEMBER_DETAIL (MEMBER,TEAM) values (74,null);
Insert into KING.MEMBER_DETAIL (MEMBER,TEAM) values (75,null);
Insert into KING.MEMBER_DETAIL (MEMBER,TEAM) values (76,null);
Insert into KING.MEMBER_DETAIL (MEMBER,TEAM) values (77,null);
Insert into KING.MEMBER_DETAIL (MEMBER,TEAM) values (78,null);
Insert into KING.MEMBER_DETAIL (MEMBER,TEAM) values (79,null);
Insert into KING.MEMBER_DETAIL (MEMBER,TEAM) values (80,null);
Insert into KING.MEMBER_DETAIL (MEMBER,TEAM) values (81,null);
Insert into KING.MEMBER_DETAIL (MEMBER,TEAM) values (82,null);
Insert into KING.MEMBER_DETAIL (MEMBER,TEAM) values (83,null);
Insert into KING.MEMBER_DETAIL (MEMBER,TEAM) values (84,null);
Insert into KING.MEMBER_DETAIL (MEMBER,TEAM) values (85,null);
Insert into KING.MEMBER_DETAIL (MEMBER,TEAM) values (86,null);
Insert into KING.MEMBER_DETAIL (MEMBER,TEAM) values (87,null);
Insert into KING.MEMBER_DETAIL (MEMBER,TEAM) values (88,null);
Insert into KING.MEMBER_DETAIL (MEMBER,TEAM) values (89,null);
Insert into KING.MEMBER_DETAIL (MEMBER,TEAM) values (90,null);
Insert into KING.MEMBER_DETAIL (MEMBER,TEAM) values (91,null);
Insert into KING.MEMBER_DETAIL (MEMBER,TEAM) values (92,null);
Insert into KING.MEMBER_DETAIL (MEMBER,TEAM) values (93,null);
Insert into KING.MEMBER_DETAIL (MEMBER,TEAM) values (94,null);
Insert into KING.MEMBER_DETAIL (MEMBER,TEAM) values (95,null);
Insert into KING.MEMBER_DETAIL (MEMBER,TEAM) values (96,null);
Insert into KING.MEMBER_DETAIL (MEMBER,TEAM) values (97,null);
Insert into KING.MEMBER_DETAIL (MEMBER,TEAM) values (98,null);
Insert into KING.MEMBER_DETAIL (MEMBER,TEAM) values (99,null);
Insert into KING.MEMBER_DETAIL (MEMBER,TEAM) values (100,null);
Insert into KING.MEMBER_DETAIL (MEMBER,TEAM) values (101,null);
Insert into KING.MEMBER_DETAIL (MEMBER,TEAM) values (102,null);
Insert into KING.MEMBER_DETAIL (MEMBER,TEAM) values (103,null);
Insert into KING.MEMBER_DETAIL (MEMBER,TEAM) values (104,null);
Insert into KING.MEMBER_DETAIL (MEMBER,TEAM) values (105,null);
Insert into KING.MEMBER_DETAIL (MEMBER,TEAM) values (106,null);
Insert into KING.MEMBER_DETAIL (MEMBER,TEAM) values (107,null);
Insert into KING.MEMBER_DETAIL (MEMBER,TEAM) values (108,null);
Insert into KING.MEMBER_DETAIL (MEMBER,TEAM) values (109,null);
Insert into KING.MEMBER_DETAIL (MEMBER,TEAM) values (110,null);
Insert into KING.MEMBER_DETAIL (MEMBER,TEAM) values (111,null);
Insert into KING.MEMBER_DETAIL (MEMBER,TEAM) values (112,null);
Insert into KING.MEMBER_DETAIL (MEMBER,TEAM) values (113,null);
Insert into KING.MEMBER_DETAIL (MEMBER,TEAM) values (114,null);
Insert into KING.MEMBER_DETAIL (MEMBER,TEAM) values (115,null);
Insert into KING.MEMBER_DETAIL (MEMBER,TEAM) values (116,null);
Insert into KING.MEMBER_DETAIL (MEMBER,TEAM) values (117,null);
Insert into KING.MEMBER_DETAIL (MEMBER,TEAM) values (118,null);
Insert into KING.MEMBER_DETAIL (MEMBER,TEAM) values (119,null);
Insert into KING.MEMBER_DETAIL (MEMBER,TEAM) values (120,null);
Insert into KING.MEMBER_DETAIL (MEMBER,TEAM) values (121,null);
Insert into KING.MEMBER_DETAIL (MEMBER,TEAM) values (122,null);
Insert into KING.MEMBER_DETAIL (MEMBER,TEAM) values (123,null);
Insert into KING.MEMBER_DETAIL (MEMBER,TEAM) values (124,null);
Insert into KING.MEMBER_DETAIL (MEMBER,TEAM) values (125,null);
Insert into KING.MEMBER_DETAIL (MEMBER,TEAM) values (126,null);
Insert into KING.MEMBER_DETAIL (MEMBER,TEAM) values (127,null);
Insert into KING.MEMBER_DETAIL (MEMBER,TEAM) values (128,null);
Insert into KING.MEMBER_DETAIL (MEMBER,TEAM) values (129,null);
Insert into KING.MEMBER_DETAIL (MEMBER,TEAM) values (130,null);
Insert into KING.MEMBER_DETAIL (MEMBER,TEAM) values (131,null);
Insert into KING.MEMBER_DETAIL (MEMBER,TEAM) values (132,null);
Insert into KING.MEMBER_DETAIL (MEMBER,TEAM) values (133,null);
Insert into KING.MEMBER_DETAIL (MEMBER,TEAM) values (134,null);
Insert into KING.MEMBER_DETAIL (MEMBER,TEAM) values (135,null);
Insert into KING.MEMBER_DETAIL (MEMBER,TEAM) values (136,null);
Insert into KING.MEMBER_DETAIL (MEMBER,TEAM) values (137,null);
Insert into KING.MEMBER_DETAIL (MEMBER,TEAM) values (138,null);
Insert into KING.MEMBER_DETAIL (MEMBER,TEAM) values (139,null);
Insert into KING.MEMBER_DETAIL (MEMBER,TEAM) values (140,null);
Insert into KING.MEMBER_DETAIL (MEMBER,TEAM) values (141,null);
Insert into KING.MEMBER_DETAIL (MEMBER,TEAM) values (142,null);
Insert into KING.MEMBER_DETAIL (MEMBER,TEAM) values (143,null);
Insert into KING.MEMBER_DETAIL (MEMBER,TEAM) values (144,null);
Insert into KING.MEMBER_DETAIL (MEMBER,TEAM) values (145,null);
Insert into KING.MEMBER_DETAIL (MEMBER,TEAM) values (146,null);
Insert into KING.MEMBER_DETAIL (MEMBER,TEAM) values (147,null);
Insert into KING.MEMBER_DETAIL (MEMBER,TEAM) values (148,null);
Insert into KING.MEMBER_DETAIL (MEMBER,TEAM) values (149,null);
Insert into KING.MEMBER_DETAIL (MEMBER,TEAM) values (150,null);
Insert into KING.MEMBER_DETAIL (MEMBER,TEAM) values (151,null);
Insert into KING.MEMBER_DETAIL (MEMBER,TEAM) values (152,null);
Insert into KING.MEMBER_DETAIL (MEMBER,TEAM) values (153,null);
Insert into KING.MEMBER_DETAIL (MEMBER,TEAM) values (154,null);
Insert into KING.MEMBER_DETAIL (MEMBER,TEAM) values (155,null);
Insert into KING.MEMBER_DETAIL (MEMBER,TEAM) values (156,null);
Insert into KING.MEMBER_DETAIL (MEMBER,TEAM) values (157,null);
Insert into KING.MEMBER_DETAIL (MEMBER,TEAM) values (158,null);
Insert into KING.MEMBER_DETAIL (MEMBER,TEAM) values (159,null);
Insert into KING.MEMBER_DETAIL (MEMBER,TEAM) values (160,null);
Insert into KING.MEMBER_DETAIL (MEMBER,TEAM) values (161,null);
Insert into KING.MEMBER_DETAIL (MEMBER,TEAM) values (162,null);
Insert into KING.MEMBER_DETAIL (MEMBER,TEAM) values (163,null);
Insert into KING.MEMBER_DETAIL (MEMBER,TEAM) values (164,null);
Insert into KING.MEMBER_DETAIL (MEMBER,TEAM) values (165,null);
Insert into KING.MEMBER_DETAIL (MEMBER,TEAM) values (166,null);
Insert into KING.MEMBER_DETAIL (MEMBER,TEAM) values (167,null);
Insert into KING.MEMBER_DETAIL (MEMBER,TEAM) values (168,null);
Insert into KING.MEMBER_DETAIL (MEMBER,TEAM) values (169,null);
Insert into KING.MEMBER_DETAIL (MEMBER,TEAM) values (170,null);
Insert into KING.MEMBER_DETAIL (MEMBER,TEAM) values (171,null);
Insert into KING.MEMBER_DETAIL (MEMBER,TEAM) values (172,null);
Insert into KING.MEMBER_DETAIL (MEMBER,TEAM) values (173,null);
Insert into KING.MEMBER_DETAIL (MEMBER,TEAM) values (174,null);
Insert into KING.MEMBER_DETAIL (MEMBER,TEAM) values (175,null);
Insert into KING.MEMBER_DETAIL (MEMBER,TEAM) values (176,null);
Insert into KING.MEMBER_DETAIL (MEMBER,TEAM) values (177,null);
Insert into KING.MEMBER_DETAIL (MEMBER,TEAM) values (178,null);
Insert into KING.MEMBER_DETAIL (MEMBER,TEAM) values (179,null);
Insert into KING.MEMBER_DETAIL (MEMBER,TEAM) values (180,null);
Insert into KING.MEMBER_DETAIL (MEMBER,TEAM) values (181,null);
Insert into KING.MEMBER_DETAIL (MEMBER,TEAM) values (182,null);
Insert into KING.MEMBER_DETAIL (MEMBER,TEAM) values (183,null);
Insert into KING.MEMBER_DETAIL (MEMBER,TEAM) values (184,null);
Insert into KING.MEMBER_DETAIL (MEMBER,TEAM) values (185,null);
Insert into KING.MEMBER_DETAIL (MEMBER,TEAM) values (186,null);
Insert into KING.MEMBER_DETAIL (MEMBER,TEAM) values (187,null);
Insert into KING.MEMBER_DETAIL (MEMBER,TEAM) values (188,null);
Insert into KING.MEMBER_DETAIL (MEMBER,TEAM) values (189,null);
Insert into KING.MEMBER_DETAIL (MEMBER,TEAM) values (190,null);
Insert into KING.MEMBER_DETAIL (MEMBER,TEAM) values (191,null);
Insert into KING.MEMBER_DETAIL (MEMBER,TEAM) values (192,null);
Insert into KING.MEMBER_DETAIL (MEMBER,TEAM) values (193,null);
Insert into KING.MEMBER_DETAIL (MEMBER,TEAM) values (194,null);
Insert into KING.MEMBER_DETAIL (MEMBER,TEAM) values (195,null);
Insert into KING.MEMBER_DETAIL (MEMBER,TEAM) values (196,null);
Insert into KING.MEMBER_DETAIL (MEMBER,TEAM) values (197,null);
Insert into KING.MEMBER_DETAIL (MEMBER,TEAM) values (198,null);
Insert into KING.MEMBER_DETAIL (MEMBER,TEAM) values (199,null);
Insert into KING.MEMBER_DETAIL (MEMBER,TEAM) values (200,null);
Insert into KING.MEMBER_DETAIL (MEMBER,TEAM) values (201,null);
Insert into KING.MEMBER_DETAIL (MEMBER,TEAM) values (202,null);
Insert into KING.MEMBER_DETAIL (MEMBER,TEAM) values (203,null);
Insert into KING.MEMBER_DETAIL (MEMBER,TEAM) values (204,null);
Insert into KING.MEMBER_DETAIL (MEMBER,TEAM) values (205,null);
Insert into KING.MEMBER_DETAIL (MEMBER,TEAM) values (206,null);
Insert into KING.MEMBER_DETAIL (MEMBER,TEAM) values (207,null);
Insert into KING.MEMBER_DETAIL (MEMBER,TEAM) values (208,null);
Insert into KING.MEMBER_DETAIL (MEMBER,TEAM) values (209,null);
Insert into KING.MEMBER_DETAIL (MEMBER,TEAM) values (210,null);
Insert into KING.MEMBER_DETAIL (MEMBER,TEAM) values (211,null);
Insert into KING.MEMBER_DETAIL (MEMBER,TEAM) values (212,null);
Insert into KING.MEMBER_DETAIL (MEMBER,TEAM) values (213,null);
Insert into KING.MEMBER_DETAIL (MEMBER,TEAM) values (214,null);
Insert into KING.MEMBER_DETAIL (MEMBER,TEAM) values (215,null);
Insert into KING.MEMBER_DETAIL (MEMBER,TEAM) values (216,null);
Insert into KING.MEMBER_DETAIL (MEMBER,TEAM) values (217,null);
Insert into KING.MEMBER_DETAIL (MEMBER,TEAM) values (218,null);
Insert into KING.MEMBER_DETAIL (MEMBER,TEAM) values (219,null);
Insert into KING.MEMBER_DETAIL (MEMBER,TEAM) values (220,null);
Insert into KING.MEMBER_DETAIL (MEMBER,TEAM) values (221,null);
Insert into KING.MEMBER_DETAIL (MEMBER,TEAM) values (222,null);
Insert into KING.MEMBER_DETAIL (MEMBER,TEAM) values (223,null);
Insert into KING.MEMBER_DETAIL (MEMBER,TEAM) values (224,null);
Insert into KING.MEMBER_DETAIL (MEMBER,TEAM) values (225,null);
Insert into KING.MEMBER_DETAIL (MEMBER,TEAM) values (226,null);
Insert into KING.MEMBER_DETAIL (MEMBER,TEAM) values (227,null);
Insert into KING.MEMBER_DETAIL (MEMBER,TEAM) values (228,null);
Insert into KING.MEMBER_DETAIL (MEMBER,TEAM) values (229,null);
Insert into KING.MEMBER_DETAIL (MEMBER,TEAM) values (230,null);
Insert into KING.MEMBER_DETAIL (MEMBER,TEAM) values (231,null);
Insert into KING.MEMBER_DETAIL (MEMBER,TEAM) values (232,null);
Insert into KING.MEMBER_DETAIL (MEMBER,TEAM) values (233,null);
Insert into KING.MEMBER_DETAIL (MEMBER,TEAM) values (234,null);
Insert into KING.MEMBER_DETAIL (MEMBER,TEAM) values (235,null);
Insert into KING.MEMBER_DETAIL (MEMBER,TEAM) values (236,null);
Insert into KING.MEMBER_DETAIL (MEMBER,TEAM) values (237,null);
Insert into KING.MEMBER_DETAIL (MEMBER,TEAM) values (238,null);
Insert into KING.MEMBER_DETAIL (MEMBER,TEAM) values (239,null);
Insert into KING.MEMBER_DETAIL (MEMBER,TEAM) values (240,null);
Insert into KING.MEMBER_DETAIL (MEMBER,TEAM) values (241,null);
Insert into KING.MEMBER_DETAIL (MEMBER,TEAM) values (242,null);
Insert into KING.MEMBER_DETAIL (MEMBER,TEAM) values (243,null);
Insert into KING.MEMBER_DETAIL (MEMBER,TEAM) values (244,null);
Insert into KING.MEMBER_DETAIL (MEMBER,TEAM) values (245,null);
Insert into KING.MEMBER_DETAIL (MEMBER,TEAM) values (246,null);
Insert into KING.MEMBER_DETAIL (MEMBER,TEAM) values (247,null);
Insert into KING.MEMBER_DETAIL (MEMBER,TEAM) values (248,null);
Insert into KING.MEMBER_DETAIL (MEMBER,TEAM) values (249,null);
Insert into KING.MEMBER_DETAIL (MEMBER,TEAM) values (250,null);
Insert into KING.MEMBER_DETAIL (MEMBER,TEAM) values (251,null);
Insert into KING.MEMBER_DETAIL (MEMBER,TEAM) values (252,null);
Insert into KING.MEMBER_DETAIL (MEMBER,TEAM) values (253,null);
Insert into KING.MEMBER_DETAIL (MEMBER,TEAM) values (254,null);
Insert into KING.MEMBER_DETAIL (MEMBER,TEAM) values (255,null);
Insert into KING.MEMBER_DETAIL (MEMBER,TEAM) values (256,null);
Insert into KING.MEMBER_DETAIL (MEMBER,TEAM) values (257,null);
Insert into KING.MEMBER_DETAIL (MEMBER,TEAM) values (258,null);
Insert into KING.MEMBER_DETAIL (MEMBER,TEAM) values (259,null);
Insert into KING.MEMBER_DETAIL (MEMBER,TEAM) values (260,null);
Insert into KING.MEMBER_DETAIL (MEMBER,TEAM) values (261,null);
Insert into KING.MEMBER_DETAIL (MEMBER,TEAM) values (262,null);
Insert into KING.MEMBER_DETAIL (MEMBER,TEAM) values (263,null);
Insert into KING.MEMBER_DETAIL (MEMBER,TEAM) values (264,null);
Insert into KING.MEMBER_DETAIL (MEMBER,TEAM) values (265,null);
Insert into KING.MEMBER_DETAIL (MEMBER,TEAM) values (266,null);
Insert into KING.MEMBER_DETAIL (MEMBER,TEAM) values (267,null);
Insert into KING.MEMBER_DETAIL (MEMBER,TEAM) values (268,null);
Insert into KING.MEMBER_DETAIL (MEMBER,TEAM) values (269,null);
Insert into KING.MEMBER_DETAIL (MEMBER,TEAM) values (270,null);
Insert into KING.MEMBER_DETAIL (MEMBER,TEAM) values (271,null);
Insert into KING.MEMBER_DETAIL (MEMBER,TEAM) values (272,null);
Insert into KING.MEMBER_DETAIL (MEMBER,TEAM) values (273,null);
Insert into KING.MEMBER_DETAIL (MEMBER,TEAM) values (274,null);
Insert into KING.MEMBER_DETAIL (MEMBER,TEAM) values (275,null);
Insert into KING.MEMBER_DETAIL (MEMBER,TEAM) values (276,null);
Insert into KING.MEMBER_DETAIL (MEMBER,TEAM) values (277,null);
Insert into KING.MEMBER_DETAIL (MEMBER,TEAM) values (278,null);
Insert into KING.MEMBER_DETAIL (MEMBER,TEAM) values (279,null);
Insert into KING.MEMBER_DETAIL (MEMBER,TEAM) values (280,null);
Insert into KING.MEMBER_DETAIL (MEMBER,TEAM) values (281,null);
Insert into KING.MEMBER_DETAIL (MEMBER,TEAM) values (282,null);
Insert into KING.MEMBER_DETAIL (MEMBER,TEAM) values (283,null);
Insert into KING.MEMBER_DETAIL (MEMBER,TEAM) values (284,null);
Insert into KING.MEMBER_DETAIL (MEMBER,TEAM) values (285,null);
Insert into KING.MEMBER_DETAIL (MEMBER,TEAM) values (286,null);
Insert into KING.MEMBER_DETAIL (MEMBER,TEAM) values (287,null);
Insert into KING.MEMBER_DETAIL (MEMBER,TEAM) values (288,null);
Insert into KING.MEMBER_DETAIL (MEMBER,TEAM) values (289,null);
Insert into KING.MEMBER_DETAIL (MEMBER,TEAM) values (290,null);
Insert into KING.MEMBER_DETAIL (MEMBER,TEAM) values (291,null);
Insert into KING.MEMBER_DETAIL (MEMBER,TEAM) values (292,null);
Insert into KING.MEMBER_DETAIL (MEMBER,TEAM) values (293,null);
Insert into KING.MEMBER_DETAIL (MEMBER,TEAM) values (294,null);
Insert into KING.MEMBER_DETAIL (MEMBER,TEAM) values (295,null);
Insert into KING.MEMBER_DETAIL (MEMBER,TEAM) values (296,null);
Insert into KING.MEMBER_DETAIL (MEMBER,TEAM) values (297,null);
Insert into KING.MEMBER_DETAIL (MEMBER,TEAM) values (298,null);
Insert into KING.MEMBER_DETAIL (MEMBER,TEAM) values (299,null);
Insert into KING.MEMBER_DETAIL (MEMBER,TEAM) values (300,null);
Insert into KING.MEMBER_DETAIL (MEMBER,TEAM) values (301,null);
Insert into KING.MEMBER_DETAIL (MEMBER,TEAM) values (302,null);
Insert into KING.MEMBER_DETAIL (MEMBER,TEAM) values (303,null);
Insert into KING.MEMBER_DETAIL (MEMBER,TEAM) values (304,null);
Insert into KING.MEMBER_DETAIL (MEMBER,TEAM) values (305,null);
Insert into KING.MEMBER_DETAIL (MEMBER,TEAM) values (306,null);
Insert into KING.MEMBER_DETAIL (MEMBER,TEAM) values (307,null);
Insert into KING.MEMBER_DETAIL (MEMBER,TEAM) values (308,null);
Insert into KING.MEMBER_DETAIL (MEMBER,TEAM) values (309,null);
Insert into KING.MEMBER_DETAIL (MEMBER,TEAM) values (310,null);
Insert into KING.MEMBER_DETAIL (MEMBER,TEAM) values (311,null);
Insert into KING.MEMBER_DETAIL (MEMBER,TEAM) values (312,null);
REM INSERTING into KING.MEMBER_SEARCH_SETTING
SET DEFINE OFF;
Insert into KING.MEMBER_SEARCH_SETTING (SEARCH_CONDITION_TYPE,IS_ACTIVE,DISPLAY_POSITION) values ('gender','show',1);
Insert into KING.MEMBER_SEARCH_SETTING (SEARCH_CONDITION_TYPE,IS_ACTIVE,DISPLAY_POSITION) values ('age_group','show',3);
Insert into KING.MEMBER_SEARCH_SETTING (SEARCH_CONDITION_TYPE,IS_ACTIVE,DISPLAY_POSITION) values ('city','show',4);
Insert into KING.MEMBER_SEARCH_SETTING (SEARCH_CONDITION_TYPE,IS_ACTIVE,DISPLAY_POSITION) values ('join_date','show',0);
Insert into KING.MEMBER_SEARCH_SETTING (SEARCH_CONDITION_TYPE,IS_ACTIVE,DISPLAY_POSITION) values ('game_count','show',0);
Insert into KING.MEMBER_SEARCH_SETTING (SEARCH_CONDITION_TYPE,IS_ACTIVE,DISPLAY_POSITION) values ('win_count','show',0);
Insert into KING.MEMBER_SEARCH_SETTING (SEARCH_CONDITION_TYPE,IS_ACTIVE,DISPLAY_POSITION) values ('draw_count','show',0);
Insert into KING.MEMBER_SEARCH_SETTING (SEARCH_CONDITION_TYPE,IS_ACTIVE,DISPLAY_POSITION) values ('loss_count','show',0);
Insert into KING.MEMBER_SEARCH_SETTING (SEARCH_CONDITION_TYPE,IS_ACTIVE,DISPLAY_POSITION) values ('goals','show',0);
Insert into KING.MEMBER_SEARCH_SETTING (SEARCH_CONDITION_TYPE,IS_ACTIVE,DISPLAY_POSITION) values ('assists','show',2);
REM INSERTING into KING.NOTICEBOARD
SET DEFINE OFF;
Insert into KING.NOTICEBOARD (B_NO,SUBJECT,WRITER,CONTENT,REG_DATE,READCOUNT) values (2,'공지사항 제목2','관리자','공지사항 내용2',to_date('24/03/06','RR/MM/DD'),2);
Insert into KING.NOTICEBOARD (B_NO,SUBJECT,WRITER,CONTENT,REG_DATE,READCOUNT) values (3,'공지사항 제목3','관리자','공지사항 내용3',to_date('24/03/07','RR/MM/DD'),0);
Insert into KING.NOTICEBOARD (B_NO,SUBJECT,WRITER,CONTENT,REG_DATE,READCOUNT) values (4,'공지사항 제목4','관리자','공지사항 내용4',to_date('24/03/08','RR/MM/DD'),0);
Insert into KING.NOTICEBOARD (B_NO,SUBJECT,WRITER,CONTENT,REG_DATE,READCOUNT) values (5,'공지사항 제목5','관리자','공지사항 내용5',to_date('24/03/09','RR/MM/DD'),1);
Insert into KING.NOTICEBOARD (B_NO,SUBJECT,WRITER,CONTENT,REG_DATE,READCOUNT) values (6,'공지사항 제목6','관리자','공지사항 내용6',to_date('24/03/10','RR/MM/DD'),1);
Insert into KING.NOTICEBOARD (B_NO,SUBJECT,WRITER,CONTENT,REG_DATE,READCOUNT) values (7,'공지사항 제목7','관리자','공지사항 내용7',to_date('24/03/11','RR/MM/DD'),1);
Insert into KING.NOTICEBOARD (B_NO,SUBJECT,WRITER,CONTENT,REG_DATE,READCOUNT) values (8,'공지사항 제목8','관리자','공지사항 내용8',to_date('24/03/12','RR/MM/DD'),0);
Insert into KING.NOTICEBOARD (B_NO,SUBJECT,WRITER,CONTENT,REG_DATE,READCOUNT) values (9,'공지사항 제목9','관리자','공지사항 내용9',to_date('24/03/13','RR/MM/DD'),1);
Insert into KING.NOTICEBOARD (B_NO,SUBJECT,WRITER,CONTENT,REG_DATE,READCOUNT) values (10,'공지사항 제목10','관리자','공지사항 내용10',to_date('24/03/14','RR/MM/DD'),0);
Insert into KING.NOTICEBOARD (B_NO,SUBJECT,WRITER,CONTENT,REG_DATE,READCOUNT) values (11,'공지사항 제목11','관리자','공지사항 내용11',to_date('24/03/15','RR/MM/DD'),0);
Insert into KING.NOTICEBOARD (B_NO,SUBJECT,WRITER,CONTENT,REG_DATE,READCOUNT) values (12,'공지사항 제목12','관리자','공지사항 내용12',to_date('24/03/16','RR/MM/DD'),0);
Insert into KING.NOTICEBOARD (B_NO,SUBJECT,WRITER,CONTENT,REG_DATE,READCOUNT) values (13,'공지사항 제목13','관리자','공지사항 내용13',to_date('24/03/17','RR/MM/DD'),1);
Insert into KING.NOTICEBOARD (B_NO,SUBJECT,WRITER,CONTENT,REG_DATE,READCOUNT) values (15,'공지사항 제목15','관리자','공지사항 내용15',to_date('24/03/19','RR/MM/DD'),1);
Insert into KING.NOTICEBOARD (B_NO,SUBJECT,WRITER,CONTENT,REG_DATE,READCOUNT) values (16,'공지사항 제목16','관리자','공지사항 내용16',to_date('24/03/20','RR/MM/DD'),1);
Insert into KING.NOTICEBOARD (B_NO,SUBJECT,WRITER,CONTENT,REG_DATE,READCOUNT) values (17,'공지사항 제목17','관리자','공지사항 내용17',to_date('24/03/21','RR/MM/DD'),1);
Insert into KING.NOTICEBOARD (B_NO,SUBJECT,WRITER,CONTENT,REG_DATE,READCOUNT) values (18,'공지사항 제목18','관리자','공지사항 내용18',to_date('24/03/22','RR/MM/DD'),1);
Insert into KING.NOTICEBOARD (B_NO,SUBJECT,WRITER,CONTENT,REG_DATE,READCOUNT) values (19,'공지사항 제목19','관리자','공지사항 내용19',to_date('24/03/23','RR/MM/DD'),1);
Insert into KING.NOTICEBOARD (B_NO,SUBJECT,WRITER,CONTENT,REG_DATE,READCOUNT) values (20,'공지사항 제목20','관리자','공지사항 내용20',to_date('24/03/24','RR/MM/DD'),1);
Insert into KING.NOTICEBOARD (B_NO,SUBJECT,WRITER,CONTENT,REG_DATE,READCOUNT) values (21,'공지사항 제목21','관리자','공지사항 내용21',to_date('24/03/25','RR/MM/DD'),1);
Insert into KING.NOTICEBOARD (B_NO,SUBJECT,WRITER,CONTENT,REG_DATE,READCOUNT) values (22,'공지사항 제목22','관리자','공지사항 내용22',to_date('24/03/26','RR/MM/DD'),1);
Insert into KING.NOTICEBOARD (B_NO,SUBJECT,WRITER,CONTENT,REG_DATE,READCOUNT) values (23,'공지사항 제목23','관리자','공지사항 내용23',to_date('24/03/27','RR/MM/DD'),1);
Insert into KING.NOTICEBOARD (B_NO,SUBJECT,WRITER,CONTENT,REG_DATE,READCOUNT) values (24,'공지사항 제목24','관리자','공지사항 내용24',to_date('24/03/28','RR/MM/DD'),1);
Insert into KING.NOTICEBOARD (B_NO,SUBJECT,WRITER,CONTENT,REG_DATE,READCOUNT) values (25,'공지사항 제목25','관리자','공지사항 내용25',to_date('24/03/29','RR/MM/DD'),1);
Insert into KING.NOTICEBOARD (B_NO,SUBJECT,WRITER,CONTENT,REG_DATE,READCOUNT) values (26,'공지사항 제목26','관리자','공지사항 내용26',to_date('24/03/30','RR/MM/DD'),2);
Insert into KING.NOTICEBOARD (B_NO,SUBJECT,WRITER,CONTENT,REG_DATE,READCOUNT) values (27,'공지사항 제목27','관리자','공지사항 내용27',to_date('24/03/31','RR/MM/DD'),1);
Insert into KING.NOTICEBOARD (B_NO,SUBJECT,WRITER,CONTENT,REG_DATE,READCOUNT) values (28,'공지사항 제목28','관리자','공지사항 내용28',to_date('24/04/01','RR/MM/DD'),1);
Insert into KING.NOTICEBOARD (B_NO,SUBJECT,WRITER,CONTENT,REG_DATE,READCOUNT) values (29,'공지사항 제목29','관리자','공지사항 내용29',to_date('24/04/02','RR/MM/DD'),1);
Insert into KING.NOTICEBOARD (B_NO,SUBJECT,WRITER,CONTENT,REG_DATE,READCOUNT) values (30,'공지사항 제목30','관리자','공지사항 내용30',to_date('24/04/03','RR/MM/DD'),1);
Insert into KING.NOTICEBOARD (B_NO,SUBJECT,WRITER,CONTENT,REG_DATE,READCOUNT) values (31,'공지사항 제목31','관리자','공지사항 내용31',to_date('24/04/04','RR/MM/DD'),1);
Insert into KING.NOTICEBOARD (B_NO,SUBJECT,WRITER,CONTENT,REG_DATE,READCOUNT) values (32,'공지사항 제목32','관리자','공지사항 내용32',to_date('24/04/05','RR/MM/DD'),1);
Insert into KING.NOTICEBOARD (B_NO,SUBJECT,WRITER,CONTENT,REG_DATE,READCOUNT) values (33,'수정','관리자','수정?',to_date('24/05/09','RR/MM/DD'),4);
Insert into KING.NOTICEBOARD (B_NO,SUBJECT,WRITER,CONTENT,REG_DATE,READCOUNT) values (34,'공지사항 제목34','관리자','공지사항 내용34',to_date('24/04/07','RR/MM/DD'),1);
Insert into KING.NOTICEBOARD (B_NO,SUBJECT,WRITER,CONTENT,REG_DATE,READCOUNT) values (35,'공지사항 제목35','관리자','공지사항 내용35',to_date('24/04/08','RR/MM/DD'),1);
Insert into KING.NOTICEBOARD (B_NO,SUBJECT,WRITER,CONTENT,REG_DATE,READCOUNT) values (36,'공지사항 제목36','관리자','공지사항 내용36',to_date('24/04/09','RR/MM/DD'),3);
Insert into KING.NOTICEBOARD (B_NO,SUBJECT,WRITER,CONTENT,REG_DATE,READCOUNT) values (37,'[공고] 2024 KFA 농산어촌 유ㆍ청소년 선진축구체','관리자','농산어촌 지역 유ㆍ청소년 축구 꿈나무들을 위한, 국내외 선진축구체험 프로그램을 아래와 같이 실시하오니, 축구를 좋아하는 유ㆍ청소년 여러분들의 많은 관심과 참여 부탁드립니다. ',to_date('24/05/22','RR/MM/DD'),4);
Insert into KING.NOTICEBOARD (B_NO,SUBJECT,WRITER,CONTENT,REG_DATE,READCOUNT) values (38,'[공지] 2024 KFA 공인구 현황 안내','관리자','2024년도 KFA 공인구 리스트는 첨부와 같습니다.

 

*별첨 : 2024 KFA 공인구 현황',to_date('24/05/22','RR/MM/DD'),6);
Insert into KING.NOTICEBOARD (B_NO,SUBJECT,WRITER,CONTENT,REG_DATE,READCOUNT) values (39,'이곳은 여러분들 모두가 함께 만들어가는 coding24','관리자','아마추어 축구 동호인들의 활발한 교류와 정보 공유를 통하여,

 

친선경기 매칭 및 축구장 정보,축구대회&리그 정보 그리고 지역별 축구팀 소식 등

 

''축구와 사람을 사랑하는 모든 분들의 필수 커뮤니티''가 될 수 있도록

 

''CODIN247'' 회원여러분 한분 한분 모두의 왕성한 활동 부탁드립니다!

 

오늘도 축구와 함께 행복한 하루되시기 바랍니다~^^
            ',to_date('24/05/21','RR/MM/DD'),5);
Insert into KING.NOTICEBOARD (B_NO,SUBJECT,WRITER,CONTENT,REG_DATE,READCOUNT) values (40,'[공지] 각 팀의 실력을 가늠해 볼 수 있는 매치기록실','관리자','경기결과를 기록하는 게시판인

''매치기록실''을 운영하고자 합니다.


글 제목은 반드시 -> ''OO팀 VS AA팀 경기결과'' 로 통일해주시고


글 내용에는 각팀 실력을 상 / 중상 / 중 / 중하 / 하 로 구분하시고

연령대는 20대, 4~50대, 전연령 등 각 팀의 주된 연령대를 자유롭게 올려주시면 되고

최종스코어와 함께 양식에 맞춰서 올려주시면 감사하겠습니다!',to_date('24/04/13','RR/MM/DD'),4);
Insert into KING.NOTICEBOARD (B_NO,SUBJECT,WRITER,CONTENT,REG_DATE,READCOUNT) values (41,'대한축구협회 정식 선수 등록의 혜택과 방법','관리자','우리나라도 해외 축구 선진국들과 마찬가지로 아마추어 모든 선수들의

선수등록으로 체계적인 관리가 이루어집니다.

등록비는 1만원이지만 이 등록비용은 축구 발전에 쓰이게 된다고 합니다.



올해부터 전국적으로 펼쳐지는 디비전 7에 참가하기 위해서는 정식 팀/선수 등록이 필수 입니다.

http://www.joinkfa.com',to_date('24/04/14','RR/MM/DD'),6);
Insert into KING.NOTICEBOARD (B_NO,SUBJECT,WRITER,CONTENT,REG_DATE,READCOUNT) values (42,'6월부터 달라지는 11개 축구 규칙!!!','관리자','1.프리킥 수비벽과 몸싸움 하지마! 
2. 손과 팔로 득점하면, 의도가 있든없든 ''노 골'' 
3. 심판 맞고 골 되면 ''노 골''  
4. 감독과 코칭스태프들도 노란/빨간 카드 받는다 
5. 카드 제시보다 경기 속개가 우선 
6.교체되는 선수의 출구는 따로 없다 
7.경기 전 동전 토스 이긴 팀의 권리 
8. 골킥이나 PA 안에서의 프리킥 시 인플레이
9. 페널티킥 때 골키퍼는 ''라인과 함께'' 
10. 이것은 드롭볼도, 드롭볼 아닌 것도 아니여~
11.과도한 골 셀러브레이션, 골 취소여도 옐로카드 
            ',to_date('24/05/21','RR/MM/DD'),55);
Insert into KING.NOTICEBOARD (B_NO,SUBJECT,WRITER,CONTENT,REG_DATE,READCOUNT) values (43,'야외체육시설 방역수칙 세부지침 부분 완화 안내','관리자','금일 정부 발표로 야외체육시설 방역 세부지침이 일부 완화되었습니다.

 

민간 체육시설 중 관리자가 있는 풋살장 및 축구장은 운동이 가능하게 되었습니다.

 

공공시설은 아직이지만 곧 지자체별로 오픈하는대로 이용이 가능할 것 같습니다.

-> 방역 세부수칙 내용 알아보기

http://ncov.mohw.go.kr/tcmBoardView.do?brdId=&brdGubun=&dataGubun=&ncvContSeq=363530&contSeq=363530&board_id=&gubun=ALL 

 

마스크착용이 필수지만 이렇게 일부라도 운동할 수 있게되어 다행입니다.

 

회원님들께서도 방역수칙 잘 준수하시어 운동 부탁드립니다.

모두 건강하시고 새해 복 많이 받으시기 바랍니다.
            
            ',to_date('24/04/16','RR/MM/DD'),11);
Insert into KING.NOTICEBOARD (B_NO,SUBJECT,WRITER,CONTENT,REG_DATE,READCOUNT) values (44,'신설 안내 (K5,6,7 리그 참가팀)','관리자','회원 중 K5,6,7 리그 참가팀께서는



본 게시판에 K5,6,7 리그 참가팀 등업신청을 해주시면 특별회원으로 등업됩니다.



특별회원은 K5,6,7 리그 팀원모집 및 K5,6,7 팀 매치 게시판 이용이 가능합니다.



앞으로 다양한 방향으로 리그 참가 관련하여 도움을 드리겠습니다.',to_date('24/04/17','RR/MM/DD'),11);
Insert into KING.NOTICEBOARD (B_NO,SUBJECT,WRITER,CONTENT,REG_DATE,READCOUNT) values (45,'MatchZone 과함께할파트너들을찾습니다~','관리자','저희 MatchZone과 함께 아마추어 축구 문화를선도하며
서로 윈윈할 수 있는 파트너들을 찾습니다.

제휴, 후원, 이벤트, 홍보, 크리에이터 등 어떠한 분야든 좋은 의견이나 관심있으신 분 께서는 관련 내용을 메일로 보내주시면
담당자 검토 후 연락드리겠습니다.
감사합니다.
            ',to_date('24/04/18','RR/MM/DD'),31);
Insert into KING.NOTICEBOARD (B_NO,SUBJECT,WRITER,CONTENT,REG_DATE,READCOUNT) values (46,'★매치팀 평가 해주세요★','관리자','< 예시 >

1.팀명 : 서울팀(우리팀) VS 경기팀(상대팀)


2.경 기 날 짜 :   23 년  12  월  7  일

3.경 기 장 소 :   마들스타디움

4.우리팀 실력 vs 상대팀 실력 :  하 vs 중하
(상 / 중상 / 중 / 중하 / 하 -> 팀별 택1)

5. 연령대 : 2~30대 vs 40대
( 각 팀의 주된 연령대를 위와같이 자유롭게 기재)

6.우리팀vs상대팀 최종스코어 - 2:3 (패)

7.상대팀 [실력] 한 줄 평가: 중하 치고는 잘 차시는 팀입니다.

8.상대팀 [매너] 한 줄 평가 : 매너도 전반적으로 좋았습니다.




※ 말머리에 승,무,패를 설정해주세요.

※ 글 제목은 반드시 -> ''OO팀(우리팀) vs AA팀(상대팀) 경기 후 평가 '' 로 통일해주세요.
            
            
            ',to_date('24/04/19','RR/MM/DD'),145);
Insert into KING.NOTICEBOARD (B_NO,SUBJECT,WRITER,CONTENT,REG_DATE,READCOUNT) values (14,'공지사항 제목14','관리자','공지사항 내용14',to_date('24/03/18','RR/MM/DD'),1);
Insert into KING.NOTICEBOARD (B_NO,SUBJECT,WRITER,CONTENT,REG_DATE,READCOUNT) values (49,'6월 월드컵 2차 예선 국가대표팀 코치진 확정','관리자','대한축구협회는 6월 열리는 2026 북중미 월드컵 2차 예선 싱가포르, 중국과의 경기에서 김도훈 임시 감독을 보좌할 대표팀 코치진을 21일 확정, 발표했다.',to_date('24/05/28','RR/MM/DD'),0);
Insert into KING.NOTICEBOARD (B_NO,SUBJECT,WRITER,CONTENT,REG_DATE,READCOUNT) values (47,'6월 소집 명단 발표 --- 오세훈, 배준호, 황재원 ','관리자','대한축구협회(KFA)가 2026 FIFA 북중미 월드컵 아시아 2차 예선 두 경기에 나설 6월 A대표팀 선수 소집 명단(23명)을 27일 발표했다.
 

아직 정식감독이 선임되지 않아 김도훈 임시 감독 체제로 운영되는 이번 소집에는 손흥민, 이강인, 이재성 등 기존 주축 멤버들이 변함없이 이름을 올린 가운데 오세훈, 배준호, 황재원, 최준 등 연령별 대표팀에서 활약해온 젊은 선수들과 황인재, 박승욱, 하창래 등 연령별 국가대표 경력이 없는 선수까지 총 7명이 A대표팀에 최초 발탁 됐다.',to_date('24/05/28','RR/MM/DD'),0);
Insert into KING.NOTICEBOARD (B_NO,SUBJECT,WRITER,CONTENT,REG_DATE,READCOUNT) values (48,'월드컵예선 중국전 티켓 판매 29일부터','관리자','대한축구협회가 북중미 월드컵 아시아 2차 예선 중국과의 홈경기 티켓을 29일부터 순차적으로 판매한다. 경기는 6월 11일 화요일 저녁 8시 서울월드컵경기장에서 열린다.

 

티켓은 PlayKFA(링크예정)에 접속해 구입할 수 있다. ‘하나원큐석’에 해당하는 일부 좌석은 하나은행 모바일 어플리케이션 하나원큐에서도 살 수 있다.

 

29일에는 PlayKFA의 VIP 회원들을 대상으로 한 선예매와 스카이박스 예매가 시작된다. VIP 회원중 ‘더 레드’ 등급 회원은 29일 오후 7시부터, ‘블랙’ 등급 회원은 오후 8시부터 구입할 수 있다. 선예매는 1인당 2매씩 구매가 가능하고, 추후 일반 예매에서 추가로 2장을 더 살 수 있다. ',to_date('24/05/28','RR/MM/DD'),0);
Insert into KING.NOTICEBOARD (B_NO,SUBJECT,WRITER,CONTENT,REG_DATE,READCOUNT) values (50,'[전술분석] 알고도 못 막는 한국의 득점 패턴','관리자','“운동장에서 일어난 일은 운동장에서 풀어야 한다.” 

3월 A대표팀 임시 사령탑을 맡은 황선홍 감독은 2026 북중미 월드컵 아시아지역 2차 예선 C조 3, 4차전에 나설 대표팀 명단을 발표하는 자리에서 이같이 말했다. 태국과의 2연전은 운동장에서의 해법을 모두 보여준 경기들이었다. 



C조 3차전 / 대한민국 1-1 태국(3월 21일) @서울월드컵경기장

경기 분석을 위해 현장을 찾았다. 오랜만에 국내에서 열리는 A매치여서인지 팬들의 관심이 뜨거웠다. 킥오프 세 시간 전부터 경기장으로 몰려든 사람들과 차량들을 보면서 열기를 실감했다. 과거에 비해 20대 여성 팬과 커플 팬이 눈에 띄게 늘었다. 축구장이 새로운 문화를 만드는 장소로 자리잡고 있다는 사실을 확인할 수 있었다. 실제 이날 경기장에입장한 관중수는 64,912명이었다. 축구인의 한 사람으로, 2023 아시안컵에서 기대에 미치지 못하는 경기력과 성적으로 실망한 팬들에게 속죄하는 경기가 되길 바랐다. ',to_date('24/05/28','RR/MM/DD'),1);
Insert into KING.NOTICEBOARD (B_NO,SUBJECT,WRITER,CONTENT,REG_DATE,READCOUNT) values (51,'‘K4 영플레이어 출신’ 파주 성정윤 “올해는 도움왕 ','관리자','2020 K4리그 영플레이어상 수상자인 파주시민축구단(이하 파주시민) 성정윤은 올해 K3리그 도움왕을 노리고 있다.

 

25일 파주스타디움에서 열린 2024 K3리그 11라운드에서 파주시민이 전반 43분에 터진 상대 자책골에 힘입어 여주FC에 1-0 승리를 거뒀다. 이번 승리로 최근 5경기에서 무패를 기록하게 된 파주시민(4승 3무 3패, 승점 15점)은 다른 팀들보다 한 경기 덜 치른 채 리그 8위에 올랐다. ',to_date('24/05/28','RR/MM/DD'),1);
Insert into KING.NOTICEBOARD (B_NO,SUBJECT,WRITER,CONTENT,REG_DATE,READCOUNT) values (52,'파주 오범석 감독 “선수 시절 훈련법, 팀에 주입중" ','관리자','지도자로서 첫 해를 보내고 있는 파주시민축구단(이하 파주시민) 오범석 감독은 선수 시절 프로무대에서 경험한 훈련법을 팀에 주입시켜 선수들을 성장시키려 한다.

 

25일 파주스타디움에서 열린 2024 K3리그 11라운드에서 파주시민이 전반 43분에 터진 상대 자책골에 힘입어 여주FC에 1-0 승리를 거뒀다. 이번 승리로 최근 5경기에서 무패를 기록하게 된 파주시민(4승 3무 3패, 승점 15점)은 다른 팀들보다 한 경기 덜 치른 채 리그 8위에 올랐다. ',to_date('24/05/28','RR/MM/DD'),5);
REM INSERTING into KING.PLAYER_RANKING
SET DEFINE OFF;
REM INSERTING into KING.PLAYER_RECORD
SET DEFINE OFF;
Insert into KING.PLAYER_RECORD (PLAYER,GAMES_PLAYED,WINS,DRAWS,LOSSES,GOALS_FOR,GOALS_ASSIST) values (2,22,15,3,2,50,11);
Insert into KING.PLAYER_RECORD (PLAYER,GAMES_PLAYED,WINS,DRAWS,LOSSES,GOALS_FOR,GOALS_ASSIST) values (3,88,6,17,26,19,19);
Insert into KING.PLAYER_RECORD (PLAYER,GAMES_PLAYED,WINS,DRAWS,LOSSES,GOALS_FOR,GOALS_ASSIST) values (4,70,7,5,25,38,3);
Insert into KING.PLAYER_RECORD (PLAYER,GAMES_PLAYED,WINS,DRAWS,LOSSES,GOALS_FOR,GOALS_ASSIST) values (5,35,16,0,10,34,10);
Insert into KING.PLAYER_RECORD (PLAYER,GAMES_PLAYED,WINS,DRAWS,LOSSES,GOALS_FOR,GOALS_ASSIST) values (6,47,26,9,6,43,16);
Insert into KING.PLAYER_RECORD (PLAYER,GAMES_PLAYED,WINS,DRAWS,LOSSES,GOALS_FOR,GOALS_ASSIST) values (7,51,9,20,23,13,10);
Insert into KING.PLAYER_RECORD (PLAYER,GAMES_PLAYED,WINS,DRAWS,LOSSES,GOALS_FOR,GOALS_ASSIST) values (8,9,29,20,5,11,9);
Insert into KING.PLAYER_RECORD (PLAYER,GAMES_PLAYED,WINS,DRAWS,LOSSES,GOALS_FOR,GOALS_ASSIST) values (9,37,42,7,23,1,19);
Insert into KING.PLAYER_RECORD (PLAYER,GAMES_PLAYED,WINS,DRAWS,LOSSES,GOALS_FOR,GOALS_ASSIST) values (10,88,21,4,24,8,1);
Insert into KING.PLAYER_RECORD (PLAYER,GAMES_PLAYED,WINS,DRAWS,LOSSES,GOALS_FOR,GOALS_ASSIST) values (11,85,24,18,7,41,17);
Insert into KING.PLAYER_RECORD (PLAYER,GAMES_PLAYED,WINS,DRAWS,LOSSES,GOALS_FOR,GOALS_ASSIST) values (12,4,20,5,26,31,12);
Insert into KING.PLAYER_RECORD (PLAYER,GAMES_PLAYED,WINS,DRAWS,LOSSES,GOALS_FOR,GOALS_ASSIST) values (13,46,40,14,7,50,20);
Insert into KING.PLAYER_RECORD (PLAYER,GAMES_PLAYED,WINS,DRAWS,LOSSES,GOALS_FOR,GOALS_ASSIST) values (14,59,36,3,11,4,14);
Insert into KING.PLAYER_RECORD (PLAYER,GAMES_PLAYED,WINS,DRAWS,LOSSES,GOALS_FOR,GOALS_ASSIST) values (15,44,16,19,19,50,0);
Insert into KING.PLAYER_RECORD (PLAYER,GAMES_PLAYED,WINS,DRAWS,LOSSES,GOALS_FOR,GOALS_ASSIST) values (16,85,18,13,26,0,2);
Insert into KING.PLAYER_RECORD (PLAYER,GAMES_PLAYED,WINS,DRAWS,LOSSES,GOALS_FOR,GOALS_ASSIST) values (17,36,6,20,8,1,17);
Insert into KING.PLAYER_RECORD (PLAYER,GAMES_PLAYED,WINS,DRAWS,LOSSES,GOALS_FOR,GOALS_ASSIST) values (18,5,42,13,1,49,0);
Insert into KING.PLAYER_RECORD (PLAYER,GAMES_PLAYED,WINS,DRAWS,LOSSES,GOALS_FOR,GOALS_ASSIST) values (19,94,24,3,10,8,5);
Insert into KING.PLAYER_RECORD (PLAYER,GAMES_PLAYED,WINS,DRAWS,LOSSES,GOALS_FOR,GOALS_ASSIST) values (20,75,15,16,24,43,16);
Insert into KING.PLAYER_RECORD (PLAYER,GAMES_PLAYED,WINS,DRAWS,LOSSES,GOALS_FOR,GOALS_ASSIST) values (21,86,44,15,28,37,13);
Insert into KING.PLAYER_RECORD (PLAYER,GAMES_PLAYED,WINS,DRAWS,LOSSES,GOALS_FOR,GOALS_ASSIST) values (22,69,41,18,21,24,0);
Insert into KING.PLAYER_RECORD (PLAYER,GAMES_PLAYED,WINS,DRAWS,LOSSES,GOALS_FOR,GOALS_ASSIST) values (23,83,32,11,24,20,1);
Insert into KING.PLAYER_RECORD (PLAYER,GAMES_PLAYED,WINS,DRAWS,LOSSES,GOALS_FOR,GOALS_ASSIST) values (24,71,19,16,2,47,3);
Insert into KING.PLAYER_RECORD (PLAYER,GAMES_PLAYED,WINS,DRAWS,LOSSES,GOALS_FOR,GOALS_ASSIST) values (25,27,30,13,14,35,17);
Insert into KING.PLAYER_RECORD (PLAYER,GAMES_PLAYED,WINS,DRAWS,LOSSES,GOALS_FOR,GOALS_ASSIST) values (26,88,11,0,22,9,15);
Insert into KING.PLAYER_RECORD (PLAYER,GAMES_PLAYED,WINS,DRAWS,LOSSES,GOALS_FOR,GOALS_ASSIST) values (27,0,0,0,0,0,0);
Insert into KING.PLAYER_RECORD (PLAYER,GAMES_PLAYED,WINS,DRAWS,LOSSES,GOALS_FOR,GOALS_ASSIST) values (28,0,0,0,0,0,0);
Insert into KING.PLAYER_RECORD (PLAYER,GAMES_PLAYED,WINS,DRAWS,LOSSES,GOALS_FOR,GOALS_ASSIST) values (29,0,0,0,0,0,0);
Insert into KING.PLAYER_RECORD (PLAYER,GAMES_PLAYED,WINS,DRAWS,LOSSES,GOALS_FOR,GOALS_ASSIST) values (30,0,0,0,0,0,0);
Insert into KING.PLAYER_RECORD (PLAYER,GAMES_PLAYED,WINS,DRAWS,LOSSES,GOALS_FOR,GOALS_ASSIST) values (31,0,0,0,0,0,0);
Insert into KING.PLAYER_RECORD (PLAYER,GAMES_PLAYED,WINS,DRAWS,LOSSES,GOALS_FOR,GOALS_ASSIST) values (32,0,0,0,0,0,0);
Insert into KING.PLAYER_RECORD (PLAYER,GAMES_PLAYED,WINS,DRAWS,LOSSES,GOALS_FOR,GOALS_ASSIST) values (33,0,0,0,0,0,0);
Insert into KING.PLAYER_RECORD (PLAYER,GAMES_PLAYED,WINS,DRAWS,LOSSES,GOALS_FOR,GOALS_ASSIST) values (34,0,0,0,0,0,0);
Insert into KING.PLAYER_RECORD (PLAYER,GAMES_PLAYED,WINS,DRAWS,LOSSES,GOALS_FOR,GOALS_ASSIST) values (35,0,0,0,0,0,0);
Insert into KING.PLAYER_RECORD (PLAYER,GAMES_PLAYED,WINS,DRAWS,LOSSES,GOALS_FOR,GOALS_ASSIST) values (36,0,0,0,0,0,0);
Insert into KING.PLAYER_RECORD (PLAYER,GAMES_PLAYED,WINS,DRAWS,LOSSES,GOALS_FOR,GOALS_ASSIST) values (37,0,0,0,0,0,0);
Insert into KING.PLAYER_RECORD (PLAYER,GAMES_PLAYED,WINS,DRAWS,LOSSES,GOALS_FOR,GOALS_ASSIST) values (38,0,0,0,0,0,0);
Insert into KING.PLAYER_RECORD (PLAYER,GAMES_PLAYED,WINS,DRAWS,LOSSES,GOALS_FOR,GOALS_ASSIST) values (39,0,0,0,0,0,0);
Insert into KING.PLAYER_RECORD (PLAYER,GAMES_PLAYED,WINS,DRAWS,LOSSES,GOALS_FOR,GOALS_ASSIST) values (40,0,0,0,0,0,0);
Insert into KING.PLAYER_RECORD (PLAYER,GAMES_PLAYED,WINS,DRAWS,LOSSES,GOALS_FOR,GOALS_ASSIST) values (41,0,0,0,0,0,0);
Insert into KING.PLAYER_RECORD (PLAYER,GAMES_PLAYED,WINS,DRAWS,LOSSES,GOALS_FOR,GOALS_ASSIST) values (42,0,0,0,0,0,0);
Insert into KING.PLAYER_RECORD (PLAYER,GAMES_PLAYED,WINS,DRAWS,LOSSES,GOALS_FOR,GOALS_ASSIST) values (43,0,0,0,0,0,0);
Insert into KING.PLAYER_RECORD (PLAYER,GAMES_PLAYED,WINS,DRAWS,LOSSES,GOALS_FOR,GOALS_ASSIST) values (44,0,0,0,0,0,0);
Insert into KING.PLAYER_RECORD (PLAYER,GAMES_PLAYED,WINS,DRAWS,LOSSES,GOALS_FOR,GOALS_ASSIST) values (45,0,0,0,0,0,0);
Insert into KING.PLAYER_RECORD (PLAYER,GAMES_PLAYED,WINS,DRAWS,LOSSES,GOALS_FOR,GOALS_ASSIST) values (46,0,0,0,0,0,0);
Insert into KING.PLAYER_RECORD (PLAYER,GAMES_PLAYED,WINS,DRAWS,LOSSES,GOALS_FOR,GOALS_ASSIST) values (47,0,0,0,0,0,0);
Insert into KING.PLAYER_RECORD (PLAYER,GAMES_PLAYED,WINS,DRAWS,LOSSES,GOALS_FOR,GOALS_ASSIST) values (48,0,0,0,0,0,0);
Insert into KING.PLAYER_RECORD (PLAYER,GAMES_PLAYED,WINS,DRAWS,LOSSES,GOALS_FOR,GOALS_ASSIST) values (49,0,0,0,0,0,0);
Insert into KING.PLAYER_RECORD (PLAYER,GAMES_PLAYED,WINS,DRAWS,LOSSES,GOALS_FOR,GOALS_ASSIST) values (50,0,0,0,0,0,0);
Insert into KING.PLAYER_RECORD (PLAYER,GAMES_PLAYED,WINS,DRAWS,LOSSES,GOALS_FOR,GOALS_ASSIST) values (52,0,0,0,0,0,0);
Insert into KING.PLAYER_RECORD (PLAYER,GAMES_PLAYED,WINS,DRAWS,LOSSES,GOALS_FOR,GOALS_ASSIST) values (51,0,0,0,0,0,0);
Insert into KING.PLAYER_RECORD (PLAYER,GAMES_PLAYED,WINS,DRAWS,LOSSES,GOALS_FOR,GOALS_ASSIST) values (53,0,0,0,0,0,0);
Insert into KING.PLAYER_RECORD (PLAYER,GAMES_PLAYED,WINS,DRAWS,LOSSES,GOALS_FOR,GOALS_ASSIST) values (54,0,0,0,0,0,0);
Insert into KING.PLAYER_RECORD (PLAYER,GAMES_PLAYED,WINS,DRAWS,LOSSES,GOALS_FOR,GOALS_ASSIST) values (55,0,0,0,0,0,0);
Insert into KING.PLAYER_RECORD (PLAYER,GAMES_PLAYED,WINS,DRAWS,LOSSES,GOALS_FOR,GOALS_ASSIST) values (56,0,0,0,0,0,0);
Insert into KING.PLAYER_RECORD (PLAYER,GAMES_PLAYED,WINS,DRAWS,LOSSES,GOALS_FOR,GOALS_ASSIST) values (57,0,0,0,0,0,0);
Insert into KING.PLAYER_RECORD (PLAYER,GAMES_PLAYED,WINS,DRAWS,LOSSES,GOALS_FOR,GOALS_ASSIST) values (58,0,0,0,0,0,0);
Insert into KING.PLAYER_RECORD (PLAYER,GAMES_PLAYED,WINS,DRAWS,LOSSES,GOALS_FOR,GOALS_ASSIST) values (59,0,0,0,0,0,0);
Insert into KING.PLAYER_RECORD (PLAYER,GAMES_PLAYED,WINS,DRAWS,LOSSES,GOALS_FOR,GOALS_ASSIST) values (60,0,0,0,0,0,0);
Insert into KING.PLAYER_RECORD (PLAYER,GAMES_PLAYED,WINS,DRAWS,LOSSES,GOALS_FOR,GOALS_ASSIST) values (61,0,0,0,0,0,0);
Insert into KING.PLAYER_RECORD (PLAYER,GAMES_PLAYED,WINS,DRAWS,LOSSES,GOALS_FOR,GOALS_ASSIST) values (62,0,0,0,0,0,0);
Insert into KING.PLAYER_RECORD (PLAYER,GAMES_PLAYED,WINS,DRAWS,LOSSES,GOALS_FOR,GOALS_ASSIST) values (63,0,0,0,0,0,0);
Insert into KING.PLAYER_RECORD (PLAYER,GAMES_PLAYED,WINS,DRAWS,LOSSES,GOALS_FOR,GOALS_ASSIST) values (64,0,0,0,0,0,0);
Insert into KING.PLAYER_RECORD (PLAYER,GAMES_PLAYED,WINS,DRAWS,LOSSES,GOALS_FOR,GOALS_ASSIST) values (65,0,0,0,0,0,0);
Insert into KING.PLAYER_RECORD (PLAYER,GAMES_PLAYED,WINS,DRAWS,LOSSES,GOALS_FOR,GOALS_ASSIST) values (66,0,0,0,0,0,0);
Insert into KING.PLAYER_RECORD (PLAYER,GAMES_PLAYED,WINS,DRAWS,LOSSES,GOALS_FOR,GOALS_ASSIST) values (67,0,0,0,0,0,0);
Insert into KING.PLAYER_RECORD (PLAYER,GAMES_PLAYED,WINS,DRAWS,LOSSES,GOALS_FOR,GOALS_ASSIST) values (68,0,0,0,0,0,0);
Insert into KING.PLAYER_RECORD (PLAYER,GAMES_PLAYED,WINS,DRAWS,LOSSES,GOALS_FOR,GOALS_ASSIST) values (69,0,0,0,0,0,0);
Insert into KING.PLAYER_RECORD (PLAYER,GAMES_PLAYED,WINS,DRAWS,LOSSES,GOALS_FOR,GOALS_ASSIST) values (70,0,0,0,0,0,0);
Insert into KING.PLAYER_RECORD (PLAYER,GAMES_PLAYED,WINS,DRAWS,LOSSES,GOALS_FOR,GOALS_ASSIST) values (71,0,0,0,0,0,0);
Insert into KING.PLAYER_RECORD (PLAYER,GAMES_PLAYED,WINS,DRAWS,LOSSES,GOALS_FOR,GOALS_ASSIST) values (72,0,0,0,0,0,0);
Insert into KING.PLAYER_RECORD (PLAYER,GAMES_PLAYED,WINS,DRAWS,LOSSES,GOALS_FOR,GOALS_ASSIST) values (73,0,0,0,0,0,0);
Insert into KING.PLAYER_RECORD (PLAYER,GAMES_PLAYED,WINS,DRAWS,LOSSES,GOALS_FOR,GOALS_ASSIST) values (74,0,0,0,0,0,0);
Insert into KING.PLAYER_RECORD (PLAYER,GAMES_PLAYED,WINS,DRAWS,LOSSES,GOALS_FOR,GOALS_ASSIST) values (75,0,0,0,0,0,0);
Insert into KING.PLAYER_RECORD (PLAYER,GAMES_PLAYED,WINS,DRAWS,LOSSES,GOALS_FOR,GOALS_ASSIST) values (76,0,0,0,0,0,0);
Insert into KING.PLAYER_RECORD (PLAYER,GAMES_PLAYED,WINS,DRAWS,LOSSES,GOALS_FOR,GOALS_ASSIST) values (77,0,0,0,0,0,0);
Insert into KING.PLAYER_RECORD (PLAYER,GAMES_PLAYED,WINS,DRAWS,LOSSES,GOALS_FOR,GOALS_ASSIST) values (78,0,0,0,0,0,0);
Insert into KING.PLAYER_RECORD (PLAYER,GAMES_PLAYED,WINS,DRAWS,LOSSES,GOALS_FOR,GOALS_ASSIST) values (79,0,0,0,0,0,0);
Insert into KING.PLAYER_RECORD (PLAYER,GAMES_PLAYED,WINS,DRAWS,LOSSES,GOALS_FOR,GOALS_ASSIST) values (80,0,0,0,0,0,0);
Insert into KING.PLAYER_RECORD (PLAYER,GAMES_PLAYED,WINS,DRAWS,LOSSES,GOALS_FOR,GOALS_ASSIST) values (81,0,0,0,0,0,0);
Insert into KING.PLAYER_RECORD (PLAYER,GAMES_PLAYED,WINS,DRAWS,LOSSES,GOALS_FOR,GOALS_ASSIST) values (82,0,0,0,0,0,0);
Insert into KING.PLAYER_RECORD (PLAYER,GAMES_PLAYED,WINS,DRAWS,LOSSES,GOALS_FOR,GOALS_ASSIST) values (83,0,0,0,0,0,0);
Insert into KING.PLAYER_RECORD (PLAYER,GAMES_PLAYED,WINS,DRAWS,LOSSES,GOALS_FOR,GOALS_ASSIST) values (84,0,0,0,0,0,0);
Insert into KING.PLAYER_RECORD (PLAYER,GAMES_PLAYED,WINS,DRAWS,LOSSES,GOALS_FOR,GOALS_ASSIST) values (85,0,0,0,0,0,0);
Insert into KING.PLAYER_RECORD (PLAYER,GAMES_PLAYED,WINS,DRAWS,LOSSES,GOALS_FOR,GOALS_ASSIST) values (86,0,0,0,0,0,0);
Insert into KING.PLAYER_RECORD (PLAYER,GAMES_PLAYED,WINS,DRAWS,LOSSES,GOALS_FOR,GOALS_ASSIST) values (87,0,0,0,0,0,0);
Insert into KING.PLAYER_RECORD (PLAYER,GAMES_PLAYED,WINS,DRAWS,LOSSES,GOALS_FOR,GOALS_ASSIST) values (88,0,0,0,0,0,0);
Insert into KING.PLAYER_RECORD (PLAYER,GAMES_PLAYED,WINS,DRAWS,LOSSES,GOALS_FOR,GOALS_ASSIST) values (89,0,0,0,0,0,0);
Insert into KING.PLAYER_RECORD (PLAYER,GAMES_PLAYED,WINS,DRAWS,LOSSES,GOALS_FOR,GOALS_ASSIST) values (90,0,0,0,0,0,0);
Insert into KING.PLAYER_RECORD (PLAYER,GAMES_PLAYED,WINS,DRAWS,LOSSES,GOALS_FOR,GOALS_ASSIST) values (91,0,0,0,0,0,0);
Insert into KING.PLAYER_RECORD (PLAYER,GAMES_PLAYED,WINS,DRAWS,LOSSES,GOALS_FOR,GOALS_ASSIST) values (92,0,0,0,0,0,0);
Insert into KING.PLAYER_RECORD (PLAYER,GAMES_PLAYED,WINS,DRAWS,LOSSES,GOALS_FOR,GOALS_ASSIST) values (93,0,0,0,0,0,0);
Insert into KING.PLAYER_RECORD (PLAYER,GAMES_PLAYED,WINS,DRAWS,LOSSES,GOALS_FOR,GOALS_ASSIST) values (94,0,0,0,0,0,0);
Insert into KING.PLAYER_RECORD (PLAYER,GAMES_PLAYED,WINS,DRAWS,LOSSES,GOALS_FOR,GOALS_ASSIST) values (95,0,0,0,0,0,0);
Insert into KING.PLAYER_RECORD (PLAYER,GAMES_PLAYED,WINS,DRAWS,LOSSES,GOALS_FOR,GOALS_ASSIST) values (96,0,0,0,0,0,0);
Insert into KING.PLAYER_RECORD (PLAYER,GAMES_PLAYED,WINS,DRAWS,LOSSES,GOALS_FOR,GOALS_ASSIST) values (97,0,0,0,0,0,0);
Insert into KING.PLAYER_RECORD (PLAYER,GAMES_PLAYED,WINS,DRAWS,LOSSES,GOALS_FOR,GOALS_ASSIST) values (98,0,0,0,0,0,0);
Insert into KING.PLAYER_RECORD (PLAYER,GAMES_PLAYED,WINS,DRAWS,LOSSES,GOALS_FOR,GOALS_ASSIST) values (99,0,0,0,0,0,0);
Insert into KING.PLAYER_RECORD (PLAYER,GAMES_PLAYED,WINS,DRAWS,LOSSES,GOALS_FOR,GOALS_ASSIST) values (100,0,0,0,0,0,0);
Insert into KING.PLAYER_RECORD (PLAYER,GAMES_PLAYED,WINS,DRAWS,LOSSES,GOALS_FOR,GOALS_ASSIST) values (101,0,0,0,0,0,0);
Insert into KING.PLAYER_RECORD (PLAYER,GAMES_PLAYED,WINS,DRAWS,LOSSES,GOALS_FOR,GOALS_ASSIST) values (102,0,0,0,0,0,0);
Insert into KING.PLAYER_RECORD (PLAYER,GAMES_PLAYED,WINS,DRAWS,LOSSES,GOALS_FOR,GOALS_ASSIST) values (103,0,0,0,0,0,0);
Insert into KING.PLAYER_RECORD (PLAYER,GAMES_PLAYED,WINS,DRAWS,LOSSES,GOALS_FOR,GOALS_ASSIST) values (104,0,0,0,0,0,0);
Insert into KING.PLAYER_RECORD (PLAYER,GAMES_PLAYED,WINS,DRAWS,LOSSES,GOALS_FOR,GOALS_ASSIST) values (105,0,0,0,0,0,0);
Insert into KING.PLAYER_RECORD (PLAYER,GAMES_PLAYED,WINS,DRAWS,LOSSES,GOALS_FOR,GOALS_ASSIST) values (106,0,0,0,0,0,0);
Insert into KING.PLAYER_RECORD (PLAYER,GAMES_PLAYED,WINS,DRAWS,LOSSES,GOALS_FOR,GOALS_ASSIST) values (107,0,0,0,0,0,0);
Insert into KING.PLAYER_RECORD (PLAYER,GAMES_PLAYED,WINS,DRAWS,LOSSES,GOALS_FOR,GOALS_ASSIST) values (108,0,0,0,0,0,0);
Insert into KING.PLAYER_RECORD (PLAYER,GAMES_PLAYED,WINS,DRAWS,LOSSES,GOALS_FOR,GOALS_ASSIST) values (109,0,0,0,0,0,0);
Insert into KING.PLAYER_RECORD (PLAYER,GAMES_PLAYED,WINS,DRAWS,LOSSES,GOALS_FOR,GOALS_ASSIST) values (110,0,0,0,0,0,0);
Insert into KING.PLAYER_RECORD (PLAYER,GAMES_PLAYED,WINS,DRAWS,LOSSES,GOALS_FOR,GOALS_ASSIST) values (111,0,0,0,0,0,0);
Insert into KING.PLAYER_RECORD (PLAYER,GAMES_PLAYED,WINS,DRAWS,LOSSES,GOALS_FOR,GOALS_ASSIST) values (112,0,0,0,0,0,0);
Insert into KING.PLAYER_RECORD (PLAYER,GAMES_PLAYED,WINS,DRAWS,LOSSES,GOALS_FOR,GOALS_ASSIST) values (113,0,0,0,0,0,0);
Insert into KING.PLAYER_RECORD (PLAYER,GAMES_PLAYED,WINS,DRAWS,LOSSES,GOALS_FOR,GOALS_ASSIST) values (114,0,0,0,0,0,0);
Insert into KING.PLAYER_RECORD (PLAYER,GAMES_PLAYED,WINS,DRAWS,LOSSES,GOALS_FOR,GOALS_ASSIST) values (115,0,0,0,0,0,0);
Insert into KING.PLAYER_RECORD (PLAYER,GAMES_PLAYED,WINS,DRAWS,LOSSES,GOALS_FOR,GOALS_ASSIST) values (116,0,0,0,0,0,0);
Insert into KING.PLAYER_RECORD (PLAYER,GAMES_PLAYED,WINS,DRAWS,LOSSES,GOALS_FOR,GOALS_ASSIST) values (117,0,0,0,0,0,0);
Insert into KING.PLAYER_RECORD (PLAYER,GAMES_PLAYED,WINS,DRAWS,LOSSES,GOALS_FOR,GOALS_ASSIST) values (118,0,0,0,0,0,0);
Insert into KING.PLAYER_RECORD (PLAYER,GAMES_PLAYED,WINS,DRAWS,LOSSES,GOALS_FOR,GOALS_ASSIST) values (119,0,0,0,0,0,0);
Insert into KING.PLAYER_RECORD (PLAYER,GAMES_PLAYED,WINS,DRAWS,LOSSES,GOALS_FOR,GOALS_ASSIST) values (120,0,0,0,0,0,0);
Insert into KING.PLAYER_RECORD (PLAYER,GAMES_PLAYED,WINS,DRAWS,LOSSES,GOALS_FOR,GOALS_ASSIST) values (121,0,0,0,0,0,0);
Insert into KING.PLAYER_RECORD (PLAYER,GAMES_PLAYED,WINS,DRAWS,LOSSES,GOALS_FOR,GOALS_ASSIST) values (122,0,0,0,0,0,0);
Insert into KING.PLAYER_RECORD (PLAYER,GAMES_PLAYED,WINS,DRAWS,LOSSES,GOALS_FOR,GOALS_ASSIST) values (123,0,0,0,0,0,0);
Insert into KING.PLAYER_RECORD (PLAYER,GAMES_PLAYED,WINS,DRAWS,LOSSES,GOALS_FOR,GOALS_ASSIST) values (124,0,0,0,0,0,0);
Insert into KING.PLAYER_RECORD (PLAYER,GAMES_PLAYED,WINS,DRAWS,LOSSES,GOALS_FOR,GOALS_ASSIST) values (125,0,0,0,0,0,0);
Insert into KING.PLAYER_RECORD (PLAYER,GAMES_PLAYED,WINS,DRAWS,LOSSES,GOALS_FOR,GOALS_ASSIST) values (126,0,0,0,0,0,0);
Insert into KING.PLAYER_RECORD (PLAYER,GAMES_PLAYED,WINS,DRAWS,LOSSES,GOALS_FOR,GOALS_ASSIST) values (127,0,0,0,0,0,0);
Insert into KING.PLAYER_RECORD (PLAYER,GAMES_PLAYED,WINS,DRAWS,LOSSES,GOALS_FOR,GOALS_ASSIST) values (128,0,0,0,0,0,0);
Insert into KING.PLAYER_RECORD (PLAYER,GAMES_PLAYED,WINS,DRAWS,LOSSES,GOALS_FOR,GOALS_ASSIST) values (129,0,0,0,0,0,0);
Insert into KING.PLAYER_RECORD (PLAYER,GAMES_PLAYED,WINS,DRAWS,LOSSES,GOALS_FOR,GOALS_ASSIST) values (130,0,0,0,0,0,0);
Insert into KING.PLAYER_RECORD (PLAYER,GAMES_PLAYED,WINS,DRAWS,LOSSES,GOALS_FOR,GOALS_ASSIST) values (131,0,0,0,0,0,0);
Insert into KING.PLAYER_RECORD (PLAYER,GAMES_PLAYED,WINS,DRAWS,LOSSES,GOALS_FOR,GOALS_ASSIST) values (132,0,0,0,0,0,0);
Insert into KING.PLAYER_RECORD (PLAYER,GAMES_PLAYED,WINS,DRAWS,LOSSES,GOALS_FOR,GOALS_ASSIST) values (133,0,0,0,0,0,0);
Insert into KING.PLAYER_RECORD (PLAYER,GAMES_PLAYED,WINS,DRAWS,LOSSES,GOALS_FOR,GOALS_ASSIST) values (134,0,0,0,0,0,0);
Insert into KING.PLAYER_RECORD (PLAYER,GAMES_PLAYED,WINS,DRAWS,LOSSES,GOALS_FOR,GOALS_ASSIST) values (135,0,0,0,0,0,0);
Insert into KING.PLAYER_RECORD (PLAYER,GAMES_PLAYED,WINS,DRAWS,LOSSES,GOALS_FOR,GOALS_ASSIST) values (136,0,0,0,0,0,0);
Insert into KING.PLAYER_RECORD (PLAYER,GAMES_PLAYED,WINS,DRAWS,LOSSES,GOALS_FOR,GOALS_ASSIST) values (137,0,0,0,0,0,0);
Insert into KING.PLAYER_RECORD (PLAYER,GAMES_PLAYED,WINS,DRAWS,LOSSES,GOALS_FOR,GOALS_ASSIST) values (138,0,0,0,0,0,0);
Insert into KING.PLAYER_RECORD (PLAYER,GAMES_PLAYED,WINS,DRAWS,LOSSES,GOALS_FOR,GOALS_ASSIST) values (139,0,0,0,0,0,0);
Insert into KING.PLAYER_RECORD (PLAYER,GAMES_PLAYED,WINS,DRAWS,LOSSES,GOALS_FOR,GOALS_ASSIST) values (140,0,0,0,0,0,0);
Insert into KING.PLAYER_RECORD (PLAYER,GAMES_PLAYED,WINS,DRAWS,LOSSES,GOALS_FOR,GOALS_ASSIST) values (141,0,0,0,0,0,0);
Insert into KING.PLAYER_RECORD (PLAYER,GAMES_PLAYED,WINS,DRAWS,LOSSES,GOALS_FOR,GOALS_ASSIST) values (142,0,0,0,0,0,0);
Insert into KING.PLAYER_RECORD (PLAYER,GAMES_PLAYED,WINS,DRAWS,LOSSES,GOALS_FOR,GOALS_ASSIST) values (143,0,0,0,0,0,0);
Insert into KING.PLAYER_RECORD (PLAYER,GAMES_PLAYED,WINS,DRAWS,LOSSES,GOALS_FOR,GOALS_ASSIST) values (144,0,0,0,0,0,0);
Insert into KING.PLAYER_RECORD (PLAYER,GAMES_PLAYED,WINS,DRAWS,LOSSES,GOALS_FOR,GOALS_ASSIST) values (145,0,0,0,0,0,0);
Insert into KING.PLAYER_RECORD (PLAYER,GAMES_PLAYED,WINS,DRAWS,LOSSES,GOALS_FOR,GOALS_ASSIST) values (146,0,0,0,0,0,0);
Insert into KING.PLAYER_RECORD (PLAYER,GAMES_PLAYED,WINS,DRAWS,LOSSES,GOALS_FOR,GOALS_ASSIST) values (147,0,0,0,0,0,0);
Insert into KING.PLAYER_RECORD (PLAYER,GAMES_PLAYED,WINS,DRAWS,LOSSES,GOALS_FOR,GOALS_ASSIST) values (148,0,0,0,0,0,0);
Insert into KING.PLAYER_RECORD (PLAYER,GAMES_PLAYED,WINS,DRAWS,LOSSES,GOALS_FOR,GOALS_ASSIST) values (149,0,0,0,0,0,0);
Insert into KING.PLAYER_RECORD (PLAYER,GAMES_PLAYED,WINS,DRAWS,LOSSES,GOALS_FOR,GOALS_ASSIST) values (150,0,0,0,0,0,0);
Insert into KING.PLAYER_RECORD (PLAYER,GAMES_PLAYED,WINS,DRAWS,LOSSES,GOALS_FOR,GOALS_ASSIST) values (151,0,0,0,0,0,0);
Insert into KING.PLAYER_RECORD (PLAYER,GAMES_PLAYED,WINS,DRAWS,LOSSES,GOALS_FOR,GOALS_ASSIST) values (152,0,0,0,0,0,0);
Insert into KING.PLAYER_RECORD (PLAYER,GAMES_PLAYED,WINS,DRAWS,LOSSES,GOALS_FOR,GOALS_ASSIST) values (153,0,0,0,0,0,0);
Insert into KING.PLAYER_RECORD (PLAYER,GAMES_PLAYED,WINS,DRAWS,LOSSES,GOALS_FOR,GOALS_ASSIST) values (154,0,0,0,0,0,0);
Insert into KING.PLAYER_RECORD (PLAYER,GAMES_PLAYED,WINS,DRAWS,LOSSES,GOALS_FOR,GOALS_ASSIST) values (155,0,0,0,0,0,0);
Insert into KING.PLAYER_RECORD (PLAYER,GAMES_PLAYED,WINS,DRAWS,LOSSES,GOALS_FOR,GOALS_ASSIST) values (156,0,0,0,0,0,0);
Insert into KING.PLAYER_RECORD (PLAYER,GAMES_PLAYED,WINS,DRAWS,LOSSES,GOALS_FOR,GOALS_ASSIST) values (157,0,0,0,0,0,0);
Insert into KING.PLAYER_RECORD (PLAYER,GAMES_PLAYED,WINS,DRAWS,LOSSES,GOALS_FOR,GOALS_ASSIST) values (158,0,0,0,0,0,0);
Insert into KING.PLAYER_RECORD (PLAYER,GAMES_PLAYED,WINS,DRAWS,LOSSES,GOALS_FOR,GOALS_ASSIST) values (159,0,0,0,0,0,0);
Insert into KING.PLAYER_RECORD (PLAYER,GAMES_PLAYED,WINS,DRAWS,LOSSES,GOALS_FOR,GOALS_ASSIST) values (160,0,0,0,0,0,0);
Insert into KING.PLAYER_RECORD (PLAYER,GAMES_PLAYED,WINS,DRAWS,LOSSES,GOALS_FOR,GOALS_ASSIST) values (161,0,0,0,0,0,0);
Insert into KING.PLAYER_RECORD (PLAYER,GAMES_PLAYED,WINS,DRAWS,LOSSES,GOALS_FOR,GOALS_ASSIST) values (162,0,0,0,0,0,0);
Insert into KING.PLAYER_RECORD (PLAYER,GAMES_PLAYED,WINS,DRAWS,LOSSES,GOALS_FOR,GOALS_ASSIST) values (163,0,0,0,0,0,0);
Insert into KING.PLAYER_RECORD (PLAYER,GAMES_PLAYED,WINS,DRAWS,LOSSES,GOALS_FOR,GOALS_ASSIST) values (164,0,0,0,0,0,0);
Insert into KING.PLAYER_RECORD (PLAYER,GAMES_PLAYED,WINS,DRAWS,LOSSES,GOALS_FOR,GOALS_ASSIST) values (165,0,0,0,0,0,0);
Insert into KING.PLAYER_RECORD (PLAYER,GAMES_PLAYED,WINS,DRAWS,LOSSES,GOALS_FOR,GOALS_ASSIST) values (166,0,0,0,0,0,0);
Insert into KING.PLAYER_RECORD (PLAYER,GAMES_PLAYED,WINS,DRAWS,LOSSES,GOALS_FOR,GOALS_ASSIST) values (167,0,0,0,0,0,0);
Insert into KING.PLAYER_RECORD (PLAYER,GAMES_PLAYED,WINS,DRAWS,LOSSES,GOALS_FOR,GOALS_ASSIST) values (168,0,0,0,0,0,0);
Insert into KING.PLAYER_RECORD (PLAYER,GAMES_PLAYED,WINS,DRAWS,LOSSES,GOALS_FOR,GOALS_ASSIST) values (169,0,0,0,0,0,0);
Insert into KING.PLAYER_RECORD (PLAYER,GAMES_PLAYED,WINS,DRAWS,LOSSES,GOALS_FOR,GOALS_ASSIST) values (170,0,0,0,0,0,0);
Insert into KING.PLAYER_RECORD (PLAYER,GAMES_PLAYED,WINS,DRAWS,LOSSES,GOALS_FOR,GOALS_ASSIST) values (171,0,0,0,0,0,0);
Insert into KING.PLAYER_RECORD (PLAYER,GAMES_PLAYED,WINS,DRAWS,LOSSES,GOALS_FOR,GOALS_ASSIST) values (172,0,0,0,0,0,0);
Insert into KING.PLAYER_RECORD (PLAYER,GAMES_PLAYED,WINS,DRAWS,LOSSES,GOALS_FOR,GOALS_ASSIST) values (173,0,0,0,0,0,0);
Insert into KING.PLAYER_RECORD (PLAYER,GAMES_PLAYED,WINS,DRAWS,LOSSES,GOALS_FOR,GOALS_ASSIST) values (174,0,0,0,0,0,0);
Insert into KING.PLAYER_RECORD (PLAYER,GAMES_PLAYED,WINS,DRAWS,LOSSES,GOALS_FOR,GOALS_ASSIST) values (175,0,0,0,0,0,0);
Insert into KING.PLAYER_RECORD (PLAYER,GAMES_PLAYED,WINS,DRAWS,LOSSES,GOALS_FOR,GOALS_ASSIST) values (176,0,0,0,0,0,0);
Insert into KING.PLAYER_RECORD (PLAYER,GAMES_PLAYED,WINS,DRAWS,LOSSES,GOALS_FOR,GOALS_ASSIST) values (177,0,0,0,0,0,0);
Insert into KING.PLAYER_RECORD (PLAYER,GAMES_PLAYED,WINS,DRAWS,LOSSES,GOALS_FOR,GOALS_ASSIST) values (178,0,0,0,0,0,0);
Insert into KING.PLAYER_RECORD (PLAYER,GAMES_PLAYED,WINS,DRAWS,LOSSES,GOALS_FOR,GOALS_ASSIST) values (179,0,0,0,0,0,0);
Insert into KING.PLAYER_RECORD (PLAYER,GAMES_PLAYED,WINS,DRAWS,LOSSES,GOALS_FOR,GOALS_ASSIST) values (180,0,0,0,0,0,0);
Insert into KING.PLAYER_RECORD (PLAYER,GAMES_PLAYED,WINS,DRAWS,LOSSES,GOALS_FOR,GOALS_ASSIST) values (181,0,0,0,0,0,0);
Insert into KING.PLAYER_RECORD (PLAYER,GAMES_PLAYED,WINS,DRAWS,LOSSES,GOALS_FOR,GOALS_ASSIST) values (182,0,0,0,0,0,0);
Insert into KING.PLAYER_RECORD (PLAYER,GAMES_PLAYED,WINS,DRAWS,LOSSES,GOALS_FOR,GOALS_ASSIST) values (183,0,0,0,0,0,0);
Insert into KING.PLAYER_RECORD (PLAYER,GAMES_PLAYED,WINS,DRAWS,LOSSES,GOALS_FOR,GOALS_ASSIST) values (184,0,0,0,0,0,0);
Insert into KING.PLAYER_RECORD (PLAYER,GAMES_PLAYED,WINS,DRAWS,LOSSES,GOALS_FOR,GOALS_ASSIST) values (185,0,0,0,0,0,0);
Insert into KING.PLAYER_RECORD (PLAYER,GAMES_PLAYED,WINS,DRAWS,LOSSES,GOALS_FOR,GOALS_ASSIST) values (186,0,0,0,0,0,0);
Insert into KING.PLAYER_RECORD (PLAYER,GAMES_PLAYED,WINS,DRAWS,LOSSES,GOALS_FOR,GOALS_ASSIST) values (187,0,0,0,0,0,0);
Insert into KING.PLAYER_RECORD (PLAYER,GAMES_PLAYED,WINS,DRAWS,LOSSES,GOALS_FOR,GOALS_ASSIST) values (188,0,0,0,0,0,0);
Insert into KING.PLAYER_RECORD (PLAYER,GAMES_PLAYED,WINS,DRAWS,LOSSES,GOALS_FOR,GOALS_ASSIST) values (189,0,0,0,0,0,0);
Insert into KING.PLAYER_RECORD (PLAYER,GAMES_PLAYED,WINS,DRAWS,LOSSES,GOALS_FOR,GOALS_ASSIST) values (190,0,0,0,0,0,0);
Insert into KING.PLAYER_RECORD (PLAYER,GAMES_PLAYED,WINS,DRAWS,LOSSES,GOALS_FOR,GOALS_ASSIST) values (191,0,0,0,0,0,0);
Insert into KING.PLAYER_RECORD (PLAYER,GAMES_PLAYED,WINS,DRAWS,LOSSES,GOALS_FOR,GOALS_ASSIST) values (192,0,0,0,0,0,0);
Insert into KING.PLAYER_RECORD (PLAYER,GAMES_PLAYED,WINS,DRAWS,LOSSES,GOALS_FOR,GOALS_ASSIST) values (193,0,0,0,0,0,0);
Insert into KING.PLAYER_RECORD (PLAYER,GAMES_PLAYED,WINS,DRAWS,LOSSES,GOALS_FOR,GOALS_ASSIST) values (194,0,0,0,0,0,0);
Insert into KING.PLAYER_RECORD (PLAYER,GAMES_PLAYED,WINS,DRAWS,LOSSES,GOALS_FOR,GOALS_ASSIST) values (195,0,0,0,0,0,0);
Insert into KING.PLAYER_RECORD (PLAYER,GAMES_PLAYED,WINS,DRAWS,LOSSES,GOALS_FOR,GOALS_ASSIST) values (196,0,0,0,0,0,0);
Insert into KING.PLAYER_RECORD (PLAYER,GAMES_PLAYED,WINS,DRAWS,LOSSES,GOALS_FOR,GOALS_ASSIST) values (197,0,0,0,0,0,0);
Insert into KING.PLAYER_RECORD (PLAYER,GAMES_PLAYED,WINS,DRAWS,LOSSES,GOALS_FOR,GOALS_ASSIST) values (198,0,0,0,0,0,0);
Insert into KING.PLAYER_RECORD (PLAYER,GAMES_PLAYED,WINS,DRAWS,LOSSES,GOALS_FOR,GOALS_ASSIST) values (199,0,0,0,0,0,0);
Insert into KING.PLAYER_RECORD (PLAYER,GAMES_PLAYED,WINS,DRAWS,LOSSES,GOALS_FOR,GOALS_ASSIST) values (200,0,0,0,0,0,0);
Insert into KING.PLAYER_RECORD (PLAYER,GAMES_PLAYED,WINS,DRAWS,LOSSES,GOALS_FOR,GOALS_ASSIST) values (201,0,0,0,0,0,0);
Insert into KING.PLAYER_RECORD (PLAYER,GAMES_PLAYED,WINS,DRAWS,LOSSES,GOALS_FOR,GOALS_ASSIST) values (202,0,0,0,0,0,0);
Insert into KING.PLAYER_RECORD (PLAYER,GAMES_PLAYED,WINS,DRAWS,LOSSES,GOALS_FOR,GOALS_ASSIST) values (203,0,0,0,0,0,0);
Insert into KING.PLAYER_RECORD (PLAYER,GAMES_PLAYED,WINS,DRAWS,LOSSES,GOALS_FOR,GOALS_ASSIST) values (204,0,0,0,0,0,0);
Insert into KING.PLAYER_RECORD (PLAYER,GAMES_PLAYED,WINS,DRAWS,LOSSES,GOALS_FOR,GOALS_ASSIST) values (205,0,0,0,0,0,0);
Insert into KING.PLAYER_RECORD (PLAYER,GAMES_PLAYED,WINS,DRAWS,LOSSES,GOALS_FOR,GOALS_ASSIST) values (206,0,0,0,0,0,0);
Insert into KING.PLAYER_RECORD (PLAYER,GAMES_PLAYED,WINS,DRAWS,LOSSES,GOALS_FOR,GOALS_ASSIST) values (207,0,0,0,0,0,0);
Insert into KING.PLAYER_RECORD (PLAYER,GAMES_PLAYED,WINS,DRAWS,LOSSES,GOALS_FOR,GOALS_ASSIST) values (208,0,0,0,0,0,0);
Insert into KING.PLAYER_RECORD (PLAYER,GAMES_PLAYED,WINS,DRAWS,LOSSES,GOALS_FOR,GOALS_ASSIST) values (209,0,0,0,0,0,0);
Insert into KING.PLAYER_RECORD (PLAYER,GAMES_PLAYED,WINS,DRAWS,LOSSES,GOALS_FOR,GOALS_ASSIST) values (210,0,0,0,0,0,0);
Insert into KING.PLAYER_RECORD (PLAYER,GAMES_PLAYED,WINS,DRAWS,LOSSES,GOALS_FOR,GOALS_ASSIST) values (211,0,0,0,0,0,0);
Insert into KING.PLAYER_RECORD (PLAYER,GAMES_PLAYED,WINS,DRAWS,LOSSES,GOALS_FOR,GOALS_ASSIST) values (212,0,0,0,0,0,0);
Insert into KING.PLAYER_RECORD (PLAYER,GAMES_PLAYED,WINS,DRAWS,LOSSES,GOALS_FOR,GOALS_ASSIST) values (213,0,0,0,0,0,0);
Insert into KING.PLAYER_RECORD (PLAYER,GAMES_PLAYED,WINS,DRAWS,LOSSES,GOALS_FOR,GOALS_ASSIST) values (214,0,0,0,0,0,0);
Insert into KING.PLAYER_RECORD (PLAYER,GAMES_PLAYED,WINS,DRAWS,LOSSES,GOALS_FOR,GOALS_ASSIST) values (215,0,0,0,0,0,0);
Insert into KING.PLAYER_RECORD (PLAYER,GAMES_PLAYED,WINS,DRAWS,LOSSES,GOALS_FOR,GOALS_ASSIST) values (216,0,0,0,0,0,0);
Insert into KING.PLAYER_RECORD (PLAYER,GAMES_PLAYED,WINS,DRAWS,LOSSES,GOALS_FOR,GOALS_ASSIST) values (217,0,0,0,0,0,0);
Insert into KING.PLAYER_RECORD (PLAYER,GAMES_PLAYED,WINS,DRAWS,LOSSES,GOALS_FOR,GOALS_ASSIST) values (218,0,0,0,0,0,0);
Insert into KING.PLAYER_RECORD (PLAYER,GAMES_PLAYED,WINS,DRAWS,LOSSES,GOALS_FOR,GOALS_ASSIST) values (219,0,0,0,0,0,0);
Insert into KING.PLAYER_RECORD (PLAYER,GAMES_PLAYED,WINS,DRAWS,LOSSES,GOALS_FOR,GOALS_ASSIST) values (220,0,0,0,0,0,0);
Insert into KING.PLAYER_RECORD (PLAYER,GAMES_PLAYED,WINS,DRAWS,LOSSES,GOALS_FOR,GOALS_ASSIST) values (221,0,0,0,0,0,0);
Insert into KING.PLAYER_RECORD (PLAYER,GAMES_PLAYED,WINS,DRAWS,LOSSES,GOALS_FOR,GOALS_ASSIST) values (222,0,0,0,0,0,0);
Insert into KING.PLAYER_RECORD (PLAYER,GAMES_PLAYED,WINS,DRAWS,LOSSES,GOALS_FOR,GOALS_ASSIST) values (223,0,0,0,0,0,0);
Insert into KING.PLAYER_RECORD (PLAYER,GAMES_PLAYED,WINS,DRAWS,LOSSES,GOALS_FOR,GOALS_ASSIST) values (224,0,0,0,0,0,0);
Insert into KING.PLAYER_RECORD (PLAYER,GAMES_PLAYED,WINS,DRAWS,LOSSES,GOALS_FOR,GOALS_ASSIST) values (225,0,0,0,0,0,0);
Insert into KING.PLAYER_RECORD (PLAYER,GAMES_PLAYED,WINS,DRAWS,LOSSES,GOALS_FOR,GOALS_ASSIST) values (226,0,0,0,0,0,0);
Insert into KING.PLAYER_RECORD (PLAYER,GAMES_PLAYED,WINS,DRAWS,LOSSES,GOALS_FOR,GOALS_ASSIST) values (227,0,0,0,0,0,0);
Insert into KING.PLAYER_RECORD (PLAYER,GAMES_PLAYED,WINS,DRAWS,LOSSES,GOALS_FOR,GOALS_ASSIST) values (228,0,0,0,0,0,0);
Insert into KING.PLAYER_RECORD (PLAYER,GAMES_PLAYED,WINS,DRAWS,LOSSES,GOALS_FOR,GOALS_ASSIST) values (229,0,0,0,0,0,0);
Insert into KING.PLAYER_RECORD (PLAYER,GAMES_PLAYED,WINS,DRAWS,LOSSES,GOALS_FOR,GOALS_ASSIST) values (230,0,0,0,0,0,0);
Insert into KING.PLAYER_RECORD (PLAYER,GAMES_PLAYED,WINS,DRAWS,LOSSES,GOALS_FOR,GOALS_ASSIST) values (231,0,0,0,0,0,0);
Insert into KING.PLAYER_RECORD (PLAYER,GAMES_PLAYED,WINS,DRAWS,LOSSES,GOALS_FOR,GOALS_ASSIST) values (232,0,0,0,0,0,0);
Insert into KING.PLAYER_RECORD (PLAYER,GAMES_PLAYED,WINS,DRAWS,LOSSES,GOALS_FOR,GOALS_ASSIST) values (233,0,0,0,0,0,0);
Insert into KING.PLAYER_RECORD (PLAYER,GAMES_PLAYED,WINS,DRAWS,LOSSES,GOALS_FOR,GOALS_ASSIST) values (234,0,0,0,0,0,0);
Insert into KING.PLAYER_RECORD (PLAYER,GAMES_PLAYED,WINS,DRAWS,LOSSES,GOALS_FOR,GOALS_ASSIST) values (235,0,0,0,0,0,0);
Insert into KING.PLAYER_RECORD (PLAYER,GAMES_PLAYED,WINS,DRAWS,LOSSES,GOALS_FOR,GOALS_ASSIST) values (236,0,0,0,0,0,0);
Insert into KING.PLAYER_RECORD (PLAYER,GAMES_PLAYED,WINS,DRAWS,LOSSES,GOALS_FOR,GOALS_ASSIST) values (237,0,0,0,0,0,0);
Insert into KING.PLAYER_RECORD (PLAYER,GAMES_PLAYED,WINS,DRAWS,LOSSES,GOALS_FOR,GOALS_ASSIST) values (238,0,0,0,0,0,0);
Insert into KING.PLAYER_RECORD (PLAYER,GAMES_PLAYED,WINS,DRAWS,LOSSES,GOALS_FOR,GOALS_ASSIST) values (239,0,0,0,0,0,0);
Insert into KING.PLAYER_RECORD (PLAYER,GAMES_PLAYED,WINS,DRAWS,LOSSES,GOALS_FOR,GOALS_ASSIST) values (240,0,0,0,0,0,0);
Insert into KING.PLAYER_RECORD (PLAYER,GAMES_PLAYED,WINS,DRAWS,LOSSES,GOALS_FOR,GOALS_ASSIST) values (241,0,0,0,0,0,0);
Insert into KING.PLAYER_RECORD (PLAYER,GAMES_PLAYED,WINS,DRAWS,LOSSES,GOALS_FOR,GOALS_ASSIST) values (242,0,0,0,0,0,0);
Insert into KING.PLAYER_RECORD (PLAYER,GAMES_PLAYED,WINS,DRAWS,LOSSES,GOALS_FOR,GOALS_ASSIST) values (243,0,0,0,0,0,0);
Insert into KING.PLAYER_RECORD (PLAYER,GAMES_PLAYED,WINS,DRAWS,LOSSES,GOALS_FOR,GOALS_ASSIST) values (244,0,0,0,0,0,0);
Insert into KING.PLAYER_RECORD (PLAYER,GAMES_PLAYED,WINS,DRAWS,LOSSES,GOALS_FOR,GOALS_ASSIST) values (245,0,0,0,0,0,0);
Insert into KING.PLAYER_RECORD (PLAYER,GAMES_PLAYED,WINS,DRAWS,LOSSES,GOALS_FOR,GOALS_ASSIST) values (246,0,0,0,0,0,0);
Insert into KING.PLAYER_RECORD (PLAYER,GAMES_PLAYED,WINS,DRAWS,LOSSES,GOALS_FOR,GOALS_ASSIST) values (247,0,0,0,0,0,0);
Insert into KING.PLAYER_RECORD (PLAYER,GAMES_PLAYED,WINS,DRAWS,LOSSES,GOALS_FOR,GOALS_ASSIST) values (248,0,0,0,0,0,0);
Insert into KING.PLAYER_RECORD (PLAYER,GAMES_PLAYED,WINS,DRAWS,LOSSES,GOALS_FOR,GOALS_ASSIST) values (249,0,0,0,0,0,0);
Insert into KING.PLAYER_RECORD (PLAYER,GAMES_PLAYED,WINS,DRAWS,LOSSES,GOALS_FOR,GOALS_ASSIST) values (250,0,0,0,0,0,0);
Insert into KING.PLAYER_RECORD (PLAYER,GAMES_PLAYED,WINS,DRAWS,LOSSES,GOALS_FOR,GOALS_ASSIST) values (251,0,0,0,0,0,0);
Insert into KING.PLAYER_RECORD (PLAYER,GAMES_PLAYED,WINS,DRAWS,LOSSES,GOALS_FOR,GOALS_ASSIST) values (252,0,0,0,0,0,0);
Insert into KING.PLAYER_RECORD (PLAYER,GAMES_PLAYED,WINS,DRAWS,LOSSES,GOALS_FOR,GOALS_ASSIST) values (253,0,0,0,0,0,0);
Insert into KING.PLAYER_RECORD (PLAYER,GAMES_PLAYED,WINS,DRAWS,LOSSES,GOALS_FOR,GOALS_ASSIST) values (254,0,0,0,0,0,0);
Insert into KING.PLAYER_RECORD (PLAYER,GAMES_PLAYED,WINS,DRAWS,LOSSES,GOALS_FOR,GOALS_ASSIST) values (255,0,0,0,0,0,0);
Insert into KING.PLAYER_RECORD (PLAYER,GAMES_PLAYED,WINS,DRAWS,LOSSES,GOALS_FOR,GOALS_ASSIST) values (256,0,0,0,0,0,0);
Insert into KING.PLAYER_RECORD (PLAYER,GAMES_PLAYED,WINS,DRAWS,LOSSES,GOALS_FOR,GOALS_ASSIST) values (257,0,0,0,0,0,0);
Insert into KING.PLAYER_RECORD (PLAYER,GAMES_PLAYED,WINS,DRAWS,LOSSES,GOALS_FOR,GOALS_ASSIST) values (258,0,0,0,0,0,0);
Insert into KING.PLAYER_RECORD (PLAYER,GAMES_PLAYED,WINS,DRAWS,LOSSES,GOALS_FOR,GOALS_ASSIST) values (259,0,0,0,0,0,0);
Insert into KING.PLAYER_RECORD (PLAYER,GAMES_PLAYED,WINS,DRAWS,LOSSES,GOALS_FOR,GOALS_ASSIST) values (260,0,0,0,0,0,0);
Insert into KING.PLAYER_RECORD (PLAYER,GAMES_PLAYED,WINS,DRAWS,LOSSES,GOALS_FOR,GOALS_ASSIST) values (261,0,0,0,0,0,0);
Insert into KING.PLAYER_RECORD (PLAYER,GAMES_PLAYED,WINS,DRAWS,LOSSES,GOALS_FOR,GOALS_ASSIST) values (262,0,0,0,0,0,0);
Insert into KING.PLAYER_RECORD (PLAYER,GAMES_PLAYED,WINS,DRAWS,LOSSES,GOALS_FOR,GOALS_ASSIST) values (263,0,0,0,0,0,0);
Insert into KING.PLAYER_RECORD (PLAYER,GAMES_PLAYED,WINS,DRAWS,LOSSES,GOALS_FOR,GOALS_ASSIST) values (264,0,0,0,0,0,0);
Insert into KING.PLAYER_RECORD (PLAYER,GAMES_PLAYED,WINS,DRAWS,LOSSES,GOALS_FOR,GOALS_ASSIST) values (265,0,0,0,0,0,0);
Insert into KING.PLAYER_RECORD (PLAYER,GAMES_PLAYED,WINS,DRAWS,LOSSES,GOALS_FOR,GOALS_ASSIST) values (266,0,0,0,0,0,0);
Insert into KING.PLAYER_RECORD (PLAYER,GAMES_PLAYED,WINS,DRAWS,LOSSES,GOALS_FOR,GOALS_ASSIST) values (267,0,0,0,0,0,0);
Insert into KING.PLAYER_RECORD (PLAYER,GAMES_PLAYED,WINS,DRAWS,LOSSES,GOALS_FOR,GOALS_ASSIST) values (268,0,0,0,0,0,0);
Insert into KING.PLAYER_RECORD (PLAYER,GAMES_PLAYED,WINS,DRAWS,LOSSES,GOALS_FOR,GOALS_ASSIST) values (269,0,0,0,0,0,0);
Insert into KING.PLAYER_RECORD (PLAYER,GAMES_PLAYED,WINS,DRAWS,LOSSES,GOALS_FOR,GOALS_ASSIST) values (270,0,0,0,0,0,0);
Insert into KING.PLAYER_RECORD (PLAYER,GAMES_PLAYED,WINS,DRAWS,LOSSES,GOALS_FOR,GOALS_ASSIST) values (271,0,0,0,0,0,0);
Insert into KING.PLAYER_RECORD (PLAYER,GAMES_PLAYED,WINS,DRAWS,LOSSES,GOALS_FOR,GOALS_ASSIST) values (272,0,0,0,0,0,0);
Insert into KING.PLAYER_RECORD (PLAYER,GAMES_PLAYED,WINS,DRAWS,LOSSES,GOALS_FOR,GOALS_ASSIST) values (273,0,0,0,0,0,0);
Insert into KING.PLAYER_RECORD (PLAYER,GAMES_PLAYED,WINS,DRAWS,LOSSES,GOALS_FOR,GOALS_ASSIST) values (274,0,0,0,0,0,0);
Insert into KING.PLAYER_RECORD (PLAYER,GAMES_PLAYED,WINS,DRAWS,LOSSES,GOALS_FOR,GOALS_ASSIST) values (275,0,0,0,0,0,0);
Insert into KING.PLAYER_RECORD (PLAYER,GAMES_PLAYED,WINS,DRAWS,LOSSES,GOALS_FOR,GOALS_ASSIST) values (276,0,0,0,0,0,0);
Insert into KING.PLAYER_RECORD (PLAYER,GAMES_PLAYED,WINS,DRAWS,LOSSES,GOALS_FOR,GOALS_ASSIST) values (277,0,0,0,0,0,0);
Insert into KING.PLAYER_RECORD (PLAYER,GAMES_PLAYED,WINS,DRAWS,LOSSES,GOALS_FOR,GOALS_ASSIST) values (278,0,0,0,0,0,0);
Insert into KING.PLAYER_RECORD (PLAYER,GAMES_PLAYED,WINS,DRAWS,LOSSES,GOALS_FOR,GOALS_ASSIST) values (279,0,0,0,0,0,0);
Insert into KING.PLAYER_RECORD (PLAYER,GAMES_PLAYED,WINS,DRAWS,LOSSES,GOALS_FOR,GOALS_ASSIST) values (280,0,0,0,0,0,0);
Insert into KING.PLAYER_RECORD (PLAYER,GAMES_PLAYED,WINS,DRAWS,LOSSES,GOALS_FOR,GOALS_ASSIST) values (281,0,0,0,0,0,0);
Insert into KING.PLAYER_RECORD (PLAYER,GAMES_PLAYED,WINS,DRAWS,LOSSES,GOALS_FOR,GOALS_ASSIST) values (282,0,0,0,0,0,0);
Insert into KING.PLAYER_RECORD (PLAYER,GAMES_PLAYED,WINS,DRAWS,LOSSES,GOALS_FOR,GOALS_ASSIST) values (283,0,0,0,0,0,0);
Insert into KING.PLAYER_RECORD (PLAYER,GAMES_PLAYED,WINS,DRAWS,LOSSES,GOALS_FOR,GOALS_ASSIST) values (284,0,0,0,0,0,0);
Insert into KING.PLAYER_RECORD (PLAYER,GAMES_PLAYED,WINS,DRAWS,LOSSES,GOALS_FOR,GOALS_ASSIST) values (285,0,0,0,0,0,0);
Insert into KING.PLAYER_RECORD (PLAYER,GAMES_PLAYED,WINS,DRAWS,LOSSES,GOALS_FOR,GOALS_ASSIST) values (286,0,0,0,0,0,0);
Insert into KING.PLAYER_RECORD (PLAYER,GAMES_PLAYED,WINS,DRAWS,LOSSES,GOALS_FOR,GOALS_ASSIST) values (287,0,0,0,0,0,0);
Insert into KING.PLAYER_RECORD (PLAYER,GAMES_PLAYED,WINS,DRAWS,LOSSES,GOALS_FOR,GOALS_ASSIST) values (288,0,0,0,0,0,0);
Insert into KING.PLAYER_RECORD (PLAYER,GAMES_PLAYED,WINS,DRAWS,LOSSES,GOALS_FOR,GOALS_ASSIST) values (289,0,0,0,0,0,0);
Insert into KING.PLAYER_RECORD (PLAYER,GAMES_PLAYED,WINS,DRAWS,LOSSES,GOALS_FOR,GOALS_ASSIST) values (290,0,0,0,0,0,0);
Insert into KING.PLAYER_RECORD (PLAYER,GAMES_PLAYED,WINS,DRAWS,LOSSES,GOALS_FOR,GOALS_ASSIST) values (291,0,0,0,0,0,0);
Insert into KING.PLAYER_RECORD (PLAYER,GAMES_PLAYED,WINS,DRAWS,LOSSES,GOALS_FOR,GOALS_ASSIST) values (292,0,0,0,0,0,0);
Insert into KING.PLAYER_RECORD (PLAYER,GAMES_PLAYED,WINS,DRAWS,LOSSES,GOALS_FOR,GOALS_ASSIST) values (293,0,0,0,0,0,0);
Insert into KING.PLAYER_RECORD (PLAYER,GAMES_PLAYED,WINS,DRAWS,LOSSES,GOALS_FOR,GOALS_ASSIST) values (294,0,0,0,0,0,0);
Insert into KING.PLAYER_RECORD (PLAYER,GAMES_PLAYED,WINS,DRAWS,LOSSES,GOALS_FOR,GOALS_ASSIST) values (295,0,0,0,0,0,0);
Insert into KING.PLAYER_RECORD (PLAYER,GAMES_PLAYED,WINS,DRAWS,LOSSES,GOALS_FOR,GOALS_ASSIST) values (296,0,0,0,0,0,0);
Insert into KING.PLAYER_RECORD (PLAYER,GAMES_PLAYED,WINS,DRAWS,LOSSES,GOALS_FOR,GOALS_ASSIST) values (297,0,0,0,0,0,0);
Insert into KING.PLAYER_RECORD (PLAYER,GAMES_PLAYED,WINS,DRAWS,LOSSES,GOALS_FOR,GOALS_ASSIST) values (298,0,0,0,0,0,0);
Insert into KING.PLAYER_RECORD (PLAYER,GAMES_PLAYED,WINS,DRAWS,LOSSES,GOALS_FOR,GOALS_ASSIST) values (299,0,0,0,0,0,0);
Insert into KING.PLAYER_RECORD (PLAYER,GAMES_PLAYED,WINS,DRAWS,LOSSES,GOALS_FOR,GOALS_ASSIST) values (300,0,0,0,0,0,0);
Insert into KING.PLAYER_RECORD (PLAYER,GAMES_PLAYED,WINS,DRAWS,LOSSES,GOALS_FOR,GOALS_ASSIST) values (301,0,0,0,0,0,0);
Insert into KING.PLAYER_RECORD (PLAYER,GAMES_PLAYED,WINS,DRAWS,LOSSES,GOALS_FOR,GOALS_ASSIST) values (302,0,0,0,0,0,0);
Insert into KING.PLAYER_RECORD (PLAYER,GAMES_PLAYED,WINS,DRAWS,LOSSES,GOALS_FOR,GOALS_ASSIST) values (303,0,0,0,0,0,0);
Insert into KING.PLAYER_RECORD (PLAYER,GAMES_PLAYED,WINS,DRAWS,LOSSES,GOALS_FOR,GOALS_ASSIST) values (304,0,0,0,0,0,0);
Insert into KING.PLAYER_RECORD (PLAYER,GAMES_PLAYED,WINS,DRAWS,LOSSES,GOALS_FOR,GOALS_ASSIST) values (305,0,0,0,0,0,0);
Insert into KING.PLAYER_RECORD (PLAYER,GAMES_PLAYED,WINS,DRAWS,LOSSES,GOALS_FOR,GOALS_ASSIST) values (306,0,0,0,0,0,0);
Insert into KING.PLAYER_RECORD (PLAYER,GAMES_PLAYED,WINS,DRAWS,LOSSES,GOALS_FOR,GOALS_ASSIST) values (307,0,0,0,0,0,0);
Insert into KING.PLAYER_RECORD (PLAYER,GAMES_PLAYED,WINS,DRAWS,LOSSES,GOALS_FOR,GOALS_ASSIST) values (308,0,0,0,0,0,0);
Insert into KING.PLAYER_RECORD (PLAYER,GAMES_PLAYED,WINS,DRAWS,LOSSES,GOALS_FOR,GOALS_ASSIST) values (309,0,0,0,0,0,0);
Insert into KING.PLAYER_RECORD (PLAYER,GAMES_PLAYED,WINS,DRAWS,LOSSES,GOALS_FOR,GOALS_ASSIST) values (310,0,0,0,0,0,0);
Insert into KING.PLAYER_RECORD (PLAYER,GAMES_PLAYED,WINS,DRAWS,LOSSES,GOALS_FOR,GOALS_ASSIST) values (311,0,0,0,0,0,0);
Insert into KING.PLAYER_RECORD (PLAYER,GAMES_PLAYED,WINS,DRAWS,LOSSES,GOALS_FOR,GOALS_ASSIST) values (312,0,0,0,0,0,0);
REM INSERTING into KING.QNABOARD
SET DEFINE OFF;
Insert into KING.QNABOARD (B_NO,SUBJECT,WRITER,CONTENT,REG_DATE,READCOUNT) values (26,'QnA 게시판 수정 확인',2,'QnA 게시판 수정 확인aaaaa',to_date('24/05/21','RR/MM/DD'),27);
Insert into KING.QNABOARD (B_NO,SUBJECT,WRITER,CONTENT,REG_DATE,READCOUNT) values (2,'팀원을 모집하려는데 어떻게 해야 하나요?',2,'팀을 모집하려고 합니다. 어떤 정보를 게시해야 하며, 어떤 사람들을 찾아야 할 지에 대한 조언이 필요합니다.',to_date('24/05/01','RR/MM/DD'),5);
Insert into KING.QNABOARD (B_NO,SUBJECT,WRITER,CONTENT,REG_DATE,READCOUNT) values (3,'매치 예정일 변경이 가능한가요?',3,'예정된 매치 날짜를 변경하고 싶습니다. 어떻게 변경할 수 있을까요? 변경 시 주의할 점이 있나요?',to_date('24/05/01','RR/MM/DD'),0);
Insert into KING.QNABOARD (B_NO,SUBJECT,WRITER,CONTENT,REG_DATE,READCOUNT) values (4,'매치 참가 시 필요한 준비물은 무엇인가요?',4,'매치에 참가하기 위해 필요한 준비물에 대해 궁금합니다. 어떤 장비나 용품이 필요한지 알려주세요.',to_date('24/05/01','RR/MM/DD'),7);
Insert into KING.QNABOARD (B_NO,SUBJECT,WRITER,CONTENT,REG_DATE,READCOUNT) values (5,'매치 참가 신청 후에는 어떤 절차가 따르나요?',5,'매치에 참가하고 싶어서 신청했는데, 이후에는 어떤 절차가 있는지 궁금합니다. 확인해야 할 사항이 있을까요?',to_date('24/05/01','RR/MM/DD'),0);
Insert into KING.QNABOARD (B_NO,SUBJECT,WRITER,CONTENT,REG_DATE,READCOUNT) values (6,'매치 취소 시 환불 정책에 대해 알려주세요.',6,'예약한 매치를 취소해야 할 상황이 발생했습니다. 취소 시 환불 절차와 정책을 알려주세요.',to_date('24/05/01','RR/MM/DD'),0);
Insert into KING.QNABOARD (B_NO,SUBJECT,WRITER,CONTENT,REG_DATE,READCOUNT) values (7,'매치 참가 시 주의해야 할 안전사항이 있나요?',7,'매치 참가 시에 주의해야 할 안전사항이 있는지 궁금합니다. 부상 예방을 위한 조언이 필요합니다.',to_date('24/05/01','RR/MM/DD'),0);
Insert into KING.QNABOARD (B_NO,SUBJECT,WRITER,CONTENT,REG_DATE,READCOUNT) values (8,'매치 결과 및 순위에 대한 정보를 어디서 확인할 수 있나요?',8,'참가한 매치의 결과와 순위를 확인하고 싶습니다. 이 정보는 어디에서 확인할 수 있을까요?',to_date('24/05/01','RR/MM/DD'),0);
Insert into KING.QNABOARD (B_NO,SUBJECT,WRITER,CONTENT,REG_DATE,READCOUNT) values (9,'매치 장소나 시간을 재확인하고 싶습니다.',9,'매치의 장소나 시간에 대해 다시 확인하고 싶습니다. 확인할 수 있는 방법이 있을까요?',to_date('24/05/01','RR/MM/DD'),0);
Insert into KING.QNABOARD (B_NO,SUBJECT,WRITER,CONTENT,REG_DATE,READCOUNT) values (10,'팀에 가입하려면 어떻게 해야 하나요?',10,'팀에 가입하고 싶은데, 가입 방법과 절차에 대해 궁금합니다. 어떻게 해야 하나요?',to_date('24/05/01','RR/MM/DD'),0);
Insert into KING.QNABOARD (B_NO,SUBJECT,WRITER,CONTENT,REG_DATE,READCOUNT) values (11,'매치 참가를 위해 필요한 연령 제한이 있나요?',11,'매치에 참가하기 위해선 특정 연령 이상이거나 이하이어야 하는지 궁금합니다. 연령 제한이 있을 경우에는 어떻게 확인하나요?',to_date('24/05/01','RR/MM/DD'),0);
Insert into KING.QNABOARD (B_NO,SUBJECT,WRITER,CONTENT,REG_DATE,READCOUNT) values (12,'매치 참가 시 신분증을 지참해야 하나요?',12,'매치에 참가할 때 신분증을 지참해야 하는지 궁금합니다. 신분증을 가져가는 것이 필수 조건인가요?',to_date('24/05/01','RR/MM/DD'),0);
Insert into KING.QNABOARD (B_NO,SUBJECT,WRITER,CONTENT,REG_DATE,READCOUNT) values (13,'매치 참가 시 개인 장비를 대여할 수 있나요?',13,'개인적으로 필요한 장비를 가지고 있지 않은데, 매치 참가 시에 장비를 대여할 수 있는지 궁금합니다.',to_date('24/05/01','RR/MM/DD'),2);
Insert into KING.QNABOARD (B_NO,SUBJECT,WRITER,CONTENT,REG_DATE,READCOUNT) values (14,'매치 참가 시에는 어떤 드레스 코드를 준수해야 하나요?',14,'매치 참가 시에는 특정한 드레스 코드를 따라야 하는지 궁금합니다. 별도의 의상이 필요한가요?',to_date('24/05/01','RR/MM/DD'),1);
Insert into KING.QNABOARD (B_NO,SUBJECT,WRITER,CONTENT,REG_DATE,READCOUNT) values (15,'매치 참가 시에 음주는 허용되나요?',15,'매치 참가 전 후에 음주가 허용되는지 알고 싶습니다. 안전과 질서를 위한 규정이 있나요?',to_date('24/05/01','RR/MM/DD'),0);
Insert into KING.QNABOARD (B_NO,SUBJECT,WRITER,CONTENT,REG_DATE,READCOUNT) values (16,'매치 참가 시에 가족이나 친구를 동반할 수 있나요?',16,'매치 참가 시에 동반인을 함께 가지고 갈 수 있는지 궁금합니다. 관련 규정이 있을까요?',to_date('24/05/01','RR/MM/DD'),2);
Insert into KING.QNABOARD (B_NO,SUBJECT,WRITER,CONTENT,REG_DATE,READCOUNT) values (17,'매치 중에 부상 시 응급 처치가 가능한가요?',17,'매치 중에 부상이 발생할 경우 응급 처치가 가능한지 궁금합니다. 응급 상황에 대비되어 있나요?',to_date('24/05/01','RR/MM/DD'),4);
Insert into KING.QNABOARD (B_NO,SUBJECT,WRITER,CONTENT,REG_DATE,READCOUNT) values (18,'매치 참가를 취소하려면 어디에 문의해야 하나요?',18,'매치 참가를 취소하고 싶은데, 어디에 연락하거나 문의해야 할 지 궁금합니다.',to_date('24/05/01','RR/MM/DD'),4);
Insert into KING.QNABOARD (B_NO,SUBJECT,WRITER,CONTENT,REG_DATE,READCOUNT) values (19,'매치 참가 후에는 어떤 후속 조치가 필요한가요?',19,'매치에 참가한 후에는 추가적인 조치나 절차가 필요한지 궁금합니다. 경기 이후에 해야 할 일이 있을까요?',to_date('24/05/01','RR/MM/DD'),9);
Insert into KING.QNABOARD (B_NO,SUBJECT,WRITER,CONTENT,REG_DATE,READCOUNT) values (20,'매치 참가 시에는 어떤 종류의 축구화를 신어야 하나요?',20,'매치에 참가하기 위해 어떤 종류의 축구화를 준비해야 하는지 알고 싶습니다.',to_date('24/05/01','RR/MM/DD'),46);
Insert into KING.QNABOARD (B_NO,SUBJECT,WRITER,CONTENT,REG_DATE,READCOUNT) values (21,'매치 중에 갈등이 발생했을 때 대응 방법이 있나요?',21,'매치 중에 갈등이 발생했을 때 어떻게 대처해야 하는지 궁금합니다. 이에 대한 가이드라인이 있을까요?',to_date('24/05/01','RR/MM/DD'),53);
Insert into KING.QNABOARD (B_NO,SUBJECT,WRITER,CONTENT,REG_DATE,READCOUNT) values (27,'게시판 양도 취소 가능한가요?',30,'사정이 생겨서 경기장 양도 받은 건 취소하고 싶은데요.
오늘 내로 바로 취소 가능한지요?',to_date('24/05/23','RR/MM/DD'),16);
Insert into KING.QNABOARD (B_NO,SUBJECT,WRITER,CONTENT,REG_DATE,READCOUNT) values (25,'QnA 게시판 css 확인',2,'QnA 게시판 css 확인',to_date('24/05/20','RR/MM/DD'),171);
REM INSERTING into KING.QNABOARD_COMMENT
SET DEFINE OFF;
Insert into KING.QNABOARD_COMMENT (BC_NO,WRITER,CONTENT,REG_DATE,SUBJECT,C_NO) values (25,'관리자','게시판 댓글 확인
',to_date('24/05/21','RR/MM/DD'),'QnA 게시판 css 확인(답변)',4);
Insert into KING.QNABOARD_COMMENT (BC_NO,WRITER,CONTENT,REG_DATE,SUBJECT,C_NO) values (27,'관리자','아니요',to_date('24/05/24','RR/MM/DD'),'게시판 양도 취소 가능한가요?(답변)',5);
Insert into KING.QNABOARD_COMMENT (BC_NO,WRITER,CONTENT,REG_DATE,SUBJECT,C_NO) values (21,'관리자','잘 화해하시길 바랍니다. 어떻게?',to_date('24/05/07','RR/MM/DD'),'매치 중에 갈등이 발생했을 때 대응 방법이 있나요?(답변)',2);
Insert into KING.QNABOARD_COMMENT (BC_NO,WRITER,CONTENT,REG_DATE,SUBJECT,C_NO) values (25,'관리자','QnA 게시판 댓글 확인',to_date('24/05/21','RR/MM/DD'),'QnA 게시판 css 확인(답변)',3);
REM INSERTING into KING.RECRUIT_TEAMMEMBOARD
SET DEFINE OFF;
Insert into KING.RECRUIT_TEAMMEMBOARD (B_NO,TITLE,CONTENT,READCOUNT,REG_DATE,TEAM_MEM,SIDO,SIGUNGU,POS,WRITER) values (48,'금천구 성인 축구팀 가입 원합니다','용산구 에이스 출신입니다.
금천구로 이사오게 되어 새로운 팀을 찾고 있습니다.
주 포지션은 공격수이기는 하나 미드필더도 가능합니다.',15,to_date('24/05/23','RR/MM/DD'),'팀',2,21,'ST',30);
Insert into KING.RECRUIT_TEAMMEMBOARD (B_NO,TITLE,CONTENT,READCOUNT,REG_DATE,TEAM_MEM,SIDO,SIGUNGU,POS,WRITER) values (49,'평일에 축구하시는 팀 계신가요?','안녕하세요!
혹시 대학생도 들어갈 수 있는 평일 축구팀 있나요?
학교 방학해서 평일에 같이 축구할 사람들 구하고 있어요.
주말 오후에는 아르바이트가 있어서
가급적 평일 축구팀이었으면 좋겠습니다!

저는 포지션은 골키퍼빼고 다 괜찮습니다!',32,to_date('24/05/23','RR/MM/DD'),'팀',11,161,'CB',38);
Insert into KING.RECRUIT_TEAMMEMBOARD (B_NO,TITLE,CONTENT,READCOUNT,REG_DATE,TEAM_MEM,SIDO,SIGUNGU,POS,WRITER) values (51,'평일 저녁팀 구합니다','제주도 서귀포시지역 평일 오후 팀 구합니다~',0,to_date('24/05/28','RR/MM/DD'),'팀',14,203,'CM',79);
Insert into KING.RECRUIT_TEAMMEMBOARD (B_NO,TITLE,CONTENT,READCOUNT,REG_DATE,TEAM_MEM,SIDO,SIGUNGU,POS,WRITER) values (52,'토요일 새벽팀 구합니다!','선수경력 없고 시간 약속 잘지킵니다!',0,to_date('24/05/28','RR/MM/DD'),'팀',9,130,'GK',83);
Insert into KING.RECRUIT_TEAMMEMBOARD (B_NO,TITLE,CONTENT,READCOUNT,REG_DATE,TEAM_MEM,SIDO,SIGUNGU,POS,WRITER) values (50,'팀 구합니다!!','주말 새벽팀 구합니다!
포지션은 GK뺴고 다 가능합니다!!
중학교1학년때까지 선출이였습니다!
약속시간 잘 지키고 최선을 다하겠습니다!
감사합니다!
',26,to_date('24/05/27','RR/MM/DD'),'팀',9,145,'ST',2);
Insert into KING.RECRUIT_TEAMMEMBOARD (B_NO,TITLE,CONTENT,READCOUNT,REG_DATE,TEAM_MEM,SIDO,SIGUNGU,POS,WRITER) values (53,'일요일 야간 팀 구합니다!','선수경력 3년
수비 자신있습니다!',0,to_date('24/05/28','RR/MM/DD'),'팀',11,157,'CB',65);
Insert into KING.RECRUIT_TEAMMEMBOARD (B_NO,TITLE,CONTENT,READCOUNT,REG_DATE,TEAM_MEM,SIDO,SIGUNGU,POS,WRITER) values (54,'시간 약속 잘지키는 토요일 골키퍼 구합니다!','시간약속 잘지키고 열심히 하는 골키퍼 구합니다

선출여부 상관없습니다!',1,to_date('24/05/28','RR/MM/DD'),'팀',8,120,'GK',71);
Insert into KING.RECRUIT_TEAMMEMBOARD (B_NO,TITLE,CONTENT,READCOUNT,REG_DATE,TEAM_MEM,SIDO,SIGUNGU,POS,WRITER) values (55,'서울 종로쪽 토요일 새벽 공격수 구합니다!','공격수 2명 구합니다.',1,to_date('24/05/28','RR/MM/DD'),'팀',9,149,'ST',55);
Insert into KING.RECRUIT_TEAMMEMBOARD (B_NO,TITLE,CONTENT,READCOUNT,REG_DATE,TEAM_MEM,SIDO,SIGUNGU,POS,WRITER) values (56,'열심히 하는 팀원 구합니다!','포워드 1명 
윙포워드 2명 구합니다!',14,to_date('24/05/28','RR/MM/DD'),'팀원',2,28,'ST',29);
Insert into KING.RECRUIT_TEAMMEMBOARD (B_NO,TITLE,CONTENT,READCOUNT,REG_DATE,TEAM_MEM,SIDO,SIGUNGU,POS,WRITER) values (57,'(평일)시간약속 잘지키는 수비수 2명 구합니다!','실력 상관없이 열심히 하는 미드필더 3명 구합니다!',17,to_date('24/05/28','RR/MM/DD'),'팀원',8,115,'CM',3);
Insert into KING.RECRUIT_TEAMMEMBOARD (B_NO,TITLE,CONTENT,READCOUNT,REG_DATE,TEAM_MEM,SIDO,SIGUNGU,POS,WRITER) values (58,'(일)새벽,오전 수비수2명 구합니다','새벽 6 ~ 10시 경기 서울 중랑구쪽에서 볼 차는 팀 입니다.

약속시간 잘지키고 포기하지 않는 팀원 구합니다',12,to_date('24/05/28','RR/MM/DD'),'팀원',9,151,'CB',9);
Insert into KING.RECRUIT_TEAMMEMBOARD (B_NO,TITLE,CONTENT,READCOUNT,REG_DATE,TEAM_MEM,SIDO,SIGUNGU,POS,WRITER) values (59,'(선출)  GK 구합니다!','선출 GK 구합니다!

(선출경력 4년 이상)',14,to_date('24/05/28','RR/MM/DD'),'팀원',12,186,'GK',12);
Insert into KING.RECRUIT_TEAMMEMBOARD (B_NO,TITLE,CONTENT,READCOUNT,REG_DATE,TEAM_MEM,SIDO,SIGUNGU,POS,WRITER) values (60,'ST 1명 구합니다!(선출X)','선출 상관없이 ST 1명 구합니다!
010-1154-3259 로 연락주세요~',2,to_date('24/05/28','RR/MM/DD'),'팀원',15,214,'ST',30);
Insert into KING.RECRUIT_TEAMMEMBOARD (B_NO,TITLE,CONTENT,READCOUNT,REG_DATE,TEAM_MEM,SIDO,SIGUNGU,POS,WRITER) values (61,'(평일) 선수출신 야간 팀 구합니다! ','선수출신(3년)

전북 무주군쪽 팀 구합니다!

열심히 하겠습니다!',2,to_date('24/05/28','RR/MM/DD'),'팀',13,196,'CM',62);
Insert into KING.RECRUIT_TEAMMEMBOARD (B_NO,TITLE,CONTENT,READCOUNT,REG_DATE,TEAM_MEM,SIDO,SIGUNGU,POS,WRITER) values (62,'!!!!일요일 새벽팀 구합니다!!!!','아마추어 경력 6년 입니다.

어렸을때부터 볼 차는거 좋아했고 도봉구로 이사와서 팀 구합니다!

열심히 하겠습니다!',1,to_date('24/05/28','RR/MM/DD'),'팀',9,136,'CM',85);
Insert into KING.RECRUIT_TEAMMEMBOARD (B_NO,TITLE,CONTENT,READCOUNT,REG_DATE,TEAM_MEM,SIDO,SIGUNGU,POS,WRITER) values (63,'열정열정열정 있는 팀원 구함','다 필요없고 축구에 대한 열정열정열정 있는 팀원 구합니다!',14,to_date('24/05/28','RR/MM/DD'),'팀원',2,31,'CB',39);
Insert into KING.RECRUIT_TEAMMEMBOARD (B_NO,TITLE,CONTENT,READCOUNT,REG_DATE,TEAM_MEM,SIDO,SIGUNGU,POS,WRITER) values (64,'볼 이쁘게 차는 미드필더 구합니다!','무식하지 않고 패스 이쁘게 잘하는 미드필더 구합니다!',16,to_date('24/05/28','RR/MM/DD'),'팀원',16,220,'CM',15);
Insert into KING.RECRUIT_TEAMMEMBOARD (B_NO,TITLE,CONTENT,READCOUNT,REG_DATE,TEAM_MEM,SIDO,SIGUNGU,POS,WRITER) values (65,'FC양천 팀원 모집 합니다.','
 실력 상관없이 열심히 하는 분 신청해주세요~',14,to_date('24/05/30','RR/MM/DD'),'팀원',9,145,'ST',6);
Insert into KING.RECRUIT_TEAMMEMBOARD (B_NO,TITLE,CONTENT,READCOUNT,REG_DATE,TEAM_MEM,SIDO,SIGUNGU,POS,WRITER) values (66,'팀원 구합니다!!','
 주말 새벽 팀원 구합니다! 
 포지션은 GK 빼고 다 가능합니다!! 
 중학교1학년때까지 선출이였습니다! 
 약속시간 잘 지키고 최선을 다하는 분 환영합니다! 
 감사합니다!',40,to_date('24/05/30','RR/MM/DD'),'팀원',9,145,'ST',2);
Insert into KING.RECRUIT_TEAMMEMBOARD (B_NO,TITLE,CONTENT,READCOUNT,REG_DATE,TEAM_MEM,SIDO,SIGUNGU,POS,WRITER) values (67,'cc','cc',11,to_date('24/06/03','RR/MM/DD'),'팀',1,4,'CM',37);
Insert into KING.RECRUIT_TEAMMEMBOARD (B_NO,TITLE,CONTENT,READCOUNT,REG_DATE,TEAM_MEM,SIDO,SIGUNGU,POS,WRITER) values (32,'팀 구합니다','팀 구합니당',24,to_date('24/05/09','RR/MM/DD'),'팀',12,182,'CB',30);
Insert into KING.RECRUIT_TEAMMEMBOARD (B_NO,TITLE,CONTENT,READCOUNT,REG_DATE,TEAM_MEM,SIDO,SIGUNGU,POS,WRITER) values (38,'팀원 모집합니당','팀원 모집합니당',26,to_date('24/05/18','RR/MM/DD'),'팀원',2,23,'ST',30);
Insert into KING.RECRUIT_TEAMMEMBOARD (B_NO,TITLE,CONTENT,READCOUNT,REG_DATE,TEAM_MEM,SIDO,SIGUNGU,POS,WRITER) values (39,'팀 모집합니다','팀 모집합니다',16,to_date('24/05/20','RR/MM/DD'),'팀',1,1,'CM',30);
Insert into KING.RECRUIT_TEAMMEMBOARD (B_NO,TITLE,CONTENT,READCOUNT,REG_DATE,TEAM_MEM,SIDO,SIGUNGU,POS,WRITER) values (40,'팀 구해요','광주 남구 근처에 팀 구해요
직장인이라 야간에만 가능할 듯해서
야간에 하시는 팀 계시면 글 올려주세요
',11,to_date('24/05/21','RR/MM/DD'),'팀',5,94,'ST',38);
Insert into KING.RECRUIT_TEAMMEMBOARD (B_NO,TITLE,CONTENT,READCOUNT,REG_DATE,TEAM_MEM,SIDO,SIGUNGU,POS,WRITER) values (41,'주말 새벽 축구팀 전남목포짱 팀원 구해요','직장인 축구 동호회 ''전남목포짱''에서
팀원을 구합니다!

현재 필요한 포지션은 CM이지만
다른 포지션 희망하시는 분도 연락 주시면 최대한 고려해보겠습니다.

한 달에 한 번씩 정기적으로 모임 및 회식 있습니다. ^^',23,to_date('24/05/21','RR/MM/DD'),'팀원',12,169,'CM',38);
Insert into KING.RECRUIT_TEAMMEMBOARD (B_NO,TITLE,CONTENT,READCOUNT,REG_DATE,TEAM_MEM,SIDO,SIGUNGU,POS,WRITER) values (44,'팀원 모집합니다','팀 모집합니다',17,to_date('24/05/22','RR/MM/DD'),'팀원',2,22,'CB',38);
Insert into KING.RECRUIT_TEAMMEMBOARD (B_NO,TITLE,CONTENT,READCOUNT,REG_DATE,TEAM_MEM,SIDO,SIGUNGU,POS,WRITER) values (47,'구로구 구로구로FC 팀원 모집합니다','구로구 구로구로FC 팀원 모집합니다',19,to_date('24/05/23','RR/MM/DD'),'팀원',9,133,'ST',38);
REM INSERTING into KING.SALE
SET DEFINE OFF;
Insert into KING.SALE (SALE_NO,SUBJECT,WRITER,CONTENT,READCOUNT,REG_DATE,IMAGENAME) values (27,'로이쉬 골키퍼장갑 9호',12,'그립력 좋고 원하는 매물이 떠서 토요일전까지 3만원에 급처합니다. 새벽에도 연락 받습니다. 사정상 직거래만 해요.',2,to_date('24/05/03','RR/MM/DD'),null);
Insert into KING.SALE (SALE_NO,SUBJECT,WRITER,CONTENT,READCOUNT,REG_DATE,IMAGENAME) values (28,'뉴발란스 퓨론 프로fg 260 팝니다.',12,'원가189000원에 판매하고 있으며, 프로선수 지급 축구화입니다. 선물받고 인조잔디에서 딱 25분 착용 했습니다. 교신 및 예의있는 에눌 가능합니다.',1,to_date('24/05/03','RR/MM/DD'),null);
Insert into KING.SALE (SALE_NO,SUBJECT,WRITER,CONTENT,READCOUNT,REG_DATE,IMAGENAME) values (29,'브라주카 + 낫소돌파 축구공 합계 6만원',27,'브라주카는 안산 경찰청 선수단 사인볼',1,to_date('24/05/03','RR/MM/DD'),null);
Insert into KING.SALE (SALE_NO,SUBJECT,WRITER,CONTENT,READCOUNT,REG_DATE,IMAGENAME) values (30,'인천유나이티드 프리미엄 일반석 예매권 판매',2,'판 매 가 격: 장당 20,000원 / 일괄 350,000',1,to_date('24/05/04','RR/MM/DD'),null);
Insert into KING.SALE (SALE_NO,SUBJECT,WRITER,CONTENT,READCOUNT,REG_DATE,IMAGENAME) values (31,'kfa 험멜공인구5개',2,'한번에 팝니다 택배로 보내드립니다 문자주세요 가방까지 드립니다',1,to_date('24/05/04','RR/MM/DD'),null);
Insert into KING.SALE (SALE_NO,SUBJECT,WRITER,CONTENT,READCOUNT,REG_DATE,IMAGENAME) values (1,'나이키 gk장갑 9,10,11호',1,'나이키 gk장갑 9,10,11호
            
            
            ',13,to_date('24/05/24','RR/MM/DD'),'saleimage_1.jpg');
Insert into KING.SALE (SALE_NO,SUBJECT,WRITER,CONTENT,READCOUNT,REG_DATE,IMAGENAME) values (2,'김민재 국대 어웨이 유니폼',2,'판 매 가 격: 1개에 5천원
            
            ',27,to_date('24/05/24','RR/MM/DD'),'saleimage_2.jpg');
Insert into KING.SALE (SALE_NO,SUBJECT,WRITER,CONTENT,READCOUNT,REG_DATE,IMAGENAME) values (3,'한국에 없는 언더아머 락 버전 마스크 판매합니다.',3,'원산지 : 미국',5,to_date('24/05/01','RR/MM/DD'),null);
Insert into KING.SALE (SALE_NO,SUBJECT,WRITER,CONTENT,READCOUNT,REG_DATE,IMAGENAME) values (4,'축구국가대표팀이 착용하는 마스크! KFA 라이선스! KF94 마스크 새부리형',4,'손흥민 선수, 이강인 선수를 비롯하여',5,to_date('24/05/01','RR/MM/DD'),null);
Insert into KING.SALE (SALE_NO,SUBJECT,WRITER,CONTENT,READCOUNT,REG_DATE,IMAGENAME) values (5,'직접 제작한 ''렛츠플레이 서포팅양말''',5,'축구가 좋아서 직접 양말을 만들었습니다',2,to_date('24/05/01','RR/MM/DD'),null);
Insert into KING.SALE (SALE_NO,SUBJECT,WRITER,CONTENT,READCOUNT,REG_DATE,IMAGENAME) values (6,'미즈노 모렐리아 살라 재팬 Tf [ 풋살화 270mm팝니다 ]',6,'미즈노 모렐리아 살라 재팬 Tf 입니다,',1,to_date('24/05/01','RR/MM/DD'),null);
Insert into KING.SALE (SALE_NO,SUBJECT,WRITER,CONTENT,READCOUNT,REG_DATE,IMAGENAME) values (7,'나이키 팬텀 풋살화',7,'착용 3회 한 풋살화 팝니다 상태 아주 좋습니다',1,to_date('24/05/01','RR/MM/DD'),'saleimage_7.jpg');
Insert into KING.SALE (SALE_NO,SUBJECT,WRITER,CONTENT,READCOUNT,REG_DATE,IMAGENAME) values (8,'가격인하_나이키 팬텀gx2 프로 tf 260mm',8,'실내 풋살구장에서 30분 몸풀기 패스 리프팅',1,to_date('24/05/01','RR/MM/DD'),null);
Insert into KING.SALE (SALE_NO,SUBJECT,WRITER,CONTENT,READCOUNT,REG_DATE,IMAGENAME) values (9,'아디다스 프레데터 애큐러시+ 270 팝니다',9,'하남 스타필드 아디다스에서 구매 실착2회 타제품 구매로 인해 판매',1,to_date('24/05/01','RR/MM/DD'),null);
Insert into KING.SALE (SALE_NO,SUBJECT,WRITER,CONTENT,READCOUNT,REG_DATE,IMAGENAME) values (10,'나이키 애플워치 팝니다',10,'실착 3번 10만원에 팝니다~',3,to_date('24/05/01','RR/MM/DD'),null);
Insert into KING.SALE (SALE_NO,SUBJECT,WRITER,CONTENT,READCOUNT,REG_DATE,IMAGENAME) values (11,'나이키 더플백 41L',11,'거의 새상품입니다',1,to_date('24/05/01','RR/MM/DD'),null);
Insert into KING.SALE (SALE_NO,SUBJECT,WRITER,CONTENT,READCOUNT,REG_DATE,IMAGENAME) values (12,'축구&풋살 작전판 판매합니다 단돈 3만원',12,'사용감 존재합니다.',2,to_date('24/05/01','RR/MM/DD'),null);
Insert into KING.SALE (SALE_NO,SUBJECT,WRITER,CONTENT,READCOUNT,REG_DATE,IMAGENAME) values (13,'푸마 mg스터드 판매합니다',13,'싸게 가져가세요 3만원~',5,to_date('24/05/01','RR/MM/DD'),null);
Insert into KING.SALE (SALE_NO,SUBJECT,WRITER,CONTENT,READCOUNT,REG_DATE,IMAGENAME) values (14,'가격인하_나이키 팬텀gx2 프로 tf 260mm',14,'가격 : 135,000원 (택포)',2,to_date('24/05/01','RR/MM/DD'),null);
Insert into KING.SALE (SALE_NO,SUBJECT,WRITER,CONTENT,READCOUNT,REG_DATE,IMAGENAME) values (15,'아디다스 프레데터 엘리트 FG 260',15,'잠실카포스토어 구매했고 사이즈때문에 심어보고 실 경기 한번도 안뛰었습니다 사이즈미스로 판매',2,to_date('24/05/01','RR/MM/DD'),null);
Insert into KING.SALE (SALE_NO,SUBJECT,WRITER,CONTENT,READCOUNT,REG_DATE,IMAGENAME) values (16,'축구 스포츠 양말팝니다.',16,'축구 스포츠 양말 팝니다',3,to_date('24/05/01','RR/MM/DD'),null);
Insert into KING.SALE (SALE_NO,SUBJECT,WRITER,CONTENT,READCOUNT,REG_DATE,IMAGENAME) values (17,'프레데터 엘리트 로우 ag/hg 260',17,'1쿼터(30분) 실착했습니다',2,to_date('24/05/01','RR/MM/DD'),null);
Insert into KING.SALE (SALE_NO,SUBJECT,WRITER,CONTENT,READCOUNT,REG_DATE,IMAGENAME) values (18,'프레데터 뮤테이터 20+ FG 올블랙',18,'새제품. 사이즈 착각해서 그냥 쓸라다가 포기. 150,000원 (택포)',3,to_date('24/05/01','RR/MM/DD'),'saleimage_18.jpg');
Insert into KING.SALE (SALE_NO,SUBJECT,WRITER,CONTENT,READCOUNT,REG_DATE,IMAGENAME) values (19,'키카 프리미엄 컨트롤 축구공 콘10개추가',19,'카톡 taeik0303 문의 주세요',2,to_date('24/05/01','RR/MM/DD'),'saleimage_19.jpg');
Insert into KING.SALE (SALE_NO,SUBJECT,WRITER,CONTENT,READCOUNT,REG_DATE,IMAGENAME) values (20,'코파문디알',20,'사이즈미스로',1,to_date('24/05/01','RR/MM/DD'),null);
Insert into KING.SALE (SALE_NO,SUBJECT,WRITER,CONTENT,READCOUNT,REG_DATE,IMAGENAME) values (21,'매빅 미니2',21,'택배거래 또는 직거래(협의가능)',1,to_date('24/05/01','RR/MM/DD'),null);
Insert into KING.SALE (SALE_NO,SUBJECT,WRITER,CONTENT,READCOUNT,REG_DATE,IMAGENAME) values (22,'축구 조끼 형광 10장',22,'10000(택배비 별도)',1,to_date('24/05/01','RR/MM/DD'),'saleimage_22.jpg');
Insert into KING.SALE (SALE_NO,SUBJECT,WRITER,CONTENT,READCOUNT,REG_DATE,IMAGENAME) values (23,'아디다스 프레데터엘리트 FG',23,'잠실카포스토어 구매했고 사이즈때문에 심어보고 실 경기 한번도 안뛰었습니다 사이즈미스로 판매',1,to_date('24/05/01','RR/MM/DD'),'saleimage_23.jpg');
Insert into KING.SALE (SALE_NO,SUBJECT,WRITER,CONTENT,READCOUNT,REG_DATE,IMAGENAME) values (24,'soccerbee',24,'구매하고 한번 사용하였습니다.방수팩은 잃어버려서 따로 사셔하는데요.방수팩은 크게 부담되실만한 가격은 아닙니다.',1,to_date('24/05/01','RR/MM/DD'),'saleimage_24.jpg');
Insert into KING.SALE (SALE_NO,SUBJECT,WRITER,CONTENT,READCOUNT,REG_DATE,IMAGENAME) values (25,'박지성 희귀 싸인볼',25,'친필 싸인입니다!',4,to_date('24/05/01','RR/MM/DD'),'saleimage_25.png');
Insert into KING.SALE (SALE_NO,SUBJECT,WRITER,CONTENT,READCOUNT,REG_DATE,IMAGENAME) values (26,'미즈노 모렐리아 네오4',26,'24만원 이지만 쿨거래 네고 가능합니다',1,to_date('24/05/01','RR/MM/DD'),'saleimage_26.jpg');
Insert into KING.SALE (SALE_NO,SUBJECT,WRITER,CONTENT,READCOUNT,REG_DATE,IMAGENAME) values (32,'코파문디알 팝니다',2,'10만원에 팝니다
            
            ',1,to_date('24/05/10','RR/MM/DD'),'saleimage_32.jpg');
Insert into KING.SALE (SALE_NO,SUBJECT,WRITER,CONTENT,READCOUNT,REG_DATE,IMAGENAME) values (33,'축구공 팝니다',2,'2만원~',1,to_date('24/05/10','RR/MM/DD'),null);
Insert into KING.SALE (SALE_NO,SUBJECT,WRITER,CONTENT,READCOUNT,REG_DATE,IMAGENAME) values (34,'아대 무료나눔',2,'한번 사용한거 드릴게요~',2,to_date('24/05/10','RR/MM/DD'),null);
Insert into KING.SALE (SALE_NO,SUBJECT,WRITER,CONTENT,READCOUNT,REG_DATE,IMAGENAME) values (35,'나이키 리액트 팬텀 GT2 PRO TF',2,'80,000원 부천',1,to_date('24/05/10','RR/MM/DD'),null);
Insert into KING.SALE (SALE_NO,SUBJECT,WRITER,CONTENT,READCOUNT,REG_DATE,IMAGENAME) values (36,'나이키 김민재 국대 어웨이 유니폼',2,'나이키 강남점에서 샀습니다',1,to_date('24/05/11','RR/MM/DD'),null);
Insert into KING.SALE (SALE_NO,SUBJECT,WRITER,CONTENT,READCOUNT,REG_DATE,IMAGENAME) values (43,'(새제품) 한 번도 안 신은 축구화',30,'한 번도 안 신은 축구화 팝니다.
네고 가능
쿨거래 시 6000원 깎아드립니다.',6,to_date('24/05/21','RR/MM/DD'),null);
Insert into KING.SALE (SALE_NO,SUBJECT,WRITER,CONTENT,READCOUNT,REG_DATE,IMAGENAME) values (38,'나이키 머큐리얼 슈퍼플라이 5 AG CR7',2,'축구 동호회 탈퇴로 축구를 못 하게 되어 팝니다 ㅠ',8,to_date('24/05/11','RR/MM/DD'),'saleimage_38.jpg');
Insert into KING.SALE (SALE_NO,SUBJECT,WRITER,CONTENT,READCOUNT,REG_DATE,IMAGENAME) values (39,'스타킹팔아요',2,'팝니다',8,to_date('24/05/13','RR/MM/DD'),null);
Insert into KING.SALE (SALE_NO,SUBJECT,WRITER,CONTENT,READCOUNT,REG_DATE,IMAGENAME) values (40,'나이키 머큐리얼 신가드',3,'40000원',7,to_date('24/05/14','RR/MM/DD'),'saleimage_40.jpg');
Insert into KING.SALE (SALE_NO,SUBJECT,WRITER,CONTENT,READCOUNT,REG_DATE,IMAGENAME) values (46,'나이키 롱패딩 [벤치 코트] M SIZE [그레이청록]',42,'팔아요오오오
            ',9,to_date('24/05/24','RR/MM/DD'),'saleimage_46.jpg');
Insert into KING.SALE (SALE_NO,SUBJECT,WRITER,CONTENT,READCOUNT,REG_DATE,IMAGENAME) values (42,'나이키 롱패딩 [벤치 코트] M SIZE [그레이청록]',1,'13만원',3,to_date('24/05/17','RR/MM/DD'),null);
Insert into KING.SALE (SALE_NO,SUBJECT,WRITER,CONTENT,READCOUNT,REG_DATE,IMAGENAME) values (44,'나이키 gk 장갑',41,'새상품들입니다',3,to_date('24/05/21','RR/MM/DD'),null);
Insert into KING.SALE (SALE_NO,SUBJECT,WRITER,CONTENT,READCOUNT,REG_DATE,IMAGENAME) values (45,'(중고) 축구 유니폼 팔아요',30,'(중고) 축구 유니폼 팔아요',14,to_date('24/05/21','RR/MM/DD'),null);
REM INSERTING into KING.SIDO
SET DEFINE OFF;
Insert into KING.SIDO (SIDO_ID,NAME,DISPLAY_POSITION) values (1,'강원',1);
Insert into KING.SIDO (SIDO_ID,NAME,DISPLAY_POSITION) values (2,'경기',2);
Insert into KING.SIDO (SIDO_ID,NAME,DISPLAY_POSITION) values (3,'경남',3);
Insert into KING.SIDO (SIDO_ID,NAME,DISPLAY_POSITION) values (4,'경북',4);
Insert into KING.SIDO (SIDO_ID,NAME,DISPLAY_POSITION) values (5,'광주',5);
Insert into KING.SIDO (SIDO_ID,NAME,DISPLAY_POSITION) values (6,'대구',6);
Insert into KING.SIDO (SIDO_ID,NAME,DISPLAY_POSITION) values (7,'대전',7);
Insert into KING.SIDO (SIDO_ID,NAME,DISPLAY_POSITION) values (8,'부산',8);
Insert into KING.SIDO (SIDO_ID,NAME,DISPLAY_POSITION) values (9,'서울',9);
Insert into KING.SIDO (SIDO_ID,NAME,DISPLAY_POSITION) values (10,'울산',10);
Insert into KING.SIDO (SIDO_ID,NAME,DISPLAY_POSITION) values (11,'인천',11);
Insert into KING.SIDO (SIDO_ID,NAME,DISPLAY_POSITION) values (12,'전남',12);
Insert into KING.SIDO (SIDO_ID,NAME,DISPLAY_POSITION) values (13,'전북',13);
Insert into KING.SIDO (SIDO_ID,NAME,DISPLAY_POSITION) values (14,'제주',14);
Insert into KING.SIDO (SIDO_ID,NAME,DISPLAY_POSITION) values (15,'충남',15);
Insert into KING.SIDO (SIDO_ID,NAME,DISPLAY_POSITION) values (16,'충북',16);
REM INSERTING into KING.SIGUNGU
SET DEFINE OFF;
Insert into KING.SIGUNGU (SIGUNGU_ID,NAME,SIDO_ID) values (1,'강릉시',1);
Insert into KING.SIGUNGU (SIGUNGU_ID,NAME,SIDO_ID) values (2,'동해시',1);
Insert into KING.SIGUNGU (SIGUNGU_ID,NAME,SIDO_ID) values (3,'삼척시',1);
Insert into KING.SIGUNGU (SIGUNGU_ID,NAME,SIDO_ID) values (4,'속초시',1);
Insert into KING.SIGUNGU (SIGUNGU_ID,NAME,SIDO_ID) values (5,'원주시',1);
Insert into KING.SIGUNGU (SIGUNGU_ID,NAME,SIDO_ID) values (6,'춘천시',1);
Insert into KING.SIGUNGU (SIGUNGU_ID,NAME,SIDO_ID) values (7,'태백시',1);
Insert into KING.SIGUNGU (SIGUNGU_ID,NAME,SIDO_ID) values (8,'고성군',1);
Insert into KING.SIGUNGU (SIGUNGU_ID,NAME,SIDO_ID) values (9,'양구군',1);
Insert into KING.SIGUNGU (SIGUNGU_ID,NAME,SIDO_ID) values (10,'양양군',1);
Insert into KING.SIGUNGU (SIGUNGU_ID,NAME,SIDO_ID) values (11,'영월군',1);
Insert into KING.SIGUNGU (SIGUNGU_ID,NAME,SIDO_ID) values (12,'인제군',1);
Insert into KING.SIGUNGU (SIGUNGU_ID,NAME,SIDO_ID) values (13,'정선군',1);
Insert into KING.SIGUNGU (SIGUNGU_ID,NAME,SIDO_ID) values (14,'철원군',1);
Insert into KING.SIGUNGU (SIGUNGU_ID,NAME,SIDO_ID) values (15,'평창군',1);
Insert into KING.SIGUNGU (SIGUNGU_ID,NAME,SIDO_ID) values (16,'홍천군',1);
Insert into KING.SIGUNGU (SIGUNGU_ID,NAME,SIDO_ID) values (17,'화천군',1);
Insert into KING.SIGUNGU (SIGUNGU_ID,NAME,SIDO_ID) values (18,'횡성군',1);
Insert into KING.SIGUNGU (SIGUNGU_ID,NAME,SIDO_ID) values (19,'고양시',2);
Insert into KING.SIGUNGU (SIGUNGU_ID,NAME,SIDO_ID) values (20,'과천시',2);
Insert into KING.SIGUNGU (SIGUNGU_ID,NAME,SIDO_ID) values (21,'광명시',2);
Insert into KING.SIGUNGU (SIGUNGU_ID,NAME,SIDO_ID) values (22,'광주시',2);
Insert into KING.SIGUNGU (SIGUNGU_ID,NAME,SIDO_ID) values (23,'구리시',2);
Insert into KING.SIGUNGU (SIGUNGU_ID,NAME,SIDO_ID) values (24,'군포시',2);
Insert into KING.SIGUNGU (SIGUNGU_ID,NAME,SIDO_ID) values (25,'김포시',2);
Insert into KING.SIGUNGU (SIGUNGU_ID,NAME,SIDO_ID) values (26,'남양주시',2);
Insert into KING.SIGUNGU (SIGUNGU_ID,NAME,SIDO_ID) values (27,'동두천시',2);
Insert into KING.SIGUNGU (SIGUNGU_ID,NAME,SIDO_ID) values (28,'부천시',2);
Insert into KING.SIGUNGU (SIGUNGU_ID,NAME,SIDO_ID) values (29,'성남시',2);
Insert into KING.SIGUNGU (SIGUNGU_ID,NAME,SIDO_ID) values (30,'수원시',2);
Insert into KING.SIGUNGU (SIGUNGU_ID,NAME,SIDO_ID) values (31,'시흥시',2);
Insert into KING.SIGUNGU (SIGUNGU_ID,NAME,SIDO_ID) values (32,'안산시',2);
Insert into KING.SIGUNGU (SIGUNGU_ID,NAME,SIDO_ID) values (33,'안성시',2);
Insert into KING.SIGUNGU (SIGUNGU_ID,NAME,SIDO_ID) values (34,'안양시',2);
Insert into KING.SIGUNGU (SIGUNGU_ID,NAME,SIDO_ID) values (35,'양주시',2);
Insert into KING.SIGUNGU (SIGUNGU_ID,NAME,SIDO_ID) values (36,'오산시',2);
Insert into KING.SIGUNGU (SIGUNGU_ID,NAME,SIDO_ID) values (37,'용인시',2);
Insert into KING.SIGUNGU (SIGUNGU_ID,NAME,SIDO_ID) values (38,'의왕시',2);
Insert into KING.SIGUNGU (SIGUNGU_ID,NAME,SIDO_ID) values (39,'의정부시',2);
Insert into KING.SIGUNGU (SIGUNGU_ID,NAME,SIDO_ID) values (40,'이천시',2);
Insert into KING.SIGUNGU (SIGUNGU_ID,NAME,SIDO_ID) values (41,'파주시',2);
Insert into KING.SIGUNGU (SIGUNGU_ID,NAME,SIDO_ID) values (42,'평택시',2);
Insert into KING.SIGUNGU (SIGUNGU_ID,NAME,SIDO_ID) values (43,'포천시',2);
Insert into KING.SIGUNGU (SIGUNGU_ID,NAME,SIDO_ID) values (44,'하남시',2);
Insert into KING.SIGUNGU (SIGUNGU_ID,NAME,SIDO_ID) values (45,'화성시',2);
Insert into KING.SIGUNGU (SIGUNGU_ID,NAME,SIDO_ID) values (46,'가평군',2);
Insert into KING.SIGUNGU (SIGUNGU_ID,NAME,SIDO_ID) values (47,'양평군',2);
Insert into KING.SIGUNGU (SIGUNGU_ID,NAME,SIDO_ID) values (48,'여주군',2);
Insert into KING.SIGUNGU (SIGUNGU_ID,NAME,SIDO_ID) values (49,'연천군',2);
Insert into KING.SIGUNGU (SIGUNGU_ID,NAME,SIDO_ID) values (50,'거제시',3);
Insert into KING.SIGUNGU (SIGUNGU_ID,NAME,SIDO_ID) values (51,'김해시',3);
Insert into KING.SIGUNGU (SIGUNGU_ID,NAME,SIDO_ID) values (52,'마산시',3);
Insert into KING.SIGUNGU (SIGUNGU_ID,NAME,SIDO_ID) values (53,'밀양시',3);
Insert into KING.SIGUNGU (SIGUNGU_ID,NAME,SIDO_ID) values (54,'사천시',3);
Insert into KING.SIGUNGU (SIGUNGU_ID,NAME,SIDO_ID) values (55,'양산시',3);
Insert into KING.SIGUNGU (SIGUNGU_ID,NAME,SIDO_ID) values (56,'진주시',3);
Insert into KING.SIGUNGU (SIGUNGU_ID,NAME,SIDO_ID) values (57,'진해시',3);
Insert into KING.SIGUNGU (SIGUNGU_ID,NAME,SIDO_ID) values (58,'창원시',3);
Insert into KING.SIGUNGU (SIGUNGU_ID,NAME,SIDO_ID) values (59,'통영시',3);
Insert into KING.SIGUNGU (SIGUNGU_ID,NAME,SIDO_ID) values (60,'거창군',3);
Insert into KING.SIGUNGU (SIGUNGU_ID,NAME,SIDO_ID) values (61,'고성군',3);
Insert into KING.SIGUNGU (SIGUNGU_ID,NAME,SIDO_ID) values (62,'남해군',3);
Insert into KING.SIGUNGU (SIGUNGU_ID,NAME,SIDO_ID) values (63,'산청군',3);
Insert into KING.SIGUNGU (SIGUNGU_ID,NAME,SIDO_ID) values (64,'의령군',3);
Insert into KING.SIGUNGU (SIGUNGU_ID,NAME,SIDO_ID) values (65,'창녕군',3);
Insert into KING.SIGUNGU (SIGUNGU_ID,NAME,SIDO_ID) values (66,'하동군',3);
Insert into KING.SIGUNGU (SIGUNGU_ID,NAME,SIDO_ID) values (67,'함안군',3);
Insert into KING.SIGUNGU (SIGUNGU_ID,NAME,SIDO_ID) values (68,'함양군',3);
Insert into KING.SIGUNGU (SIGUNGU_ID,NAME,SIDO_ID) values (69,'합천군',3);
Insert into KING.SIGUNGU (SIGUNGU_ID,NAME,SIDO_ID) values (70,'경산시',4);
Insert into KING.SIGUNGU (SIGUNGU_ID,NAME,SIDO_ID) values (71,'경주시',4);
Insert into KING.SIGUNGU (SIGUNGU_ID,NAME,SIDO_ID) values (72,'구미시',4);
Insert into KING.SIGUNGU (SIGUNGU_ID,NAME,SIDO_ID) values (73,'김천시',4);
Insert into KING.SIGUNGU (SIGUNGU_ID,NAME,SIDO_ID) values (74,'문경시',4);
Insert into KING.SIGUNGU (SIGUNGU_ID,NAME,SIDO_ID) values (75,'상주시',4);
Insert into KING.SIGUNGU (SIGUNGU_ID,NAME,SIDO_ID) values (76,'안동시',4);
Insert into KING.SIGUNGU (SIGUNGU_ID,NAME,SIDO_ID) values (77,'영주시',4);
Insert into KING.SIGUNGU (SIGUNGU_ID,NAME,SIDO_ID) values (78,'영천시',4);
Insert into KING.SIGUNGU (SIGUNGU_ID,NAME,SIDO_ID) values (79,'포항시',4);
Insert into KING.SIGUNGU (SIGUNGU_ID,NAME,SIDO_ID) values (80,'고령군',4);
Insert into KING.SIGUNGU (SIGUNGU_ID,NAME,SIDO_ID) values (81,'군위군',4);
Insert into KING.SIGUNGU (SIGUNGU_ID,NAME,SIDO_ID) values (82,'봉화군',4);
Insert into KING.SIGUNGU (SIGUNGU_ID,NAME,SIDO_ID) values (83,'성주군',4);
Insert into KING.SIGUNGU (SIGUNGU_ID,NAME,SIDO_ID) values (84,'영덕군',4);
Insert into KING.SIGUNGU (SIGUNGU_ID,NAME,SIDO_ID) values (85,'영양군',4);
Insert into KING.SIGUNGU (SIGUNGU_ID,NAME,SIDO_ID) values (86,'예천군',4);
Insert into KING.SIGUNGU (SIGUNGU_ID,NAME,SIDO_ID) values (87,'울릉군',4);
Insert into KING.SIGUNGU (SIGUNGU_ID,NAME,SIDO_ID) values (88,'울진군',4);
Insert into KING.SIGUNGU (SIGUNGU_ID,NAME,SIDO_ID) values (89,'의성군',4);
Insert into KING.SIGUNGU (SIGUNGU_ID,NAME,SIDO_ID) values (90,'청도군',4);
Insert into KING.SIGUNGU (SIGUNGU_ID,NAME,SIDO_ID) values (91,'청송군',4);
Insert into KING.SIGUNGU (SIGUNGU_ID,NAME,SIDO_ID) values (92,'칠곡군',4);
Insert into KING.SIGUNGU (SIGUNGU_ID,NAME,SIDO_ID) values (93,'광산구',5);
Insert into KING.SIGUNGU (SIGUNGU_ID,NAME,SIDO_ID) values (94,'남구',5);
Insert into KING.SIGUNGU (SIGUNGU_ID,NAME,SIDO_ID) values (95,'동구',5);
Insert into KING.SIGUNGU (SIGUNGU_ID,NAME,SIDO_ID) values (96,'북구',5);
Insert into KING.SIGUNGU (SIGUNGU_ID,NAME,SIDO_ID) values (97,'서구',5);
Insert into KING.SIGUNGU (SIGUNGU_ID,NAME,SIDO_ID) values (98,'남구',6);
Insert into KING.SIGUNGU (SIGUNGU_ID,NAME,SIDO_ID) values (99,'달서구',6);
Insert into KING.SIGUNGU (SIGUNGU_ID,NAME,SIDO_ID) values (100,'동구',6);
Insert into KING.SIGUNGU (SIGUNGU_ID,NAME,SIDO_ID) values (101,'북구',6);
Insert into KING.SIGUNGU (SIGUNGU_ID,NAME,SIDO_ID) values (102,'서구',6);
Insert into KING.SIGUNGU (SIGUNGU_ID,NAME,SIDO_ID) values (103,'수성구',6);
Insert into KING.SIGUNGU (SIGUNGU_ID,NAME,SIDO_ID) values (104,'중구',6);
Insert into KING.SIGUNGU (SIGUNGU_ID,NAME,SIDO_ID) values (105,'달성군',6);
Insert into KING.SIGUNGU (SIGUNGU_ID,NAME,SIDO_ID) values (106,'대덕구',7);
Insert into KING.SIGUNGU (SIGUNGU_ID,NAME,SIDO_ID) values (107,'동구',7);
Insert into KING.SIGUNGU (SIGUNGU_ID,NAME,SIDO_ID) values (108,'서구',7);
Insert into KING.SIGUNGU (SIGUNGU_ID,NAME,SIDO_ID) values (109,'유성구',7);
Insert into KING.SIGUNGU (SIGUNGU_ID,NAME,SIDO_ID) values (110,'중구',7);
Insert into KING.SIGUNGU (SIGUNGU_ID,NAME,SIDO_ID) values (111,'강서구',8);
Insert into KING.SIGUNGU (SIGUNGU_ID,NAME,SIDO_ID) values (112,'금정구',8);
Insert into KING.SIGUNGU (SIGUNGU_ID,NAME,SIDO_ID) values (113,'남구',8);
Insert into KING.SIGUNGU (SIGUNGU_ID,NAME,SIDO_ID) values (114,'동구',8);
Insert into KING.SIGUNGU (SIGUNGU_ID,NAME,SIDO_ID) values (115,'동래구',8);
Insert into KING.SIGUNGU (SIGUNGU_ID,NAME,SIDO_ID) values (116,'부산진구',8);
Insert into KING.SIGUNGU (SIGUNGU_ID,NAME,SIDO_ID) values (117,'북구',8);
Insert into KING.SIGUNGU (SIGUNGU_ID,NAME,SIDO_ID) values (118,'사상구',8);
Insert into KING.SIGUNGU (SIGUNGU_ID,NAME,SIDO_ID) values (119,'사하구',8);
Insert into KING.SIGUNGU (SIGUNGU_ID,NAME,SIDO_ID) values (120,'서구',8);
Insert into KING.SIGUNGU (SIGUNGU_ID,NAME,SIDO_ID) values (121,'수영구',8);
Insert into KING.SIGUNGU (SIGUNGU_ID,NAME,SIDO_ID) values (122,'연제구',8);
Insert into KING.SIGUNGU (SIGUNGU_ID,NAME,SIDO_ID) values (123,'영도구',8);
Insert into KING.SIGUNGU (SIGUNGU_ID,NAME,SIDO_ID) values (124,'중구',8);
Insert into KING.SIGUNGU (SIGUNGU_ID,NAME,SIDO_ID) values (125,'해운대구',8);
Insert into KING.SIGUNGU (SIGUNGU_ID,NAME,SIDO_ID) values (126,'기장군',8);
Insert into KING.SIGUNGU (SIGUNGU_ID,NAME,SIDO_ID) values (127,'강남구',9);
Insert into KING.SIGUNGU (SIGUNGU_ID,NAME,SIDO_ID) values (128,'강동구',9);
Insert into KING.SIGUNGU (SIGUNGU_ID,NAME,SIDO_ID) values (129,'강북구',9);
Insert into KING.SIGUNGU (SIGUNGU_ID,NAME,SIDO_ID) values (130,'강서구',9);
Insert into KING.SIGUNGU (SIGUNGU_ID,NAME,SIDO_ID) values (132,'광진구',9);
Insert into KING.SIGUNGU (SIGUNGU_ID,NAME,SIDO_ID) values (133,'구로구',9);
Insert into KING.SIGUNGU (SIGUNGU_ID,NAME,SIDO_ID) values (134,'금천구',9);
Insert into KING.SIGUNGU (SIGUNGU_ID,NAME,SIDO_ID) values (135,'노원구',9);
Insert into KING.SIGUNGU (SIGUNGU_ID,NAME,SIDO_ID) values (136,'도봉구',9);
Insert into KING.SIGUNGU (SIGUNGU_ID,NAME,SIDO_ID) values (137,'동대문구',9);
Insert into KING.SIGUNGU (SIGUNGU_ID,NAME,SIDO_ID) values (138,'동작구',9);
Insert into KING.SIGUNGU (SIGUNGU_ID,NAME,SIDO_ID) values (139,'마포구',9);
Insert into KING.SIGUNGU (SIGUNGU_ID,NAME,SIDO_ID) values (140,'서대문구',9);
Insert into KING.SIGUNGU (SIGUNGU_ID,NAME,SIDO_ID) values (141,'서초구',9);
Insert into KING.SIGUNGU (SIGUNGU_ID,NAME,SIDO_ID) values (142,'성동구',9);
Insert into KING.SIGUNGU (SIGUNGU_ID,NAME,SIDO_ID) values (143,'성북구',9);
Insert into KING.SIGUNGU (SIGUNGU_ID,NAME,SIDO_ID) values (144,'송파구',9);
Insert into KING.SIGUNGU (SIGUNGU_ID,NAME,SIDO_ID) values (145,'양천구',9);
Insert into KING.SIGUNGU (SIGUNGU_ID,NAME,SIDO_ID) values (146,'영등포구',9);
Insert into KING.SIGUNGU (SIGUNGU_ID,NAME,SIDO_ID) values (147,'용산구',9);
Insert into KING.SIGUNGU (SIGUNGU_ID,NAME,SIDO_ID) values (148,'은평구',9);
Insert into KING.SIGUNGU (SIGUNGU_ID,NAME,SIDO_ID) values (149,'종로구',9);
Insert into KING.SIGUNGU (SIGUNGU_ID,NAME,SIDO_ID) values (150,'중구',9);
Insert into KING.SIGUNGU (SIGUNGU_ID,NAME,SIDO_ID) values (151,'중랑구',9);
Insert into KING.SIGUNGU (SIGUNGU_ID,NAME,SIDO_ID) values (152,'남구',10);
Insert into KING.SIGUNGU (SIGUNGU_ID,NAME,SIDO_ID) values (153,'동구',10);
Insert into KING.SIGUNGU (SIGUNGU_ID,NAME,SIDO_ID) values (154,'북구',10);
Insert into KING.SIGUNGU (SIGUNGU_ID,NAME,SIDO_ID) values (155,'중구',10);
Insert into KING.SIGUNGU (SIGUNGU_ID,NAME,SIDO_ID) values (156,'울주군',10);
Insert into KING.SIGUNGU (SIGUNGU_ID,NAME,SIDO_ID) values (157,'계양구',11);
Insert into KING.SIGUNGU (SIGUNGU_ID,NAME,SIDO_ID) values (158,'남구',11);
Insert into KING.SIGUNGU (SIGUNGU_ID,NAME,SIDO_ID) values (159,'남동구',11);
Insert into KING.SIGUNGU (SIGUNGU_ID,NAME,SIDO_ID) values (160,'동구',11);
Insert into KING.SIGUNGU (SIGUNGU_ID,NAME,SIDO_ID) values (161,'부평구',11);
Insert into KING.SIGUNGU (SIGUNGU_ID,NAME,SIDO_ID) values (162,'서구',11);
Insert into KING.SIGUNGU (SIGUNGU_ID,NAME,SIDO_ID) values (163,'연수구',11);
Insert into KING.SIGUNGU (SIGUNGU_ID,NAME,SIDO_ID) values (164,'중구',11);
Insert into KING.SIGUNGU (SIGUNGU_ID,NAME,SIDO_ID) values (165,'강화군',11);
Insert into KING.SIGUNGU (SIGUNGU_ID,NAME,SIDO_ID) values (166,'옹진군',11);
Insert into KING.SIGUNGU (SIGUNGU_ID,NAME,SIDO_ID) values (167,'광양시',12);
Insert into KING.SIGUNGU (SIGUNGU_ID,NAME,SIDO_ID) values (168,'나주시',12);
Insert into KING.SIGUNGU (SIGUNGU_ID,NAME,SIDO_ID) values (169,'목포시',12);
Insert into KING.SIGUNGU (SIGUNGU_ID,NAME,SIDO_ID) values (170,'순천시',12);
Insert into KING.SIGUNGU (SIGUNGU_ID,NAME,SIDO_ID) values (171,'여수시',12);
Insert into KING.SIGUNGU (SIGUNGU_ID,NAME,SIDO_ID) values (172,'강진군',12);
Insert into KING.SIGUNGU (SIGUNGU_ID,NAME,SIDO_ID) values (173,'고흥군',12);
Insert into KING.SIGUNGU (SIGUNGU_ID,NAME,SIDO_ID) values (174,'곡성군',12);
Insert into KING.SIGUNGU (SIGUNGU_ID,NAME,SIDO_ID) values (175,'구례군',12);
Insert into KING.SIGUNGU (SIGUNGU_ID,NAME,SIDO_ID) values (176,'담양군',12);
Insert into KING.SIGUNGU (SIGUNGU_ID,NAME,SIDO_ID) values (177,'무안군',12);
Insert into KING.SIGUNGU (SIGUNGU_ID,NAME,SIDO_ID) values (178,'보성군',12);
Insert into KING.SIGUNGU (SIGUNGU_ID,NAME,SIDO_ID) values (179,'신안군',12);
Insert into KING.SIGUNGU (SIGUNGU_ID,NAME,SIDO_ID) values (180,'영광군',12);
Insert into KING.SIGUNGU (SIGUNGU_ID,NAME,SIDO_ID) values (181,'영암군',12);
Insert into KING.SIGUNGU (SIGUNGU_ID,NAME,SIDO_ID) values (182,'완도군',12);
Insert into KING.SIGUNGU (SIGUNGU_ID,NAME,SIDO_ID) values (183,'장성군',12);
Insert into KING.SIGUNGU (SIGUNGU_ID,NAME,SIDO_ID) values (184,'장흥군',12);
Insert into KING.SIGUNGU (SIGUNGU_ID,NAME,SIDO_ID) values (185,'진도군',12);
Insert into KING.SIGUNGU (SIGUNGU_ID,NAME,SIDO_ID) values (186,'함평군',12);
Insert into KING.SIGUNGU (SIGUNGU_ID,NAME,SIDO_ID) values (187,'해남군',12);
Insert into KING.SIGUNGU (SIGUNGU_ID,NAME,SIDO_ID) values (188,'화순군',12);
Insert into KING.SIGUNGU (SIGUNGU_ID,NAME,SIDO_ID) values (189,'군산시',13);
Insert into KING.SIGUNGU (SIGUNGU_ID,NAME,SIDO_ID) values (190,'김제시',13);
Insert into KING.SIGUNGU (SIGUNGU_ID,NAME,SIDO_ID) values (191,'남원시',13);
Insert into KING.SIGUNGU (SIGUNGU_ID,NAME,SIDO_ID) values (192,'익산시',13);
Insert into KING.SIGUNGU (SIGUNGU_ID,NAME,SIDO_ID) values (193,'전주시',13);
Insert into KING.SIGUNGU (SIGUNGU_ID,NAME,SIDO_ID) values (194,'정읍시',13);
Insert into KING.SIGUNGU (SIGUNGU_ID,NAME,SIDO_ID) values (195,'고창군',13);
Insert into KING.SIGUNGU (SIGUNGU_ID,NAME,SIDO_ID) values (196,'무주군',13);
Insert into KING.SIGUNGU (SIGUNGU_ID,NAME,SIDO_ID) values (197,'부안군',13);
Insert into KING.SIGUNGU (SIGUNGU_ID,NAME,SIDO_ID) values (198,'순창군',13);
Insert into KING.SIGUNGU (SIGUNGU_ID,NAME,SIDO_ID) values (199,'완주군',13);
Insert into KING.SIGUNGU (SIGUNGU_ID,NAME,SIDO_ID) values (200,'임실군',13);
Insert into KING.SIGUNGU (SIGUNGU_ID,NAME,SIDO_ID) values (201,'장수군',13);
Insert into KING.SIGUNGU (SIGUNGU_ID,NAME,SIDO_ID) values (202,'진안군',13);
Insert into KING.SIGUNGU (SIGUNGU_ID,NAME,SIDO_ID) values (203,'서귀포시',14);
Insert into KING.SIGUNGU (SIGUNGU_ID,NAME,SIDO_ID) values (204,'제주시',14);
Insert into KING.SIGUNGU (SIGUNGU_ID,NAME,SIDO_ID) values (205,'남제주군',14);
Insert into KING.SIGUNGU (SIGUNGU_ID,NAME,SIDO_ID) values (206,'북제주군',14);
Insert into KING.SIGUNGU (SIGUNGU_ID,NAME,SIDO_ID) values (207,'제천시',15);
Insert into KING.SIGUNGU (SIGUNGU_ID,NAME,SIDO_ID) values (208,'청주시',15);
Insert into KING.SIGUNGU (SIGUNGU_ID,NAME,SIDO_ID) values (209,'충주시',15);
Insert into KING.SIGUNGU (SIGUNGU_ID,NAME,SIDO_ID) values (210,'괴산군',15);
Insert into KING.SIGUNGU (SIGUNGU_ID,NAME,SIDO_ID) values (211,'단양군',15);
Insert into KING.SIGUNGU (SIGUNGU_ID,NAME,SIDO_ID) values (212,'보은군',15);
Insert into KING.SIGUNGU (SIGUNGU_ID,NAME,SIDO_ID) values (213,'영동군',15);
Insert into KING.SIGUNGU (SIGUNGU_ID,NAME,SIDO_ID) values (214,'옥천군',15);
Insert into KING.SIGUNGU (SIGUNGU_ID,NAME,SIDO_ID) values (215,'음성군',15);
Insert into KING.SIGUNGU (SIGUNGU_ID,NAME,SIDO_ID) values (216,'증평군',15);
Insert into KING.SIGUNGU (SIGUNGU_ID,NAME,SIDO_ID) values (217,'진천군',15);
Insert into KING.SIGUNGU (SIGUNGU_ID,NAME,SIDO_ID) values (218,'청원군',15);
Insert into KING.SIGUNGU (SIGUNGU_ID,NAME,SIDO_ID) values (219,'천안시',16);
Insert into KING.SIGUNGU (SIGUNGU_ID,NAME,SIDO_ID) values (220,'공주시',16);
Insert into KING.SIGUNGU (SIGUNGU_ID,NAME,SIDO_ID) values (221,'보령시',16);
Insert into KING.SIGUNGU (SIGUNGU_ID,NAME,SIDO_ID) values (222,'아산시',16);
Insert into KING.SIGUNGU (SIGUNGU_ID,NAME,SIDO_ID) values (223,'서산시',16);
Insert into KING.SIGUNGU (SIGUNGU_ID,NAME,SIDO_ID) values (224,'논산시',16);
Insert into KING.SIGUNGU (SIGUNGU_ID,NAME,SIDO_ID) values (225,'계룡시',16);
Insert into KING.SIGUNGU (SIGUNGU_ID,NAME,SIDO_ID) values (226,'당진시',16);
Insert into KING.SIGUNGU (SIGUNGU_ID,NAME,SIDO_ID) values (227,'금산군',16);
Insert into KING.SIGUNGU (SIGUNGU_ID,NAME,SIDO_ID) values (228,'부여군',16);
Insert into KING.SIGUNGU (SIGUNGU_ID,NAME,SIDO_ID) values (229,'서천군',16);
Insert into KING.SIGUNGU (SIGUNGU_ID,NAME,SIDO_ID) values (230,'청양군',16);
Insert into KING.SIGUNGU (SIGUNGU_ID,NAME,SIDO_ID) values (231,'홍성군',16);
Insert into KING.SIGUNGU (SIGUNGU_ID,NAME,SIDO_ID) values (232,'예산군',16);
Insert into KING.SIGUNGU (SIGUNGU_ID,NAME,SIDO_ID) values (233,'태안군',16);
Insert into KING.SIGUNGU (SIGUNGU_ID,NAME,SIDO_ID) values (131,'관악구',9);
REM INSERTING into KING."SIGUNGU(tmp)"
SET DEFINE OFF;
Insert into KING."SIGUNGU(tmp)" (SIGUNGU_ID,NAME,SIDO_ID) values (1,'강릉시',1);
Insert into KING."SIGUNGU(tmp)" (SIGUNGU_ID,NAME,SIDO_ID) values (2,'동해시',1);
Insert into KING."SIGUNGU(tmp)" (SIGUNGU_ID,NAME,SIDO_ID) values (3,'삼척시',1);
Insert into KING."SIGUNGU(tmp)" (SIGUNGU_ID,NAME,SIDO_ID) values (4,'속초시',1);
Insert into KING."SIGUNGU(tmp)" (SIGUNGU_ID,NAME,SIDO_ID) values (5,'원주시',1);
Insert into KING."SIGUNGU(tmp)" (SIGUNGU_ID,NAME,SIDO_ID) values (6,'춘천시',1);
Insert into KING."SIGUNGU(tmp)" (SIGUNGU_ID,NAME,SIDO_ID) values (7,'태백시',1);
Insert into KING."SIGUNGU(tmp)" (SIGUNGU_ID,NAME,SIDO_ID) values (8,'고성군',1);
Insert into KING."SIGUNGU(tmp)" (SIGUNGU_ID,NAME,SIDO_ID) values (9,'양구군',1);
Insert into KING."SIGUNGU(tmp)" (SIGUNGU_ID,NAME,SIDO_ID) values (10,'양양군',1);
Insert into KING."SIGUNGU(tmp)" (SIGUNGU_ID,NAME,SIDO_ID) values (11,'영월군',1);
Insert into KING."SIGUNGU(tmp)" (SIGUNGU_ID,NAME,SIDO_ID) values (12,'인제군',1);
Insert into KING."SIGUNGU(tmp)" (SIGUNGU_ID,NAME,SIDO_ID) values (13,'정선군',1);
Insert into KING."SIGUNGU(tmp)" (SIGUNGU_ID,NAME,SIDO_ID) values (14,'철원군',1);
Insert into KING."SIGUNGU(tmp)" (SIGUNGU_ID,NAME,SIDO_ID) values (15,'평창군',1);
Insert into KING."SIGUNGU(tmp)" (SIGUNGU_ID,NAME,SIDO_ID) values (16,'홍천군',1);
Insert into KING."SIGUNGU(tmp)" (SIGUNGU_ID,NAME,SIDO_ID) values (17,'화천군',1);
Insert into KING."SIGUNGU(tmp)" (SIGUNGU_ID,NAME,SIDO_ID) values (18,'횡성군',1);
Insert into KING."SIGUNGU(tmp)" (SIGUNGU_ID,NAME,SIDO_ID) values (19,'고양시',2);
Insert into KING."SIGUNGU(tmp)" (SIGUNGU_ID,NAME,SIDO_ID) values (20,'과천시',2);
Insert into KING."SIGUNGU(tmp)" (SIGUNGU_ID,NAME,SIDO_ID) values (21,'광명시',2);
Insert into KING."SIGUNGU(tmp)" (SIGUNGU_ID,NAME,SIDO_ID) values (22,'광주시',2);
Insert into KING."SIGUNGU(tmp)" (SIGUNGU_ID,NAME,SIDO_ID) values (23,'구리시',2);
Insert into KING."SIGUNGU(tmp)" (SIGUNGU_ID,NAME,SIDO_ID) values (24,'군포시',2);
Insert into KING."SIGUNGU(tmp)" (SIGUNGU_ID,NAME,SIDO_ID) values (25,'김포시',2);
Insert into KING."SIGUNGU(tmp)" (SIGUNGU_ID,NAME,SIDO_ID) values (26,'남양주시',2);
Insert into KING."SIGUNGU(tmp)" (SIGUNGU_ID,NAME,SIDO_ID) values (27,'동두천시',2);
Insert into KING."SIGUNGU(tmp)" (SIGUNGU_ID,NAME,SIDO_ID) values (28,'부천시',2);
Insert into KING."SIGUNGU(tmp)" (SIGUNGU_ID,NAME,SIDO_ID) values (29,'성남시',2);
Insert into KING."SIGUNGU(tmp)" (SIGUNGU_ID,NAME,SIDO_ID) values (30,'수원시',2);
Insert into KING."SIGUNGU(tmp)" (SIGUNGU_ID,NAME,SIDO_ID) values (31,'시흥시',2);
Insert into KING."SIGUNGU(tmp)" (SIGUNGU_ID,NAME,SIDO_ID) values (32,'안산시',2);
Insert into KING."SIGUNGU(tmp)" (SIGUNGU_ID,NAME,SIDO_ID) values (33,'안성시',2);
Insert into KING."SIGUNGU(tmp)" (SIGUNGU_ID,NAME,SIDO_ID) values (34,'안양시',2);
Insert into KING."SIGUNGU(tmp)" (SIGUNGU_ID,NAME,SIDO_ID) values (35,'양주시',2);
Insert into KING."SIGUNGU(tmp)" (SIGUNGU_ID,NAME,SIDO_ID) values (36,'오산시',2);
Insert into KING."SIGUNGU(tmp)" (SIGUNGU_ID,NAME,SIDO_ID) values (37,'용인시',2);
Insert into KING."SIGUNGU(tmp)" (SIGUNGU_ID,NAME,SIDO_ID) values (38,'의왕시',2);
Insert into KING."SIGUNGU(tmp)" (SIGUNGU_ID,NAME,SIDO_ID) values (39,'의정부시',2);
Insert into KING."SIGUNGU(tmp)" (SIGUNGU_ID,NAME,SIDO_ID) values (40,'이천시',2);
Insert into KING."SIGUNGU(tmp)" (SIGUNGU_ID,NAME,SIDO_ID) values (41,'파주시',2);
Insert into KING."SIGUNGU(tmp)" (SIGUNGU_ID,NAME,SIDO_ID) values (42,'평택시',2);
Insert into KING."SIGUNGU(tmp)" (SIGUNGU_ID,NAME,SIDO_ID) values (43,'포천시',2);
Insert into KING."SIGUNGU(tmp)" (SIGUNGU_ID,NAME,SIDO_ID) values (44,'하남시',2);
Insert into KING."SIGUNGU(tmp)" (SIGUNGU_ID,NAME,SIDO_ID) values (45,'화성시',2);
Insert into KING."SIGUNGU(tmp)" (SIGUNGU_ID,NAME,SIDO_ID) values (46,'가평군',2);
Insert into KING."SIGUNGU(tmp)" (SIGUNGU_ID,NAME,SIDO_ID) values (47,'양평군',2);
Insert into KING."SIGUNGU(tmp)" (SIGUNGU_ID,NAME,SIDO_ID) values (48,'여주군',2);
Insert into KING."SIGUNGU(tmp)" (SIGUNGU_ID,NAME,SIDO_ID) values (49,'연천군',2);
Insert into KING."SIGUNGU(tmp)" (SIGUNGU_ID,NAME,SIDO_ID) values (50,'거제시',3);
Insert into KING."SIGUNGU(tmp)" (SIGUNGU_ID,NAME,SIDO_ID) values (51,'김해시',3);
Insert into KING."SIGUNGU(tmp)" (SIGUNGU_ID,NAME,SIDO_ID) values (52,'마산시',3);
Insert into KING."SIGUNGU(tmp)" (SIGUNGU_ID,NAME,SIDO_ID) values (53,'밀양시',3);
Insert into KING."SIGUNGU(tmp)" (SIGUNGU_ID,NAME,SIDO_ID) values (54,'사천시',3);
Insert into KING."SIGUNGU(tmp)" (SIGUNGU_ID,NAME,SIDO_ID) values (55,'양산시',3);
Insert into KING."SIGUNGU(tmp)" (SIGUNGU_ID,NAME,SIDO_ID) values (56,'진주시',3);
Insert into KING."SIGUNGU(tmp)" (SIGUNGU_ID,NAME,SIDO_ID) values (57,'진해시',3);
Insert into KING."SIGUNGU(tmp)" (SIGUNGU_ID,NAME,SIDO_ID) values (58,'창원시',3);
Insert into KING."SIGUNGU(tmp)" (SIGUNGU_ID,NAME,SIDO_ID) values (59,'통영시',3);
Insert into KING."SIGUNGU(tmp)" (SIGUNGU_ID,NAME,SIDO_ID) values (60,'거창군',3);
Insert into KING."SIGUNGU(tmp)" (SIGUNGU_ID,NAME,SIDO_ID) values (61,'고성군',3);
Insert into KING."SIGUNGU(tmp)" (SIGUNGU_ID,NAME,SIDO_ID) values (62,'남해군',3);
Insert into KING."SIGUNGU(tmp)" (SIGUNGU_ID,NAME,SIDO_ID) values (63,'산청군',3);
Insert into KING."SIGUNGU(tmp)" (SIGUNGU_ID,NAME,SIDO_ID) values (64,'의령군',3);
Insert into KING."SIGUNGU(tmp)" (SIGUNGU_ID,NAME,SIDO_ID) values (65,'창녕군',3);
Insert into KING."SIGUNGU(tmp)" (SIGUNGU_ID,NAME,SIDO_ID) values (66,'하동군',3);
Insert into KING."SIGUNGU(tmp)" (SIGUNGU_ID,NAME,SIDO_ID) values (67,'함안군',3);
Insert into KING."SIGUNGU(tmp)" (SIGUNGU_ID,NAME,SIDO_ID) values (68,'함양군',4);
Insert into KING."SIGUNGU(tmp)" (SIGUNGU_ID,NAME,SIDO_ID) values (69,'합천군',4);
Insert into KING."SIGUNGU(tmp)" (SIGUNGU_ID,NAME,SIDO_ID) values (70,'경산시',4);
Insert into KING."SIGUNGU(tmp)" (SIGUNGU_ID,NAME,SIDO_ID) values (71,'경주시',4);
Insert into KING."SIGUNGU(tmp)" (SIGUNGU_ID,NAME,SIDO_ID) values (72,'구미시',4);
Insert into KING."SIGUNGU(tmp)" (SIGUNGU_ID,NAME,SIDO_ID) values (73,'김천시',4);
Insert into KING."SIGUNGU(tmp)" (SIGUNGU_ID,NAME,SIDO_ID) values (74,'문경시',4);
Insert into KING."SIGUNGU(tmp)" (SIGUNGU_ID,NAME,SIDO_ID) values (75,'상주시',4);
Insert into KING."SIGUNGU(tmp)" (SIGUNGU_ID,NAME,SIDO_ID) values (76,'안동시',4);
Insert into KING."SIGUNGU(tmp)" (SIGUNGU_ID,NAME,SIDO_ID) values (77,'영주시',4);
Insert into KING."SIGUNGU(tmp)" (SIGUNGU_ID,NAME,SIDO_ID) values (78,'영천시',4);
Insert into KING."SIGUNGU(tmp)" (SIGUNGU_ID,NAME,SIDO_ID) values (79,'포항시',4);
Insert into KING."SIGUNGU(tmp)" (SIGUNGU_ID,NAME,SIDO_ID) values (80,'고령군',4);
Insert into KING."SIGUNGU(tmp)" (SIGUNGU_ID,NAME,SIDO_ID) values (81,'군위군',4);
Insert into KING."SIGUNGU(tmp)" (SIGUNGU_ID,NAME,SIDO_ID) values (82,'봉화군',4);
Insert into KING."SIGUNGU(tmp)" (SIGUNGU_ID,NAME,SIDO_ID) values (83,'성주군',4);
Insert into KING."SIGUNGU(tmp)" (SIGUNGU_ID,NAME,SIDO_ID) values (84,'영덕군',4);
Insert into KING."SIGUNGU(tmp)" (SIGUNGU_ID,NAME,SIDO_ID) values (85,'영양군',4);
Insert into KING."SIGUNGU(tmp)" (SIGUNGU_ID,NAME,SIDO_ID) values (86,'예천군',4);
Insert into KING."SIGUNGU(tmp)" (SIGUNGU_ID,NAME,SIDO_ID) values (87,'울룽군',4);
Insert into KING."SIGUNGU(tmp)" (SIGUNGU_ID,NAME,SIDO_ID) values (88,'울진군',4);
Insert into KING."SIGUNGU(tmp)" (SIGUNGU_ID,NAME,SIDO_ID) values (89,'의성군',4);
Insert into KING."SIGUNGU(tmp)" (SIGUNGU_ID,NAME,SIDO_ID) values (90,'청도군',4);
Insert into KING."SIGUNGU(tmp)" (SIGUNGU_ID,NAME,SIDO_ID) values (91,'청송군',5);
Insert into KING."SIGUNGU(tmp)" (SIGUNGU_ID,NAME,SIDO_ID) values (92,'칠곡군',5);
Insert into KING."SIGUNGU(tmp)" (SIGUNGU_ID,NAME,SIDO_ID) values (93,'광산구',5);
Insert into KING."SIGUNGU(tmp)" (SIGUNGU_ID,NAME,SIDO_ID) values (94,'남구',5);
Insert into KING."SIGUNGU(tmp)" (SIGUNGU_ID,NAME,SIDO_ID) values (95,'동구',5);
Insert into KING."SIGUNGU(tmp)" (SIGUNGU_ID,NAME,SIDO_ID) values (96,'북구',6);
Insert into KING."SIGUNGU(tmp)" (SIGUNGU_ID,NAME,SIDO_ID) values (97,'서구',6);
Insert into KING."SIGUNGU(tmp)" (SIGUNGU_ID,NAME,SIDO_ID) values (98,'남구',6);
Insert into KING."SIGUNGU(tmp)" (SIGUNGU_ID,NAME,SIDO_ID) values (99,'달서구',6);
Insert into KING."SIGUNGU(tmp)" (SIGUNGU_ID,NAME,SIDO_ID) values (100,'동구',6);
Insert into KING."SIGUNGU(tmp)" (SIGUNGU_ID,NAME,SIDO_ID) values (101,'서구',6);
Insert into KING."SIGUNGU(tmp)" (SIGUNGU_ID,NAME,SIDO_ID) values (102,'수성구',6);
Insert into KING."SIGUNGU(tmp)" (SIGUNGU_ID,NAME,SIDO_ID) values (103,'중구',6);
Insert into KING."SIGUNGU(tmp)" (SIGUNGU_ID,NAME,SIDO_ID) values (109,'강서구',8);
Insert into KING."SIGUNGU(tmp)" (SIGUNGU_ID,NAME,SIDO_ID) values (110,'금정구',8);
Insert into KING."SIGUNGU(tmp)" (SIGUNGU_ID,NAME,SIDO_ID) values (111,'남구',8);
Insert into KING."SIGUNGU(tmp)" (SIGUNGU_ID,NAME,SIDO_ID) values (112,'동구',8);
Insert into KING."SIGUNGU(tmp)" (SIGUNGU_ID,NAME,SIDO_ID) values (113,'동래구',8);
Insert into KING."SIGUNGU(tmp)" (SIGUNGU_ID,NAME,SIDO_ID) values (114,'부산진구',8);
Insert into KING."SIGUNGU(tmp)" (SIGUNGU_ID,NAME,SIDO_ID) values (115,'북구',8);
Insert into KING."SIGUNGU(tmp)" (SIGUNGU_ID,NAME,SIDO_ID) values (116,'사상구',8);
Insert into KING."SIGUNGU(tmp)" (SIGUNGU_ID,NAME,SIDO_ID) values (117,'사하구',8);
Insert into KING."SIGUNGU(tmp)" (SIGUNGU_ID,NAME,SIDO_ID) values (118,'서구',8);
Insert into KING."SIGUNGU(tmp)" (SIGUNGU_ID,NAME,SIDO_ID) values (119,'수영구',8);
Insert into KING."SIGUNGU(tmp)" (SIGUNGU_ID,NAME,SIDO_ID) values (120,'연제구',8);
Insert into KING."SIGUNGU(tmp)" (SIGUNGU_ID,NAME,SIDO_ID) values (121,'영도구',8);
Insert into KING."SIGUNGU(tmp)" (SIGUNGU_ID,NAME,SIDO_ID) values (122,'중구',8);
Insert into KING."SIGUNGU(tmp)" (SIGUNGU_ID,NAME,SIDO_ID) values (123,'해운대구',8);
Insert into KING."SIGUNGU(tmp)" (SIGUNGU_ID,NAME,SIDO_ID) values (124,'기장군',8);
Insert into KING."SIGUNGU(tmp)" (SIGUNGU_ID,NAME,SIDO_ID) values (125,'강남구',9);
Insert into KING."SIGUNGU(tmp)" (SIGUNGU_ID,NAME,SIDO_ID) values (126,'강동구',9);
Insert into KING."SIGUNGU(tmp)" (SIGUNGU_ID,NAME,SIDO_ID) values (127,'강북구',9);
Insert into KING."SIGUNGU(tmp)" (SIGUNGU_ID,NAME,SIDO_ID) values (128,'강서구',9);
Insert into KING."SIGUNGU(tmp)" (SIGUNGU_ID,NAME,SIDO_ID) values (129,'관악구',9);
Insert into KING."SIGUNGU(tmp)" (SIGUNGU_ID,NAME,SIDO_ID) values (130,'광진구',9);
Insert into KING."SIGUNGU(tmp)" (SIGUNGU_ID,NAME,SIDO_ID) values (131,'구로구',9);
Insert into KING."SIGUNGU(tmp)" (SIGUNGU_ID,NAME,SIDO_ID) values (132,'금천구',9);
Insert into KING."SIGUNGU(tmp)" (SIGUNGU_ID,NAME,SIDO_ID) values (133,'노원구',9);
Insert into KING."SIGUNGU(tmp)" (SIGUNGU_ID,NAME,SIDO_ID) values (134,'도봉구',9);
Insert into KING."SIGUNGU(tmp)" (SIGUNGU_ID,NAME,SIDO_ID) values (135,'동대문구',9);
Insert into KING."SIGUNGU(tmp)" (SIGUNGU_ID,NAME,SIDO_ID) values (136,'동작구',9);
Insert into KING."SIGUNGU(tmp)" (SIGUNGU_ID,NAME,SIDO_ID) values (137,'마포구',9);
Insert into KING."SIGUNGU(tmp)" (SIGUNGU_ID,NAME,SIDO_ID) values (138,'서대문구',9);
Insert into KING."SIGUNGU(tmp)" (SIGUNGU_ID,NAME,SIDO_ID) values (139,'서초구',9);
Insert into KING."SIGUNGU(tmp)" (SIGUNGU_ID,NAME,SIDO_ID) values (140,'성동구',9);
Insert into KING."SIGUNGU(tmp)" (SIGUNGU_ID,NAME,SIDO_ID) values (141,'성북구',9);
Insert into KING."SIGUNGU(tmp)" (SIGUNGU_ID,NAME,SIDO_ID) values (142,'송파구',9);
Insert into KING."SIGUNGU(tmp)" (SIGUNGU_ID,NAME,SIDO_ID) values (143,'양천구',9);
Insert into KING."SIGUNGU(tmp)" (SIGUNGU_ID,NAME,SIDO_ID) values (144,'영등포구',9);
Insert into KING."SIGUNGU(tmp)" (SIGUNGU_ID,NAME,SIDO_ID) values (145,'용산구',9);
Insert into KING."SIGUNGU(tmp)" (SIGUNGU_ID,NAME,SIDO_ID) values (146,'은평구',9);
Insert into KING."SIGUNGU(tmp)" (SIGUNGU_ID,NAME,SIDO_ID) values (147,'종로구',9);
Insert into KING."SIGUNGU(tmp)" (SIGUNGU_ID,NAME,SIDO_ID) values (148,'중구',9);
Insert into KING."SIGUNGU(tmp)" (SIGUNGU_ID,NAME,SIDO_ID) values (149,'중랑구',9);
Insert into KING."SIGUNGU(tmp)" (SIGUNGU_ID,NAME,SIDO_ID) values (150,'남구',10);
Insert into KING."SIGUNGU(tmp)" (SIGUNGU_ID,NAME,SIDO_ID) values (151,'동구',10);
Insert into KING."SIGUNGU(tmp)" (SIGUNGU_ID,NAME,SIDO_ID) values (152,'북구',10);
Insert into KING."SIGUNGU(tmp)" (SIGUNGU_ID,NAME,SIDO_ID) values (153,'중구',10);
Insert into KING."SIGUNGU(tmp)" (SIGUNGU_ID,NAME,SIDO_ID) values (154,'울주군',10);
Insert into KING."SIGUNGU(tmp)" (SIGUNGU_ID,NAME,SIDO_ID) values (155,'계양구',11);
Insert into KING."SIGUNGU(tmp)" (SIGUNGU_ID,NAME,SIDO_ID) values (156,'남구',11);
Insert into KING."SIGUNGU(tmp)" (SIGUNGU_ID,NAME,SIDO_ID) values (157,'남동구',11);
Insert into KING."SIGUNGU(tmp)" (SIGUNGU_ID,NAME,SIDO_ID) values (158,'동구',11);
Insert into KING."SIGUNGU(tmp)" (SIGUNGU_ID,NAME,SIDO_ID) values (159,'부평구',11);
Insert into KING."SIGUNGU(tmp)" (SIGUNGU_ID,NAME,SIDO_ID) values (160,'서구',11);
Insert into KING."SIGUNGU(tmp)" (SIGUNGU_ID,NAME,SIDO_ID) values (161,'연수구',11);
Insert into KING."SIGUNGU(tmp)" (SIGUNGU_ID,NAME,SIDO_ID) values (162,'중구',11);
Insert into KING."SIGUNGU(tmp)" (SIGUNGU_ID,NAME,SIDO_ID) values (163,'강화군',11);
Insert into KING."SIGUNGU(tmp)" (SIGUNGU_ID,NAME,SIDO_ID) values (164,'옹진군',11);
Insert into KING."SIGUNGU(tmp)" (SIGUNGU_ID,NAME,SIDO_ID) values (165,'광양시',12);
Insert into KING."SIGUNGU(tmp)" (SIGUNGU_ID,NAME,SIDO_ID) values (166,'나주시',12);
Insert into KING."SIGUNGU(tmp)" (SIGUNGU_ID,NAME,SIDO_ID) values (167,'목포시',12);
Insert into KING."SIGUNGU(tmp)" (SIGUNGU_ID,NAME,SIDO_ID) values (168,'순천시',12);
Insert into KING."SIGUNGU(tmp)" (SIGUNGU_ID,NAME,SIDO_ID) values (169,'여수시',12);
Insert into KING."SIGUNGU(tmp)" (SIGUNGU_ID,NAME,SIDO_ID) values (170,'강진군',12);
Insert into KING."SIGUNGU(tmp)" (SIGUNGU_ID,NAME,SIDO_ID) values (171,'고흥군',12);
Insert into KING."SIGUNGU(tmp)" (SIGUNGU_ID,NAME,SIDO_ID) values (172,'곡성군',12);
Insert into KING."SIGUNGU(tmp)" (SIGUNGU_ID,NAME,SIDO_ID) values (173,'구례군',12);
Insert into KING."SIGUNGU(tmp)" (SIGUNGU_ID,NAME,SIDO_ID) values (174,'담양군',12);
Insert into KING."SIGUNGU(tmp)" (SIGUNGU_ID,NAME,SIDO_ID) values (175,'무안군',12);
Insert into KING."SIGUNGU(tmp)" (SIGUNGU_ID,NAME,SIDO_ID) values (176,'보성군',12);
Insert into KING."SIGUNGU(tmp)" (SIGUNGU_ID,NAME,SIDO_ID) values (177,'신안군',12);
Insert into KING."SIGUNGU(tmp)" (SIGUNGU_ID,NAME,SIDO_ID) values (178,'영광군',12);
Insert into KING."SIGUNGU(tmp)" (SIGUNGU_ID,NAME,SIDO_ID) values (179,'영암군',12);
Insert into KING."SIGUNGU(tmp)" (SIGUNGU_ID,NAME,SIDO_ID) values (180,'완도군',12);
Insert into KING."SIGUNGU(tmp)" (SIGUNGU_ID,NAME,SIDO_ID) values (181,'장성군',12);
Insert into KING."SIGUNGU(tmp)" (SIGUNGU_ID,NAME,SIDO_ID) values (182,'장흥군',12);
Insert into KING."SIGUNGU(tmp)" (SIGUNGU_ID,NAME,SIDO_ID) values (183,'진도군',12);
Insert into KING."SIGUNGU(tmp)" (SIGUNGU_ID,NAME,SIDO_ID) values (184,'함평군',12);
Insert into KING."SIGUNGU(tmp)" (SIGUNGU_ID,NAME,SIDO_ID) values (185,'해남군',12);
Insert into KING."SIGUNGU(tmp)" (SIGUNGU_ID,NAME,SIDO_ID) values (186,'화순군',12);
Insert into KING."SIGUNGU(tmp)" (SIGUNGU_ID,NAME,SIDO_ID) values (187,'고창군',13);
Insert into KING."SIGUNGU(tmp)" (SIGUNGU_ID,NAME,SIDO_ID) values (188,'군산시',13);
Insert into KING."SIGUNGU(tmp)" (SIGUNGU_ID,NAME,SIDO_ID) values (189,'김제시',13);
Insert into KING."SIGUNGU(tmp)" (SIGUNGU_ID,NAME,SIDO_ID) values (190,'남원시',13);
Insert into KING."SIGUNGU(tmp)" (SIGUNGU_ID,NAME,SIDO_ID) values (191,'익산시',13);
Insert into KING."SIGUNGU(tmp)" (SIGUNGU_ID,NAME,SIDO_ID) values (192,'임실군',13);
Insert into KING."SIGUNGU(tmp)" (SIGUNGU_ID,NAME,SIDO_ID) values (193,'장수군',13);
Insert into KING."SIGUNGU(tmp)" (SIGUNGU_ID,NAME,SIDO_ID) values (194,'전주시',13);
Insert into KING."SIGUNGU(tmp)" (SIGUNGU_ID,NAME,SIDO_ID) values (195,'정읍시',13);
Insert into KING."SIGUNGU(tmp)" (SIGUNGU_ID,NAME,SIDO_ID) values (196,'진안군',13);
Insert into KING."SIGUNGU(tmp)" (SIGUNGU_ID,NAME,SIDO_ID) values (197,'서귀포시',14);
Insert into KING."SIGUNGU(tmp)" (SIGUNGU_ID,NAME,SIDO_ID) values (198,'제주시',14);
Insert into KING."SIGUNGU(tmp)" (SIGUNGU_ID,NAME,SIDO_ID) values (199,'보은군',15);
Insert into KING."SIGUNGU(tmp)" (SIGUNGU_ID,NAME,SIDO_ID) values (200,'영동군',15);
Insert into KING."SIGUNGU(tmp)" (SIGUNGU_ID,NAME,SIDO_ID) values (201,'옥천군',15);
Insert into KING."SIGUNGU(tmp)" (SIGUNGU_ID,NAME,SIDO_ID) values (202,'음성군',15);
Insert into KING."SIGUNGU(tmp)" (SIGUNGU_ID,NAME,SIDO_ID) values (203,'증평군',15);
Insert into KING."SIGUNGU(tmp)" (SIGUNGU_ID,NAME,SIDO_ID) values (204,'진천군',15);
Insert into KING."SIGUNGU(tmp)" (SIGUNGU_ID,NAME,SIDO_ID) values (205,'청원군',15);
Insert into KING."SIGUNGU(tmp)" (SIGUNGU_ID,NAME,SIDO_ID) values (206,'천안시',15);
Insert into KING."SIGUNGU(tmp)" (SIGUNGU_ID,NAME,SIDO_ID) values (207,'공주시',15);
Insert into KING."SIGUNGU(tmp)" (SIGUNGU_ID,NAME,SIDO_ID) values (208,'보령시',15);
Insert into KING."SIGUNGU(tmp)" (SIGUNGU_ID,NAME,SIDO_ID) values (209,'아산시',15);
Insert into KING."SIGUNGU(tmp)" (SIGUNGU_ID,NAME,SIDO_ID) values (210,'서산시',15);
Insert into KING."SIGUNGU(tmp)" (SIGUNGU_ID,NAME,SIDO_ID) values (211,'논산시',15);
Insert into KING."SIGUNGU(tmp)" (SIGUNGU_ID,NAME,SIDO_ID) values (212,'계룡시',15);
Insert into KING."SIGUNGU(tmp)" (SIGUNGU_ID,NAME,SIDO_ID) values (213,'당진시',15);
Insert into KING."SIGUNGU(tmp)" (SIGUNGU_ID,NAME,SIDO_ID) values (214,'금산군',16);
Insert into KING."SIGUNGU(tmp)" (SIGUNGU_ID,NAME,SIDO_ID) values (215,'부여군',16);
Insert into KING."SIGUNGU(tmp)" (SIGUNGU_ID,NAME,SIDO_ID) values (216,'서천군',16);
Insert into KING."SIGUNGU(tmp)" (SIGUNGU_ID,NAME,SIDO_ID) values (217,'청양군',16);
Insert into KING."SIGUNGU(tmp)" (SIGUNGU_ID,NAME,SIDO_ID) values (218,'홍성군',16);
Insert into KING."SIGUNGU(tmp)" (SIGUNGU_ID,NAME,SIDO_ID) values (219,'예산군',16);
Insert into KING."SIGUNGU(tmp)" (SIGUNGU_ID,NAME,SIDO_ID) values (220,'태안군',16);
Insert into KING."SIGUNGU(tmp)" (SIGUNGU_ID,NAME,SIDO_ID) values (221,'증평군',16);
Insert into KING."SIGUNGU(tmp)" (SIGUNGU_ID,NAME,SIDO_ID) values (222,'진천군',16);
Insert into KING."SIGUNGU(tmp)" (SIGUNGU_ID,NAME,SIDO_ID) values (223,'청주시',16);
Insert into KING."SIGUNGU(tmp)" (SIGUNGU_ID,NAME,SIDO_ID) values (999,'북구',6);
Insert into KING."SIGUNGU(tmp)" (SIGUNGU_ID,NAME,SIDO_ID) values (9999,'달성군',6);
Insert into KING."SIGUNGU(tmp)" (SIGUNGU_ID,NAME,SIDO_ID) values (99999,'대덕구',7);
Insert into KING."SIGUNGU(tmp)" (SIGUNGU_ID,NAME,SIDO_ID) values (999999,'동구',7);
Insert into KING."SIGUNGU(tmp)" (SIGUNGU_ID,NAME,SIDO_ID) values (9999999,'서구',7);
Insert into KING."SIGUNGU(tmp)" (SIGUNGU_ID,NAME,SIDO_ID) values (99999999,'수성구',7);
Insert into KING."SIGUNGU(tmp)" (SIGUNGU_ID,NAME,SIDO_ID) values (999999999,'중구',7);
Insert into KING."SIGUNGU(tmp)" (SIGUNGU_ID,NAME,SIDO_ID) values (9999999999,'달성군',7);
Insert into KING."SIGUNGU(tmp)" (SIGUNGU_ID,NAME,SIDO_ID) values (8888,'북제주군',14);
Insert into KING."SIGUNGU(tmp)" (SIGUNGU_ID,NAME,SIDO_ID) values (777,'제천시',15);
Insert into KING."SIGUNGU(tmp)" (SIGUNGU_ID,NAME,SIDO_ID) values (7777,'청주시',15);
Insert into KING."SIGUNGU(tmp)" (SIGUNGU_ID,NAME,SIDO_ID) values (77777,'충주시',15);
Insert into KING."SIGUNGU(tmp)" (SIGUNGU_ID,NAME,SIDO_ID) values (777777,'괴산군',15);
Insert into KING."SIGUNGU(tmp)" (SIGUNGU_ID,NAME,SIDO_ID) values (7777777,'단양군',15);
Insert into KING."SIGUNGU(tmp)" (SIGUNGU_ID,NAME,SIDO_ID) values (888,'남제주군',14);
REM INSERTING into KING.STADIUM
SET DEFINE OFF;
Insert into KING.STADIUM (STADIUM_NO,STADIUM_NAME,SIDO_NAME,SIGUNGU_NAME,DETAILED_ADDRESS,REG_DATE,CONTENT,STADIUM_STATUS,IMAGENAME) values (12,'김해운동장',3,51,'김해시 구산동 660번지',to_date('24/05/08','RR/MM/DD'),'김해운동장','이용불가','stadiumimg_12.jpg');
Insert into KING.STADIUM (STADIUM_NO,STADIUM_NAME,SIDO_NAME,SIGUNGU_NAME,DETAILED_ADDRESS,REG_DATE,CONTENT,STADIUM_STATUS,IMAGENAME) values (2,'서울어린이대공원 인조잔디축구장',9,132,'서울특별시 광진구 능동로 216',to_date('24/05/07','RR/MM/DD'),'서울어린이대공원 인조잔디축구장.
            ','이용불가','stadiumimg_2.jpg');
Insert into KING.STADIUM (STADIUM_NO,STADIUM_NAME,SIDO_NAME,SIGUNGU_NAME,DETAILED_ADDRESS,REG_DATE,CONTENT,STADIUM_STATUS,IMAGENAME) values (3,'잠실유수지 축구장',9,144,'서울특별시 송파구 탄천동로 211',to_date('24/05/07','RR/MM/DD'),'잠실유수지 축구장 ','사용가능','stadiumimg_3.jpg');
Insert into KING.STADIUM (STADIUM_NO,STADIUM_NAME,SIDO_NAME,SIGUNGU_NAME,DETAILED_ADDRESS,REG_DATE,CONTENT,STADIUM_STATUS,IMAGENAME) values (4,'월드컵 보조경기장',9,139,'서울 마포구 성산동 499',to_date('24/05/07','RR/MM/DD'),'월드컵 보조경기장 ','사용가능','stadiumimg_4.jpg');
Insert into KING.STADIUM (STADIUM_NO,STADIUM_NAME,SIDO_NAME,SIGUNGU_NAME,DETAILED_ADDRESS,REG_DATE,CONTENT,STADIUM_STATUS,IMAGENAME) values (5,'동작구 노들나루공원 축구장 ',9,138,'서울특별시 동작구 노량진로 247',to_date('24/05/07','RR/MM/DD'),'비로인한진흙','사용가능','stadiumimg_5.jpg');
Insert into KING.STADIUM (STADIUM_NO,STADIUM_NAME,SIDO_NAME,SIGUNGU_NAME,DETAILED_ADDRESS,REG_DATE,CONTENT,STADIUM_STATUS,IMAGENAME) values (6,'효창운동장',9,147,'서울특별시 용산구 효창원로 177-15',to_date('24/05/07','RR/MM/DD'),'효창운동장
            ','사용가능','stadiumimg_6.jpg');
Insert into KING.STADIUM (STADIUM_NO,STADIUM_NAME,SIDO_NAME,SIGUNGU_NAME,DETAILED_ADDRESS,REG_DATE,CONTENT,STADIUM_STATUS,IMAGENAME) values (7,'대구스타디움',6,103,'대구광역시 수성구 유니버시아드로 180',to_date('24/05/07','RR/MM/DD'),'공사중
            ','이용불가','stadiumimg_7.jpg');
Insert into KING.STADIUM (STADIUM_NO,STADIUM_NAME,SIDO_NAME,SIGUNGU_NAME,DETAILED_ADDRESS,REG_DATE,CONTENT,STADIUM_STATUS,IMAGENAME) values (8,'포항스틸야드',4,79,'경상북도 포항시 남구 문예로 10',to_date('24/05/07','RR/MM/DD'),'포항스틸야드','사용가능','stadiumimg_8.jpg');
Insert into KING.STADIUM (STADIUM_NO,STADIUM_NAME,SIDO_NAME,SIGUNGU_NAME,DETAILED_ADDRESS,REG_DATE,CONTENT,STADIUM_STATUS,IMAGENAME) values (9,'창원축구센터',3,58,'경상남도 창원시 성산구 원이대로 450',to_date('24/05/07','RR/MM/DD'),'창원축구센터','사용가능','stadiumimg_9.jpg');
Insert into KING.STADIUM (STADIUM_NO,STADIUM_NAME,SIDO_NAME,SIGUNGU_NAME,DETAILED_ADDRESS,REG_DATE,CONTENT,STADIUM_STATUS,IMAGENAME) values (10,'전주월드컵경기장',13,193,'전라북도 전주시 덕진구 기린대로 1000',to_date('24/05/07','RR/MM/DD'),'전주월드컵경기장','사용가능','stadiumimg_10.jpg');
Insert into KING.STADIUM (STADIUM_NO,STADIUM_NAME,SIDO_NAME,SIGUNGU_NAME,DETAILED_ADDRESS,REG_DATE,CONTENT,STADIUM_STATUS,IMAGENAME) values (11,'제주월드컵경기장',14,203,'제주특별자치도 서귀포시 월드컵로 33',to_date('24/05/07','RR/MM/DD'),'수리중
            ','이용불가','stadiumimg_11.jpg');
Insert into KING.STADIUM (STADIUM_NO,STADIUM_NAME,SIDO_NAME,SIGUNGU_NAME,DETAILED_ADDRESS,REG_DATE,CONTENT,STADIUM_STATUS,IMAGENAME) values (13,'수원월드컵경기장',2,30,'경기도 수원시 팔달구 월드컵로 310',to_date('24/05/08','RR/MM/DD'),'수원월드컵경기장','사용가능','stadiumimg_13.jpg');
Insert into KING.STADIUM (STADIUM_NO,STADIUM_NAME,SIDO_NAME,SIGUNGU_NAME,DETAILED_ADDRESS,REG_DATE,CONTENT,STADIUM_STATUS,IMAGENAME) values (14,'울산문수축구경기장',10,152,'울산광역시 남구 문수로 44',to_date('24/05/08','RR/MM/DD'),'울산문수축구경기장','이용불가','stadiumimg_14.jpg');
Insert into KING.STADIUM (STADIUM_NO,STADIUM_NAME,SIDO_NAME,SIGUNGU_NAME,DETAILED_ADDRESS,REG_DATE,CONTENT,STADIUM_STATUS,IMAGENAME) values (15,'대전월드컵경기장',7,109,'대전광역시 유성구 월드컵대로 32',to_date('24/05/08','RR/MM/DD'),'대전월드컵경기장','사용가능','stadiumimg_15.jpg');
Insert into KING.STADIUM (STADIUM_NO,STADIUM_NAME,SIDO_NAME,SIGUNGU_NAME,DETAILED_ADDRESS,REG_DATE,CONTENT,STADIUM_STATUS,IMAGENAME) values (16,'광주월드컵경기장',5,97,'광주광역시 서구 금화로 240',to_date('24/05/08','RR/MM/DD'),'광주월드컵경기장','사용가능','stadiumimg_16.jpg');
Insert into KING.STADIUM (STADIUM_NO,STADIUM_NAME,SIDO_NAME,SIGUNGU_NAME,DETAILED_ADDRESS,REG_DATE,CONTENT,STADIUM_STATUS,IMAGENAME) values (17,'인천문학경기장',11,159,'인천광역시 남동구 소래로 618',to_date('24/05/08','RR/MM/DD'),'인천문학경기장','사용가능','stadiumimg_17.jpg');
Insert into KING.STADIUM (STADIUM_NO,STADIUM_NAME,SIDO_NAME,SIGUNGU_NAME,DETAILED_ADDRESS,REG_DATE,CONTENT,STADIUM_STATUS,IMAGENAME) values (46,'과천디지털축구장',2,20,'경기도 과천시 가산동 459-16',to_date('24/05/23','RR/MM/DD'),'과천디지털축구장','사용가능','stadiumimg_46.jpg');
Insert into KING.STADIUM (STADIUM_NO,STADIUM_NAME,SIDO_NAME,SIGUNGU_NAME,DETAILED_ADDRESS,REG_DATE,CONTENT,STADIUM_STATUS,IMAGENAME) values (19,'부산아시아드주경기장',8,122,'부산광역시 연제구 월드컵대로 344',to_date('24/05/20','RR/MM/DD'),'부산아시아드주경기장','이용불가','stadiumimg_19.jpg');
Insert into KING.STADIUM (STADIUM_NO,STADIUM_NAME,SIDO_NAME,SIGUNGU_NAME,DETAILED_ADDRESS,REG_DATE,CONTENT,STADIUM_STATUS,IMAGENAME) values (20,'서울월드컵경기장',9,139,'서울특별시 마포구 월드컵로 240',to_date('24/05/21','RR/MM/DD'),'서울월드컵경기장','사용가능','stadiumimg_20.jpg');
Insert into KING.STADIUM (STADIUM_NO,STADIUM_NAME,SIDO_NAME,SIGUNGU_NAME,DETAILED_ADDRESS,REG_DATE,CONTENT,STADIUM_STATUS,IMAGENAME) values (21,'양동축구공원',12,170,'전라남도 순천시 양동길 35',to_date('24/05/21','RR/MM/DD'),'양동축구공원','사용가능','stadiumimg_21.jpg');
Insert into KING.STADIUM (STADIUM_NO,STADIUM_NAME,SIDO_NAME,SIGUNGU_NAME,DETAILED_ADDRESS,REG_DATE,CONTENT,STADIUM_STATUS,IMAGENAME) values (22,'안양종합운동장',2,34,'경기도 안양시 동안구 평촌대로 389',to_date('24/05/21','RR/MM/DD'),'안양종합운동장','사용가능','stadiumimg_22.jpg');
Insert into KING.STADIUM (STADIUM_NO,STADIUM_NAME,SIDO_NAME,SIGUNGU_NAME,DETAILED_ADDRESS,REG_DATE,CONTENT,STADIUM_STATUS,IMAGENAME) values (23,'성남탄천종합운동장',2,29,'경기도 성남시 수정구 탄천대로 250',to_date('24/05/21','RR/MM/DD'),'성남탄천종합운동장','사용가능','stadiumimg_23.jpg');
Insert into KING.STADIUM (STADIUM_NO,STADIUM_NAME,SIDO_NAME,SIGUNGU_NAME,DETAILED_ADDRESS,REG_DATE,CONTENT,STADIUM_STATUS,IMAGENAME) values (24,'춘천송암스포츠타운',1,6,'강원도 춘천시 스포츠타운길 124',to_date('24/05/21','RR/MM/DD'),'춘천송암스포츠타운','사용가능','stadiumimg_24.jpg');
Insert into KING.STADIUM (STADIUM_NO,STADIUM_NAME,SIDO_NAME,SIGUNGU_NAME,DETAILED_ADDRESS,REG_DATE,CONTENT,STADIUM_STATUS,IMAGENAME) values (25,'청주종합경기장',16,220,'충청북도 청주시 서원구 사직대로 229',to_date('24/05/21','RR/MM/DD'),'청주종합경기장','사용가능','stadiumimg_25.jpg');
Insert into KING.STADIUM (STADIUM_NO,STADIUM_NAME,SIDO_NAME,SIGUNGU_NAME,DETAILED_ADDRESS,REG_DATE,CONTENT,STADIUM_STATUS,IMAGENAME) values (26,'구로구민운동장',9,133,'서울특별시 구로구 구로동 129-4',to_date('24/05/21','RR/MM/DD'),'구로구민운동장','사용가능','stadiumimg_26.jpg');
Insert into KING.STADIUM (STADIUM_NO,STADIUM_NAME,SIDO_NAME,SIGUNGU_NAME,DETAILED_ADDRESS,REG_DATE,CONTENT,STADIUM_STATUS,IMAGENAME) values (27,'마포구민체육센터',9,139,'서울특별시 마포구 성산동 239-1',to_date('24/05/21','RR/MM/DD'),'마포구민체육센터 축구장','사용가능','stadiumimg_27.jpg');
Insert into KING.STADIUM (STADIUM_NO,STADIUM_NAME,SIDO_NAME,SIGUNGU_NAME,DETAILED_ADDRESS,REG_DATE,CONTENT,STADIUM_STATUS,IMAGENAME) values (28,'잠실종합운동장보조경기장',9,144,'서울특별시 송파구 올림픽로 25',to_date('24/05/21','RR/MM/DD'),'잠실종합운동장 보조경기장','사용가능','stadiumimg_28.jpg');
Insert into KING.STADIUM (STADIUM_NO,STADIUM_NAME,SIDO_NAME,SIGUNGU_NAME,DETAILED_ADDRESS,REG_DATE,CONTENT,STADIUM_STATUS,IMAGENAME) values (29,'중랑구민체육센터축구장',9,151,'서울특별시 중랑구 신내동 662',to_date('24/05/21','RR/MM/DD'),'중랑구민체육센터 축구장','사용가능','stadiumimg_29.jpg');
Insert into KING.STADIUM (STADIUM_NO,STADIUM_NAME,SIDO_NAME,SIGUNGU_NAME,DETAILED_ADDRESS,REG_DATE,CONTENT,STADIUM_STATUS,IMAGENAME) values (30,'노원구민체육센터축구장',9,135,'서울특별시 노원구 월계동 23',to_date('24/05/21','RR/MM/DD'),'노원구민체육센터축구장','사용가능','stadiumimg_30.jpg');
Insert into KING.STADIUM (STADIUM_NO,STADIUM_NAME,SIDO_NAME,SIGUNGU_NAME,DETAILED_ADDRESS,REG_DATE,CONTENT,STADIUM_STATUS,IMAGENAME) values (32,'고양종합운동장보조경기장',2,19,'경기도 고양시 덕양구 고양대로 1123',to_date('24/05/21','RR/MM/DD'),'고양종합운동장보조경기장','사용가능','stadiumimg_32.jpg');
Insert into KING.STADIUM (STADIUM_NO,STADIUM_NAME,SIDO_NAME,SIGUNGU_NAME,DETAILED_ADDRESS,REG_DATE,CONTENT,STADIUM_STATUS,IMAGENAME) values (33,'부천종합운동장보조경기장',2,28,'경기도 부천시 원미구 부천로 122',to_date('24/05/21','RR/MM/DD'),'부천종합운동장보조경기장','사용가능','stadiumimg_33.jpg');
Insert into KING.STADIUM (STADIUM_NO,STADIUM_NAME,SIDO_NAME,SIGUNGU_NAME,DETAILED_ADDRESS,REG_DATE,CONTENT,STADIUM_STATUS,IMAGENAME) values (34,'김포종합운동장',2,25,'경기도 김포시 걸포동 287',to_date('24/05/21','RR/MM/DD'),'김포종합운동장','사용가능','stadiumimg_34.jpg');
Insert into KING.STADIUM (STADIUM_NO,STADIUM_NAME,SIDO_NAME,SIGUNGU_NAME,DETAILED_ADDRESS,REG_DATE,CONTENT,STADIUM_STATUS,IMAGENAME) values (35,'파주운정체육공원축구장',2,41,'경기도 파주시 운정3동 1463-1',to_date('24/05/21','RR/MM/DD'),'파주운정체육공원 축구장','사용가능','stadiumimg_35.jpg');
Insert into KING.STADIUM (STADIUM_NO,STADIUM_NAME,SIDO_NAME,SIGUNGU_NAME,DETAILED_ADDRESS,REG_DATE,CONTENT,STADIUM_STATUS,IMAGENAME) values (36,'남양주종합운동장',2,26,'경기도 남양주시 다산동 4020',to_date('24/05/21','RR/MM/DD'),'남양주종합운동장','사용가능','stadiumimg_36.jpg');
Insert into KING.STADIUM (STADIUM_NO,STADIUM_NAME,SIDO_NAME,SIGUNGU_NAME,DETAILED_ADDRESS,REG_DATE,CONTENT,STADIUM_STATUS,IMAGENAME) values (37,'화성종합경기타운',2,45,'경기도 화성시 향남읍 발안로 105',to_date('24/05/21','RR/MM/DD'),'화성종합경기타운','사용가능','stadiumimg_37.jpg');
Insert into KING.STADIUM (STADIUM_NO,STADIUM_NAME,SIDO_NAME,SIGUNGU_NAME,DETAILED_ADDRESS,REG_DATE,CONTENT,STADIUM_STATUS,IMAGENAME) values (38,'광명운동장',2,21,'경기도 광명시 하안동 15-1',to_date('24/05/21','RR/MM/DD'),'광명운동장','사용가능','stadiumimg_38.jpg');
Insert into KING.STADIUM (STADIUM_NO,STADIUM_NAME,SIDO_NAME,SIGUNGU_NAME,DETAILED_ADDRESS,REG_DATE,CONTENT,STADIUM_STATUS,IMAGENAME) values (39,'의정부종합운동장',2,39,'경기도 의정부시 의정부동 437-1',to_date('24/05/21','RR/MM/DD'),'의정부종합운동장','사용가능','stadiumimg_39.jpg');
Insert into KING.STADIUM (STADIUM_NO,STADIUM_NAME,SIDO_NAME,SIGUNGU_NAME,DETAILED_ADDRESS,REG_DATE,CONTENT,STADIUM_STATUS,IMAGENAME) values (40,'마들스타디움',9,135,'서울특별시 노원구 덕릉로 90',to_date('24/05/21','RR/MM/DD'),'마들스타디움','사용가능','stadiumimg_40.jpg');
Insert into KING.STADIUM (STADIUM_NO,STADIUM_NAME,SIDO_NAME,SIGUNGU_NAME,DETAILED_ADDRESS,REG_DATE,CONTENT,STADIUM_STATUS,IMAGENAME) values (43,'강서구민운동장',9,130,'서울특별시 강서구 화곡동 341-6',to_date('24/05/21','RR/MM/DD'),'강서구민운동장','사용가능','stadiumimg_43.jpg');
Insert into KING.STADIUM (STADIUM_NO,STADIUM_NAME,SIDO_NAME,SIGUNGU_NAME,DETAILED_ADDRESS,REG_DATE,CONTENT,STADIUM_STATUS,IMAGENAME) values (44,'성동구민체육센터축구장',9,142,'서울특별시 성동구 무학로 32',to_date('24/05/21','RR/MM/DD'),'인조 잔디 교체로 사용 불가','이용불가','stadiumimg_44.jpg');
Insert into KING.STADIUM (STADIUM_NO,STADIUM_NAME,SIDO_NAME,SIGUNGU_NAME,DETAILED_ADDRESS,REG_DATE,CONTENT,STADIUM_STATUS,IMAGENAME) values (45,'은평구민체육센터축구장',9,148,'서울특별시 은평구 증산로 39',to_date('24/05/21','RR/MM/DD'),'라이트 보수 공사로 야간 경기는 불가능합니다','이용불가','stadiumimg_45.jpg');
REM INSERTING into KING.STADIUM_YANGDO
SET DEFINE OFF;
Insert into KING.STADIUM_YANGDO (YANGDO_NO,TITLE,WRITER,CONTENT,READCOUNT,REG_DATE,BOOKING_NO,STATUS,TRANSFERRED_TO) values (3,'경기장 양도합니다여(양도완료)',30,'경기장 양도합니다여',8,to_date('24/05/21','RR/MM/DD'),11,'양도완료',38);
Insert into KING.STADIUM_YANGDO (YANGDO_NO,TITLE,WRITER,CONTENT,READCOUNT,REG_DATE,BOOKING_NO,STATUS,TRANSFERRED_TO) values (4,'경기장 양도 등록1(양도완료)',39,'경기장 양도 등록1
            ',7,to_date('24/05/21','RR/MM/DD'),17,'양도완료',41);
Insert into KING.STADIUM_YANGDO (YANGDO_NO,TITLE,WRITER,CONTENT,READCOUNT,REG_DATE,BOOKING_NO,STATUS,TRANSFERRED_TO) values (5,'경기장 양도 등록2(양도완료)',39,'경기장 양도 등록2',9,to_date('24/05/21','RR/MM/DD'),16,'양도완료',41);
Insert into KING.STADIUM_YANGDO (YANGDO_NO,TITLE,WRITER,CONTENT,READCOUNT,REG_DATE,BOOKING_NO,STATUS,TRANSFERRED_TO) values (6,'경기장 양도 드립니다(양도완료)',30,'경기장 양도 드립니다',2,to_date('24/05/21','RR/MM/DD'),10,'양도완료',42);
Insert into KING.STADIUM_YANGDO (YANGDO_NO,TITLE,WRITER,CONTENT,READCOUNT,REG_DATE,BOOKING_NO,STATUS,TRANSFERRED_TO) values (7,'경기장 양도 아무나 가격 협의 가능(양도완료)',30,'경기장 양도 아무나 가격 협의 가능',2,to_date('24/05/21','RR/MM/DD'),20,'양도완료',38);
Insert into KING.STADIUM_YANGDO (YANGDO_NO,TITLE,WRITER,CONTENT,READCOUNT,REG_DATE,BOOKING_NO,STATUS,TRANSFERRED_TO) values (25,'6/23 노들나루공원 축구장 12-14 양도합니다(양도완료)',17,'6월 23일 노들나루공원 축구장 양도합니다
시간은 12-14시 입니다
양도 원하시는분 연락 양도하세요!!
            ',13,to_date('24/05/23','RR/MM/DD'),44,'양도완료',2);
Insert into KING.STADIUM_YANGDO (YANGDO_NO,TITLE,WRITER,CONTENT,READCOUNT,REG_DATE,BOOKING_NO,STATUS,TRANSFERRED_TO) values (8,'경기장 재양도합니다.(양도완료)',42,'사정이 생겨
경기장 재양도합니다.

아래 연락처로 연락 부탁합니다.

010-XXXX-XXXX



',3,to_date('24/05/21','RR/MM/DD'),10,'양도완료',2);
Insert into KING.STADIUM_YANGDO (YANGDO_NO,TITLE,WRITER,CONTENT,READCOUNT,REG_DATE,BOOKING_NO,STATUS,TRANSFERRED_TO) values (26,'경기장 양도해요',2,'제곧내',1,to_date('24/06/12','RR/MM/DD'),20,'양도중',null);
Insert into KING.STADIUM_YANGDO (YANGDO_NO,TITLE,WRITER,CONTENT,READCOUNT,REG_DATE,BOOKING_NO,STATUS,TRANSFERRED_TO) values (12,'양도 등록합니다ㅇ',42,'인천문학경기장 양도 등록합니다
            ㅇㅇ',5,to_date('24/05/21','RR/MM/DD'),15,'양도중',null);
Insert into KING.STADIUM_YANGDO (YANGDO_NO,TITLE,WRITER,CONTENT,READCOUNT,REG_DATE,BOOKING_NO,STATUS,TRANSFERRED_TO) values (13,'경기장 양도오오',42,'경기장 양도오오합니다',2,to_date('24/05/21','RR/MM/DD'),11,'양도중',null);
Insert into KING.STADIUM_YANGDO (YANGDO_NO,TITLE,WRITER,CONTENT,READCOUNT,REG_DATE,BOOKING_NO,STATUS,TRANSFERRED_TO) values (15,'성남탄천종합운동장 5월28일 14-16 양도합니다',4,'양도합니다!
            ',5,to_date('24/05/22','RR/MM/DD'),29,'양도중',null);
Insert into KING.STADIUM_YANGDO (YANGDO_NO,TITLE,WRITER,CONTENT,READCOUNT,REG_DATE,BOOKING_NO,STATUS,TRANSFERRED_TO) values (16,'포항스틸야드 06월09일 06-08 양도합니다',16,'구장 아주 좋아요~',1,to_date('24/05/22','RR/MM/DD'),30,'양도중',null);
Insert into KING.STADIUM_YANGDO (YANGDO_NO,TITLE,WRITER,CONTENT,READCOUNT,REG_DATE,BOOKING_NO,STATUS,TRANSFERRED_TO) values (17,'노원구민체육센터축구장 양도합니다',9,'6월 8일(토) 20-22시 양도합니다',1,to_date('24/05/22','RR/MM/DD'),31,'양도중',null);
Insert into KING.STADIUM_YANGDO (YANGDO_NO,TITLE,WRITER,CONTENT,READCOUNT,REG_DATE,BOOKING_NO,STATUS,TRANSFERRED_TO) values (18,'전주월드컵경기장 06-08 양도합니다',7,'6월 23일(일) 06-08시 양도합니다
월드컵 경기장 입니다!',2,to_date('24/05/22','RR/MM/DD'),32,'양도중',null);
Insert into KING.STADIUM_YANGDO (YANGDO_NO,TITLE,WRITER,CONTENT,READCOUNT,REG_DATE,BOOKING_NO,STATUS,TRANSFERRED_TO) values (19,'(평일)효창운동장(뭉찬사용구장) 양도합니다',28,'6월3일(월) 평일 20-22시 양도합니다',10,to_date('24/05/22','RR/MM/DD'),33,'양도중',null);
Insert into KING.STADIUM_YANGDO (YANGDO_NO,TITLE,WRITER,CONTENT,READCOUNT,REG_DATE,BOOKING_NO,STATUS,TRANSFERRED_TO) values (20,'서울어린이대공원 양도합니다(양도완료)',14,'6/22 10-12시 양도합니다!',10,to_date('24/05/22','RR/MM/DD'),34,'양도완료',23);
Insert into KING.STADIUM_YANGDO (YANGDO_NO,TITLE,WRITER,CONTENT,READCOUNT,REG_DATE,BOOKING_NO,STATUS,TRANSFERRED_TO) values (21,'양천해누리체육공원 양도함!',7,'흙 바닥 ㅠㅠ',4,to_date('24/05/22','RR/MM/DD'),35,'양도중',null);
Insert into KING.STADIUM_YANGDO (YANGDO_NO,TITLE,WRITER,CONTENT,READCOUNT,REG_DATE,BOOKING_NO,STATUS,TRANSFERRED_TO) values (22,'창원축구센터 6/12(수) 12-14시 양도합니다',29,'가져가세요!',7,to_date('24/05/22','RR/MM/DD'),36,'양도중',null);
Insert into KING.STADIUM_YANGDO (YANGDO_NO,TITLE,WRITER,CONTENT,READCOUNT,REG_DATE,BOOKING_NO,STATUS,TRANSFERRED_TO) values (23,'잠시유수지 축구장 양도합니다!!!!!!!!!!!',34,'5월28일 10~12시 싸게 양도합니다',27,to_date('24/05/22','RR/MM/DD'),37,'양도중',null);
Insert into KING.STADIUM_YANGDO (YANGDO_NO,TITLE,WRITER,CONTENT,READCOUNT,REG_DATE,BOOKING_NO,STATUS,TRANSFERRED_TO) values (24,'인천문학경기장 양도합니다~~~(양도완료)',23,'7월1일 20~22시 양도합니다~',45,to_date('24/05/22','RR/MM/DD'),38,'양도완료',2);
REM INSERTING into KING.TEAM
SET DEFINE OFF;
Insert into KING.TEAM (TEAM_NO,TEAM_NAME,TEAM_MASTER) values (1,'FC레전드',3);
Insert into KING.TEAM (TEAM_NO,TEAM_NAME,TEAM_MASTER) values (2,'FC양천',6);
Insert into KING.TEAM (TEAM_NO,TEAM_NAME,TEAM_MASTER) values (3,'축구연구회',9);
Insert into KING.TEAM (TEAM_NO,TEAM_NAME,TEAM_MASTER) values (4,'FC어금니',12);
Insert into KING.TEAM (TEAM_NO,TEAM_NAME,TEAM_MASTER) values (6,'FC코스모',30);
Insert into KING.TEAM (TEAM_NO,TEAM_NAME,TEAM_MASTER) values (5,'수유FC',29);
Insert into KING.TEAM (TEAM_NO,TEAM_NAME,TEAM_MASTER) values (7,'피닉스 유나이티드',2);
Insert into KING.TEAM (TEAM_NO,TEAM_NAME,TEAM_MASTER) values (8,'스트라이커스',1);
Insert into KING.TEAM (TEAM_NO,TEAM_NAME,TEAM_MASTER) values (9,'다이너모SC',39);
Insert into KING.TEAM (TEAM_NO,TEAM_NAME,TEAM_MASTER) values (10,'메가볼츠',14);
Insert into KING.TEAM (TEAM_NO,TEAM_NAME,TEAM_MASTER) values (11,'다크베어스',43);
Insert into KING.TEAM (TEAM_NO,TEAM_NAME,TEAM_MASTER) values (12,'드래곤 나이츠',15);
Insert into KING.TEAM (TEAM_NO,TEAM_NAME,TEAM_MASTER) values (13,'FC제우스',47);
Insert into KING.TEAM (TEAM_NO,TEAM_NAME,TEAM_MASTER) values (14,'FC레드불',48);
Insert into KING.TEAM (TEAM_NO,TEAM_NAME,TEAM_MASTER) values (15,'블루 윈드 FC',204);
Insert into KING.TEAM (TEAM_NO,TEAM_NAME,TEAM_MASTER) values (16,'써니 레이즈',95);
Insert into KING.TEAM (TEAM_NO,TEAM_NAME,TEAM_MASTER) values (17,'파워 스트라이커스',227);
Insert into KING.TEAM (TEAM_NO,TEAM_NAME,TEAM_MASTER) values (18,'미스틱 마스터즈',170);
Insert into KING.TEAM (TEAM_NO,TEAM_NAME,TEAM_MASTER) values (19,'골드 라이온스',246);
Insert into KING.TEAM (TEAM_NO,TEAM_NAME,TEAM_MASTER) values (20,'화이트 타이거즈',265);
Insert into KING.TEAM (TEAM_NO,TEAM_NAME,TEAM_MASTER) values (21,'썬더볼트 FC',276);
REM INSERTING into KING.TEAMMEMBOARD_DAY
SET DEFINE OFF;
Insert into KING.TEAMMEMBOARD_DAY (B_NO,DAY) values (48,1);
Insert into KING.TEAMMEMBOARD_DAY (B_NO,DAY) values (48,2);
Insert into KING.TEAMMEMBOARD_DAY (B_NO,DAY) values (48,3);
Insert into KING.TEAMMEMBOARD_DAY (B_NO,DAY) values (49,1);
Insert into KING.TEAMMEMBOARD_DAY (B_NO,DAY) values (49,2);
Insert into KING.TEAMMEMBOARD_DAY (B_NO,DAY) values (49,3);
Insert into KING.TEAMMEMBOARD_DAY (B_NO,DAY) values (49,4);
Insert into KING.TEAMMEMBOARD_DAY (B_NO,DAY) values (51,1);
Insert into KING.TEAMMEMBOARD_DAY (B_NO,DAY) values (53,7);
Insert into KING.TEAMMEMBOARD_DAY (B_NO,DAY) values (51,2);
Insert into KING.TEAMMEMBOARD_DAY (B_NO,DAY) values (51,3);
Insert into KING.TEAMMEMBOARD_DAY (B_NO,DAY) values (51,4);
Insert into KING.TEAMMEMBOARD_DAY (B_NO,DAY) values (51,5);
Insert into KING.TEAMMEMBOARD_DAY (B_NO,DAY) values (52,6);
Insert into KING.TEAMMEMBOARD_DAY (B_NO,DAY) values (54,6);
Insert into KING.TEAMMEMBOARD_DAY (B_NO,DAY) values (55,6);
Insert into KING.TEAMMEMBOARD_DAY (B_NO,DAY) values (56,1);
Insert into KING.TEAMMEMBOARD_DAY (B_NO,DAY) values (57,1);
Insert into KING.TEAMMEMBOARD_DAY (B_NO,DAY) values (57,2);
Insert into KING.TEAMMEMBOARD_DAY (B_NO,DAY) values (57,3);
Insert into KING.TEAMMEMBOARD_DAY (B_NO,DAY) values (57,4);
Insert into KING.TEAMMEMBOARD_DAY (B_NO,DAY) values (57,5);
Insert into KING.TEAMMEMBOARD_DAY (B_NO,DAY) values (58,7);
Insert into KING.TEAMMEMBOARD_DAY (B_NO,DAY) values (59,6);
Insert into KING.TEAMMEMBOARD_DAY (B_NO,DAY) values (59,7);
Insert into KING.TEAMMEMBOARD_DAY (B_NO,DAY) values (60,4);
Insert into KING.TEAMMEMBOARD_DAY (B_NO,DAY) values (61,1);
Insert into KING.TEAMMEMBOARD_DAY (B_NO,DAY) values (61,2);
Insert into KING.TEAMMEMBOARD_DAY (B_NO,DAY) values (61,3);
Insert into KING.TEAMMEMBOARD_DAY (B_NO,DAY) values (61,4);
Insert into KING.TEAMMEMBOARD_DAY (B_NO,DAY) values (38,3);
Insert into KING.TEAMMEMBOARD_DAY (B_NO,DAY) values (38,4);
Insert into KING.TEAMMEMBOARD_DAY (B_NO,DAY) values (38,5);
Insert into KING.TEAMMEMBOARD_DAY (B_NO,DAY) values (61,5);
Insert into KING.TEAMMEMBOARD_DAY (B_NO,DAY) values (62,7);
Insert into KING.TEAMMEMBOARD_DAY (B_NO,DAY) values (63,6);
Insert into KING.TEAMMEMBOARD_DAY (B_NO,DAY) values (63,7);
Insert into KING.TEAMMEMBOARD_DAY (B_NO,DAY) values (64,3);
Insert into KING.TEAMMEMBOARD_DAY (B_NO,DAY) values (32,3);
Insert into KING.TEAMMEMBOARD_DAY (B_NO,DAY) values (32,4);
Insert into KING.TEAMMEMBOARD_DAY (B_NO,DAY) values (32,5);
Insert into KING.TEAMMEMBOARD_DAY (B_NO,DAY) values (65,6);
Insert into KING.TEAMMEMBOARD_DAY (B_NO,DAY) values (65,7);
Insert into KING.TEAMMEMBOARD_DAY (B_NO,DAY) values (66,6);
Insert into KING.TEAMMEMBOARD_DAY (B_NO,DAY) values (66,7);
Insert into KING.TEAMMEMBOARD_DAY (B_NO,DAY) values (67,2);
Insert into KING.TEAMMEMBOARD_DAY (B_NO,DAY) values (32,6);
Insert into KING.TEAMMEMBOARD_DAY (B_NO,DAY) values (40,4);
Insert into KING.TEAMMEMBOARD_DAY (B_NO,DAY) values (40,5);
Insert into KING.TEAMMEMBOARD_DAY (B_NO,DAY) values (39,2);
Insert into KING.TEAMMEMBOARD_DAY (B_NO,DAY) values (39,3);
Insert into KING.TEAMMEMBOARD_DAY (B_NO,DAY) values (49,5);
Insert into KING.TEAMMEMBOARD_DAY (B_NO,DAY) values (50,6);
Insert into KING.TEAMMEMBOARD_DAY (B_NO,DAY) values (40,6);
Insert into KING.TEAMMEMBOARD_DAY (B_NO,DAY) values (41,6);
Insert into KING.TEAMMEMBOARD_DAY (B_NO,DAY) values (41,7);
Insert into KING.TEAMMEMBOARD_DAY (B_NO,DAY) values (44,3);
Insert into KING.TEAMMEMBOARD_DAY (B_NO,DAY) values (44,4);
Insert into KING.TEAMMEMBOARD_DAY (B_NO,DAY) values (44,5);
Insert into KING.TEAMMEMBOARD_DAY (B_NO,DAY) values (47,5);
Insert into KING.TEAMMEMBOARD_DAY (B_NO,DAY) values (47,6);
Insert into KING.TEAMMEMBOARD_DAY (B_NO,DAY) values (47,7);
Insert into KING.TEAMMEMBOARD_DAY (B_NO,DAY) values (50,7);
REM INSERTING into KING.TEAMMEMBOARD_POS
SET DEFINE OFF;
REM INSERTING into KING.TEAMMEMBOARD_TIME
SET DEFINE OFF;
Insert into KING.TEAMMEMBOARD_TIME (B_NO,TIME) values (48,'오전');
Insert into KING.TEAMMEMBOARD_TIME (B_NO,TIME) values (49,'새벽');
Insert into KING.TEAMMEMBOARD_TIME (B_NO,TIME) values (49,'야간');
Insert into KING.TEAMMEMBOARD_TIME (B_NO,TIME) values (49,'오전');
Insert into KING.TEAMMEMBOARD_TIME (B_NO,TIME) values (49,'오후');
Insert into KING.TEAMMEMBOARD_TIME (B_NO,TIME) values (50,'새벽');
Insert into KING.TEAMMEMBOARD_TIME (B_NO,TIME) values (51,'오후');
Insert into KING.TEAMMEMBOARD_TIME (B_NO,TIME) values (53,'야간');
Insert into KING.TEAMMEMBOARD_TIME (B_NO,TIME) values (52,'새벽');
Insert into KING.TEAMMEMBOARD_TIME (B_NO,TIME) values (54,'새벽');
Insert into KING.TEAMMEMBOARD_TIME (B_NO,TIME) values (54,'오전');
Insert into KING.TEAMMEMBOARD_TIME (B_NO,TIME) values (55,'새벽');
Insert into KING.TEAMMEMBOARD_TIME (B_NO,TIME) values (56,'새벽');
Insert into KING.TEAMMEMBOARD_TIME (B_NO,TIME) values (57,'오후');
Insert into KING.TEAMMEMBOARD_TIME (B_NO,TIME) values (58,'새벽');
Insert into KING.TEAMMEMBOARD_TIME (B_NO,TIME) values (59,'오전');
Insert into KING.TEAMMEMBOARD_TIME (B_NO,TIME) values (60,'야간');
Insert into KING.TEAMMEMBOARD_TIME (B_NO,TIME) values (61,'야간');
Insert into KING.TEAMMEMBOARD_TIME (B_NO,TIME) values (62,'새벽');
Insert into KING.TEAMMEMBOARD_TIME (B_NO,TIME) values (63,'새벽');
Insert into KING.TEAMMEMBOARD_TIME (B_NO,TIME) values (64,'야간');
Insert into KING.TEAMMEMBOARD_TIME (B_NO,TIME) values (64,'오후');
Insert into KING.TEAMMEMBOARD_TIME (B_NO,TIME) values (38,'새벽');
Insert into KING.TEAMMEMBOARD_TIME (B_NO,TIME) values (38,'야간');
Insert into KING.TEAMMEMBOARD_TIME (B_NO,TIME) values (39,'오전');
Insert into KING.TEAMMEMBOARD_TIME (B_NO,TIME) values (65,'오전');
Insert into KING.TEAMMEMBOARD_TIME (B_NO,TIME) values (66,'새벽');
Insert into KING.TEAMMEMBOARD_TIME (B_NO,TIME) values (67,'오전');
Insert into KING.TEAMMEMBOARD_TIME (B_NO,TIME) values (32,'새벽');
Insert into KING.TEAMMEMBOARD_TIME (B_NO,TIME) values (32,'야간');
Insert into KING.TEAMMEMBOARD_TIME (B_NO,TIME) values (32,'오후');
Insert into KING.TEAMMEMBOARD_TIME (B_NO,TIME) values (40,'야간');
Insert into KING.TEAMMEMBOARD_TIME (B_NO,TIME) values (41,'새벽');
Insert into KING.TEAMMEMBOARD_TIME (B_NO,TIME) values (44,'오전');
Insert into KING.TEAMMEMBOARD_TIME (B_NO,TIME) values (44,'오후');
Insert into KING.TEAMMEMBOARD_TIME (B_NO,TIME) values (47,'야간');
Insert into KING.TEAMMEMBOARD_TIME (B_NO,TIME) values (47,'오후');
REM INSERTING into KING.TEAM_MEMBER
SET DEFINE OFF;
Insert into KING.TEAM_MEMBER (TEAM_NO,TEAM_MEMBER) values (1,3);
Insert into KING.TEAM_MEMBER (TEAM_NO,TEAM_MEMBER) values (6,4);
Insert into KING.TEAM_MEMBER (TEAM_NO,TEAM_MEMBER) values (6,5);
Insert into KING.TEAM_MEMBER (TEAM_NO,TEAM_MEMBER) values (2,6);
Insert into KING.TEAM_MEMBER (TEAM_NO,TEAM_MEMBER) values (6,7);
Insert into KING.TEAM_MEMBER (TEAM_NO,TEAM_MEMBER) values (6,8);
Insert into KING.TEAM_MEMBER (TEAM_NO,TEAM_MEMBER) values (3,9);
Insert into KING.TEAM_MEMBER (TEAM_NO,TEAM_MEMBER) values (6,10);
Insert into KING.TEAM_MEMBER (TEAM_NO,TEAM_MEMBER) values (6,11);
Insert into KING.TEAM_MEMBER (TEAM_NO,TEAM_MEMBER) values (4,12);
Insert into KING.TEAM_MEMBER (TEAM_NO,TEAM_MEMBER) values (5,13);
Insert into KING.TEAM_MEMBER (TEAM_NO,TEAM_MEMBER) values (10,14);
Insert into KING.TEAM_MEMBER (TEAM_NO,TEAM_MEMBER) values (5,29);
Insert into KING.TEAM_MEMBER (TEAM_NO,TEAM_MEMBER) values (6,30);
Insert into KING.TEAM_MEMBER (TEAM_NO,TEAM_MEMBER) values (7,2);
Insert into KING.TEAM_MEMBER (TEAM_NO,TEAM_MEMBER) values (8,1);
Insert into KING.TEAM_MEMBER (TEAM_NO,TEAM_MEMBER) values (12,15);
Insert into KING.TEAM_MEMBER (TEAM_NO,TEAM_MEMBER) values (6,16);
Insert into KING.TEAM_MEMBER (TEAM_NO,TEAM_MEMBER) values (5,17);
Insert into KING.TEAM_MEMBER (TEAM_NO,TEAM_MEMBER) values (5,18);
Insert into KING.TEAM_MEMBER (TEAM_NO,TEAM_MEMBER) values (5,19);
Insert into KING.TEAM_MEMBER (TEAM_NO,TEAM_MEMBER) values (5,20);
Insert into KING.TEAM_MEMBER (TEAM_NO,TEAM_MEMBER) values (6,21);
Insert into KING.TEAM_MEMBER (TEAM_NO,TEAM_MEMBER) values (6,22);
Insert into KING.TEAM_MEMBER (TEAM_NO,TEAM_MEMBER) values (6,23);
Insert into KING.TEAM_MEMBER (TEAM_NO,TEAM_MEMBER) values (7,24);
Insert into KING.TEAM_MEMBER (TEAM_NO,TEAM_MEMBER) values (7,25);
Insert into KING.TEAM_MEMBER (TEAM_NO,TEAM_MEMBER) values (7,26);
Insert into KING.TEAM_MEMBER (TEAM_NO,TEAM_MEMBER) values (7,27);
Insert into KING.TEAM_MEMBER (TEAM_NO,TEAM_MEMBER) values (8,28);
Insert into KING.TEAM_MEMBER (TEAM_NO,TEAM_MEMBER) values (8,31);
Insert into KING.TEAM_MEMBER (TEAM_NO,TEAM_MEMBER) values (8,32);
Insert into KING.TEAM_MEMBER (TEAM_NO,TEAM_MEMBER) values (5,33);
Insert into KING.TEAM_MEMBER (TEAM_NO,TEAM_MEMBER) values (5,34);
Insert into KING.TEAM_MEMBER (TEAM_NO,TEAM_MEMBER) values (5,35);
Insert into KING.TEAM_MEMBER (TEAM_NO,TEAM_MEMBER) values (5,36);
Insert into KING.TEAM_MEMBER (TEAM_NO,TEAM_MEMBER) values (6,37);
Insert into KING.TEAM_MEMBER (TEAM_NO,TEAM_MEMBER) values (9,39);
Insert into KING.TEAM_MEMBER (TEAM_NO,TEAM_MEMBER) values (6,38);
Insert into KING.TEAM_MEMBER (TEAM_NO,TEAM_MEMBER) values (10,41);
Insert into KING.TEAM_MEMBER (TEAM_NO,TEAM_MEMBER) values (6,42);
Insert into KING.TEAM_MEMBER (TEAM_NO,TEAM_MEMBER) values (11,43);
Insert into KING.TEAM_MEMBER (TEAM_NO,TEAM_MEMBER) values (6,44);
Insert into KING.TEAM_MEMBER (TEAM_NO,TEAM_MEMBER) values (12,45);
Insert into KING.TEAM_MEMBER (TEAM_NO,TEAM_MEMBER) values (13,47);
Insert into KING.TEAM_MEMBER (TEAM_NO,TEAM_MEMBER) values (7,46);
Insert into KING.TEAM_MEMBER (TEAM_NO,TEAM_MEMBER) values (14,48);
Insert into KING.TEAM_MEMBER (TEAM_NO,TEAM_MEMBER) values (1,40);
Insert into KING.TEAM_MEMBER (TEAM_NO,TEAM_MEMBER) values (1,49);
Insert into KING.TEAM_MEMBER (TEAM_NO,TEAM_MEMBER) values (1,50);
Insert into KING.TEAM_MEMBER (TEAM_NO,TEAM_MEMBER) values (1,51);
Insert into KING.TEAM_MEMBER (TEAM_NO,TEAM_MEMBER) values (1,52);
Insert into KING.TEAM_MEMBER (TEAM_NO,TEAM_MEMBER) values (1,53);
Insert into KING.TEAM_MEMBER (TEAM_NO,TEAM_MEMBER) values (1,54);
Insert into KING.TEAM_MEMBER (TEAM_NO,TEAM_MEMBER) values (1,55);
Insert into KING.TEAM_MEMBER (TEAM_NO,TEAM_MEMBER) values (1,56);
Insert into KING.TEAM_MEMBER (TEAM_NO,TEAM_MEMBER) values (1,57);
Insert into KING.TEAM_MEMBER (TEAM_NO,TEAM_MEMBER) values (2,58);
Insert into KING.TEAM_MEMBER (TEAM_NO,TEAM_MEMBER) values (2,59);
Insert into KING.TEAM_MEMBER (TEAM_NO,TEAM_MEMBER) values (2,60);
Insert into KING.TEAM_MEMBER (TEAM_NO,TEAM_MEMBER) values (2,61);
Insert into KING.TEAM_MEMBER (TEAM_NO,TEAM_MEMBER) values (2,62);
Insert into KING.TEAM_MEMBER (TEAM_NO,TEAM_MEMBER) values (2,63);
Insert into KING.TEAM_MEMBER (TEAM_NO,TEAM_MEMBER) values (2,64);
Insert into KING.TEAM_MEMBER (TEAM_NO,TEAM_MEMBER) values (2,65);
Insert into KING.TEAM_MEMBER (TEAM_NO,TEAM_MEMBER) values (2,66);
Insert into KING.TEAM_MEMBER (TEAM_NO,TEAM_MEMBER) values (2,67);
Insert into KING.TEAM_MEMBER (TEAM_NO,TEAM_MEMBER) values (2,68);
Insert into KING.TEAM_MEMBER (TEAM_NO,TEAM_MEMBER) values (3,69);
Insert into KING.TEAM_MEMBER (TEAM_NO,TEAM_MEMBER) values (3,70);
Insert into KING.TEAM_MEMBER (TEAM_NO,TEAM_MEMBER) values (3,71);
Insert into KING.TEAM_MEMBER (TEAM_NO,TEAM_MEMBER) values (3,72);
Insert into KING.TEAM_MEMBER (TEAM_NO,TEAM_MEMBER) values (3,73);
Insert into KING.TEAM_MEMBER (TEAM_NO,TEAM_MEMBER) values (3,74);
Insert into KING.TEAM_MEMBER (TEAM_NO,TEAM_MEMBER) values (3,75);
Insert into KING.TEAM_MEMBER (TEAM_NO,TEAM_MEMBER) values (3,76);
Insert into KING.TEAM_MEMBER (TEAM_NO,TEAM_MEMBER) values (3,77);
Insert into KING.TEAM_MEMBER (TEAM_NO,TEAM_MEMBER) values (3,78);
Insert into KING.TEAM_MEMBER (TEAM_NO,TEAM_MEMBER) values (3,79);
Insert into KING.TEAM_MEMBER (TEAM_NO,TEAM_MEMBER) values (4,80);
Insert into KING.TEAM_MEMBER (TEAM_NO,TEAM_MEMBER) values (4,81);
Insert into KING.TEAM_MEMBER (TEAM_NO,TEAM_MEMBER) values (4,82);
Insert into KING.TEAM_MEMBER (TEAM_NO,TEAM_MEMBER) values (4,83);
Insert into KING.TEAM_MEMBER (TEAM_NO,TEAM_MEMBER) values (4,84);
Insert into KING.TEAM_MEMBER (TEAM_NO,TEAM_MEMBER) values (4,85);
Insert into KING.TEAM_MEMBER (TEAM_NO,TEAM_MEMBER) values (4,86);
Insert into KING.TEAM_MEMBER (TEAM_NO,TEAM_MEMBER) values (4,87);
Insert into KING.TEAM_MEMBER (TEAM_NO,TEAM_MEMBER) values (4,88);
Insert into KING.TEAM_MEMBER (TEAM_NO,TEAM_MEMBER) values (4,89);
Insert into KING.TEAM_MEMBER (TEAM_NO,TEAM_MEMBER) values (4,90);
Insert into KING.TEAM_MEMBER (TEAM_NO,TEAM_MEMBER) values (4,91);
Insert into KING.TEAM_MEMBER (TEAM_NO,TEAM_MEMBER) values (4,92);
Insert into KING.TEAM_MEMBER (TEAM_NO,TEAM_MEMBER) values (5,93);
Insert into KING.TEAM_MEMBER (TEAM_NO,TEAM_MEMBER) values (7,94);
Insert into KING.TEAM_MEMBER (TEAM_NO,TEAM_MEMBER) values (7,96);
Insert into KING.TEAM_MEMBER (TEAM_NO,TEAM_MEMBER) values (7,98);
Insert into KING.TEAM_MEMBER (TEAM_NO,TEAM_MEMBER) values (7,99);
Insert into KING.TEAM_MEMBER (TEAM_NO,TEAM_MEMBER) values (7,100);
Insert into KING.TEAM_MEMBER (TEAM_NO,TEAM_MEMBER) values (7,104);
Insert into KING.TEAM_MEMBER (TEAM_NO,TEAM_MEMBER) values (7,105);
Insert into KING.TEAM_MEMBER (TEAM_NO,TEAM_MEMBER) values (7,106);
Insert into KING.TEAM_MEMBER (TEAM_NO,TEAM_MEMBER) values (7,108);
Insert into KING.TEAM_MEMBER (TEAM_NO,TEAM_MEMBER) values (8,110);
Insert into KING.TEAM_MEMBER (TEAM_NO,TEAM_MEMBER) values (8,111);
Insert into KING.TEAM_MEMBER (TEAM_NO,TEAM_MEMBER) values (8,112);
Insert into KING.TEAM_MEMBER (TEAM_NO,TEAM_MEMBER) values (8,113);
Insert into KING.TEAM_MEMBER (TEAM_NO,TEAM_MEMBER) values (8,114);
Insert into KING.TEAM_MEMBER (TEAM_NO,TEAM_MEMBER) values (8,115);
Insert into KING.TEAM_MEMBER (TEAM_NO,TEAM_MEMBER) values (8,116);
Insert into KING.TEAM_MEMBER (TEAM_NO,TEAM_MEMBER) values (8,120);
Insert into KING.TEAM_MEMBER (TEAM_NO,TEAM_MEMBER) values (9,121);
Insert into KING.TEAM_MEMBER (TEAM_NO,TEAM_MEMBER) values (9,122);
Insert into KING.TEAM_MEMBER (TEAM_NO,TEAM_MEMBER) values (9,123);
Insert into KING.TEAM_MEMBER (TEAM_NO,TEAM_MEMBER) values (9,125);
Insert into KING.TEAM_MEMBER (TEAM_NO,TEAM_MEMBER) values (9,126);
Insert into KING.TEAM_MEMBER (TEAM_NO,TEAM_MEMBER) values (9,127);
Insert into KING.TEAM_MEMBER (TEAM_NO,TEAM_MEMBER) values (9,128);
Insert into KING.TEAM_MEMBER (TEAM_NO,TEAM_MEMBER) values (9,129);
Insert into KING.TEAM_MEMBER (TEAM_NO,TEAM_MEMBER) values (9,130);
Insert into KING.TEAM_MEMBER (TEAM_NO,TEAM_MEMBER) values (9,131);
Insert into KING.TEAM_MEMBER (TEAM_NO,TEAM_MEMBER) values (10,132);
Insert into KING.TEAM_MEMBER (TEAM_NO,TEAM_MEMBER) values (10,133);
Insert into KING.TEAM_MEMBER (TEAM_NO,TEAM_MEMBER) values (10,136);
Insert into KING.TEAM_MEMBER (TEAM_NO,TEAM_MEMBER) values (10,137);
Insert into KING.TEAM_MEMBER (TEAM_NO,TEAM_MEMBER) values (10,138);
Insert into KING.TEAM_MEMBER (TEAM_NO,TEAM_MEMBER) values (10,139);
Insert into KING.TEAM_MEMBER (TEAM_NO,TEAM_MEMBER) values (10,140);
Insert into KING.TEAM_MEMBER (TEAM_NO,TEAM_MEMBER) values (10,141);
Insert into KING.TEAM_MEMBER (TEAM_NO,TEAM_MEMBER) values (10,144);
Insert into KING.TEAM_MEMBER (TEAM_NO,TEAM_MEMBER) values (11,145);
Insert into KING.TEAM_MEMBER (TEAM_NO,TEAM_MEMBER) values (11,146);
Insert into KING.TEAM_MEMBER (TEAM_NO,TEAM_MEMBER) values (11,147);
Insert into KING.TEAM_MEMBER (TEAM_NO,TEAM_MEMBER) values (11,149);
Insert into KING.TEAM_MEMBER (TEAM_NO,TEAM_MEMBER) values (11,150);
Insert into KING.TEAM_MEMBER (TEAM_NO,TEAM_MEMBER) values (11,151);
Insert into KING.TEAM_MEMBER (TEAM_NO,TEAM_MEMBER) values (11,152);
Insert into KING.TEAM_MEMBER (TEAM_NO,TEAM_MEMBER) values (11,153);
Insert into KING.TEAM_MEMBER (TEAM_NO,TEAM_MEMBER) values (11,154);
Insert into KING.TEAM_MEMBER (TEAM_NO,TEAM_MEMBER) values (11,155);
Insert into KING.TEAM_MEMBER (TEAM_NO,TEAM_MEMBER) values (11,156);
Insert into KING.TEAM_MEMBER (TEAM_NO,TEAM_MEMBER) values (12,157);
Insert into KING.TEAM_MEMBER (TEAM_NO,TEAM_MEMBER) values (12,158);
Insert into KING.TEAM_MEMBER (TEAM_NO,TEAM_MEMBER) values (12,159);
Insert into KING.TEAM_MEMBER (TEAM_NO,TEAM_MEMBER) values (12,160);
Insert into KING.TEAM_MEMBER (TEAM_NO,TEAM_MEMBER) values (12,161);
Insert into KING.TEAM_MEMBER (TEAM_NO,TEAM_MEMBER) values (12,162);
Insert into KING.TEAM_MEMBER (TEAM_NO,TEAM_MEMBER) values (12,163);
Insert into KING.TEAM_MEMBER (TEAM_NO,TEAM_MEMBER) values (12,165);
Insert into KING.TEAM_MEMBER (TEAM_NO,TEAM_MEMBER) values (12,169);
Insert into KING.TEAM_MEMBER (TEAM_NO,TEAM_MEMBER) values (12,175);
Insert into KING.TEAM_MEMBER (TEAM_NO,TEAM_MEMBER) values (12,176);
Insert into KING.TEAM_MEMBER (TEAM_NO,TEAM_MEMBER) values (12,177);
Insert into KING.TEAM_MEMBER (TEAM_NO,TEAM_MEMBER) values (12,178);
Insert into KING.TEAM_MEMBER (TEAM_NO,TEAM_MEMBER) values (13,179);
Insert into KING.TEAM_MEMBER (TEAM_NO,TEAM_MEMBER) values (13,180);
Insert into KING.TEAM_MEMBER (TEAM_NO,TEAM_MEMBER) values (13,181);
Insert into KING.TEAM_MEMBER (TEAM_NO,TEAM_MEMBER) values (13,182);
Insert into KING.TEAM_MEMBER (TEAM_NO,TEAM_MEMBER) values (13,183);
Insert into KING.TEAM_MEMBER (TEAM_NO,TEAM_MEMBER) values (13,184);
Insert into KING.TEAM_MEMBER (TEAM_NO,TEAM_MEMBER) values (13,185);
Insert into KING.TEAM_MEMBER (TEAM_NO,TEAM_MEMBER) values (13,186);
Insert into KING.TEAM_MEMBER (TEAM_NO,TEAM_MEMBER) values (13,187);
Insert into KING.TEAM_MEMBER (TEAM_NO,TEAM_MEMBER) values (13,188);
Insert into KING.TEAM_MEMBER (TEAM_NO,TEAM_MEMBER) values (13,189);
Insert into KING.TEAM_MEMBER (TEAM_NO,TEAM_MEMBER) values (13,190);
Insert into KING.TEAM_MEMBER (TEAM_NO,TEAM_MEMBER) values (13,191);
Insert into KING.TEAM_MEMBER (TEAM_NO,TEAM_MEMBER) values (14,192);
Insert into KING.TEAM_MEMBER (TEAM_NO,TEAM_MEMBER) values (14,193);
Insert into KING.TEAM_MEMBER (TEAM_NO,TEAM_MEMBER) values (14,194);
Insert into KING.TEAM_MEMBER (TEAM_NO,TEAM_MEMBER) values (14,195);
Insert into KING.TEAM_MEMBER (TEAM_NO,TEAM_MEMBER) values (14,196);
Insert into KING.TEAM_MEMBER (TEAM_NO,TEAM_MEMBER) values (14,197);
Insert into KING.TEAM_MEMBER (TEAM_NO,TEAM_MEMBER) values (14,198);
Insert into KING.TEAM_MEMBER (TEAM_NO,TEAM_MEMBER) values (14,199);
Insert into KING.TEAM_MEMBER (TEAM_NO,TEAM_MEMBER) values (14,200);
Insert into KING.TEAM_MEMBER (TEAM_NO,TEAM_MEMBER) values (14,201);
Insert into KING.TEAM_MEMBER (TEAM_NO,TEAM_MEMBER) values (14,202);
Insert into KING.TEAM_MEMBER (TEAM_NO,TEAM_MEMBER) values (14,203);
Insert into KING.TEAM_MEMBER (TEAM_NO,TEAM_MEMBER) values (15,204);
Insert into KING.TEAM_MEMBER (TEAM_NO,TEAM_MEMBER) values (15,205);
Insert into KING.TEAM_MEMBER (TEAM_NO,TEAM_MEMBER) values (15,211);
Insert into KING.TEAM_MEMBER (TEAM_NO,TEAM_MEMBER) values (15,212);
Insert into KING.TEAM_MEMBER (TEAM_NO,TEAM_MEMBER) values (15,213);
Insert into KING.TEAM_MEMBER (TEAM_NO,TEAM_MEMBER) values (15,214);
Insert into KING.TEAM_MEMBER (TEAM_NO,TEAM_MEMBER) values (15,215);
Insert into KING.TEAM_MEMBER (TEAM_NO,TEAM_MEMBER) values (15,216);
Insert into KING.TEAM_MEMBER (TEAM_NO,TEAM_MEMBER) values (15,217);
Insert into KING.TEAM_MEMBER (TEAM_NO,TEAM_MEMBER) values (15,218);
Insert into KING.TEAM_MEMBER (TEAM_NO,TEAM_MEMBER) values (15,219);
Insert into KING.TEAM_MEMBER (TEAM_NO,TEAM_MEMBER) values (15,220);
Insert into KING.TEAM_MEMBER (TEAM_NO,TEAM_MEMBER) values (15,221);
Insert into KING.TEAM_MEMBER (TEAM_NO,TEAM_MEMBER) values (15,222);
Insert into KING.TEAM_MEMBER (TEAM_NO,TEAM_MEMBER) values (15,223);
Insert into KING.TEAM_MEMBER (TEAM_NO,TEAM_MEMBER) values (15,224);
Insert into KING.TEAM_MEMBER (TEAM_NO,TEAM_MEMBER) values (15,225);
Insert into KING.TEAM_MEMBER (TEAM_NO,TEAM_MEMBER) values (15,226);
Insert into KING.TEAM_MEMBER (TEAM_NO,TEAM_MEMBER) values (16,95);
Insert into KING.TEAM_MEMBER (TEAM_NO,TEAM_MEMBER) values (16,97);
Insert into KING.TEAM_MEMBER (TEAM_NO,TEAM_MEMBER) values (16,101);
Insert into KING.TEAM_MEMBER (TEAM_NO,TEAM_MEMBER) values (16,102);
Insert into KING.TEAM_MEMBER (TEAM_NO,TEAM_MEMBER) values (16,103);
Insert into KING.TEAM_MEMBER (TEAM_NO,TEAM_MEMBER) values (16,107);
Insert into KING.TEAM_MEMBER (TEAM_NO,TEAM_MEMBER) values (16,109);
Insert into KING.TEAM_MEMBER (TEAM_NO,TEAM_MEMBER) values (16,117);
Insert into KING.TEAM_MEMBER (TEAM_NO,TEAM_MEMBER) values (16,118);
Insert into KING.TEAM_MEMBER (TEAM_NO,TEAM_MEMBER) values (16,119);
Insert into KING.TEAM_MEMBER (TEAM_NO,TEAM_MEMBER) values (16,124);
Insert into KING.TEAM_MEMBER (TEAM_NO,TEAM_MEMBER) values (16,134);
Insert into KING.TEAM_MEMBER (TEAM_NO,TEAM_MEMBER) values (16,135);
Insert into KING.TEAM_MEMBER (TEAM_NO,TEAM_MEMBER) values (16,142);
Insert into KING.TEAM_MEMBER (TEAM_NO,TEAM_MEMBER) values (16,143);
Insert into KING.TEAM_MEMBER (TEAM_NO,TEAM_MEMBER) values (16,148);
Insert into KING.TEAM_MEMBER (TEAM_NO,TEAM_MEMBER) values (16,164);
Insert into KING.TEAM_MEMBER (TEAM_NO,TEAM_MEMBER) values (16,166);
Insert into KING.TEAM_MEMBER (TEAM_NO,TEAM_MEMBER) values (16,167);
Insert into KING.TEAM_MEMBER (TEAM_NO,TEAM_MEMBER) values (16,168);
Insert into KING.TEAM_MEMBER (TEAM_NO,TEAM_MEMBER) values (17,227);
Insert into KING.TEAM_MEMBER (TEAM_NO,TEAM_MEMBER) values (17,228);
Insert into KING.TEAM_MEMBER (TEAM_NO,TEAM_MEMBER) values (17,230);
Insert into KING.TEAM_MEMBER (TEAM_NO,TEAM_MEMBER) values (17,231);
Insert into KING.TEAM_MEMBER (TEAM_NO,TEAM_MEMBER) values (17,232);
Insert into KING.TEAM_MEMBER (TEAM_NO,TEAM_MEMBER) values (17,233);
Insert into KING.TEAM_MEMBER (TEAM_NO,TEAM_MEMBER) values (17,234);
Insert into KING.TEAM_MEMBER (TEAM_NO,TEAM_MEMBER) values (17,235);
Insert into KING.TEAM_MEMBER (TEAM_NO,TEAM_MEMBER) values (17,236);
Insert into KING.TEAM_MEMBER (TEAM_NO,TEAM_MEMBER) values (17,237);
Insert into KING.TEAM_MEMBER (TEAM_NO,TEAM_MEMBER) values (17,238);
Insert into KING.TEAM_MEMBER (TEAM_NO,TEAM_MEMBER) values (17,239);
Insert into KING.TEAM_MEMBER (TEAM_NO,TEAM_MEMBER) values (17,240);
Insert into KING.TEAM_MEMBER (TEAM_NO,TEAM_MEMBER) values (17,241);
Insert into KING.TEAM_MEMBER (TEAM_NO,TEAM_MEMBER) values (17,242);
Insert into KING.TEAM_MEMBER (TEAM_NO,TEAM_MEMBER) values (17,243);
Insert into KING.TEAM_MEMBER (TEAM_NO,TEAM_MEMBER) values (17,244);
Insert into KING.TEAM_MEMBER (TEAM_NO,TEAM_MEMBER) values (17,245);
Insert into KING.TEAM_MEMBER (TEAM_NO,TEAM_MEMBER) values (18,170);
Insert into KING.TEAM_MEMBER (TEAM_NO,TEAM_MEMBER) values (18,171);
Insert into KING.TEAM_MEMBER (TEAM_NO,TEAM_MEMBER) values (18,172);
Insert into KING.TEAM_MEMBER (TEAM_NO,TEAM_MEMBER) values (18,173);
Insert into KING.TEAM_MEMBER (TEAM_NO,TEAM_MEMBER) values (18,174);
Insert into KING.TEAM_MEMBER (TEAM_NO,TEAM_MEMBER) values (18,206);
Insert into KING.TEAM_MEMBER (TEAM_NO,TEAM_MEMBER) values (18,207);
Insert into KING.TEAM_MEMBER (TEAM_NO,TEAM_MEMBER) values (18,208);
Insert into KING.TEAM_MEMBER (TEAM_NO,TEAM_MEMBER) values (18,209);
Insert into KING.TEAM_MEMBER (TEAM_NO,TEAM_MEMBER) values (18,210);
Insert into KING.TEAM_MEMBER (TEAM_NO,TEAM_MEMBER) values (18,229);
Insert into KING.TEAM_MEMBER (TEAM_NO,TEAM_MEMBER) values (18,251);
Insert into KING.TEAM_MEMBER (TEAM_NO,TEAM_MEMBER) values (18,252);
Insert into KING.TEAM_MEMBER (TEAM_NO,TEAM_MEMBER) values (18,253);
Insert into KING.TEAM_MEMBER (TEAM_NO,TEAM_MEMBER) values (19,246);
Insert into KING.TEAM_MEMBER (TEAM_NO,TEAM_MEMBER) values (19,247);
Insert into KING.TEAM_MEMBER (TEAM_NO,TEAM_MEMBER) values (19,248);
Insert into KING.TEAM_MEMBER (TEAM_NO,TEAM_MEMBER) values (19,249);
Insert into KING.TEAM_MEMBER (TEAM_NO,TEAM_MEMBER) values (19,250);
Insert into KING.TEAM_MEMBER (TEAM_NO,TEAM_MEMBER) values (19,255);
Insert into KING.TEAM_MEMBER (TEAM_NO,TEAM_MEMBER) values (19,256);
Insert into KING.TEAM_MEMBER (TEAM_NO,TEAM_MEMBER) values (19,257);
Insert into KING.TEAM_MEMBER (TEAM_NO,TEAM_MEMBER) values (19,258);
Insert into KING.TEAM_MEMBER (TEAM_NO,TEAM_MEMBER) values (19,259);
Insert into KING.TEAM_MEMBER (TEAM_NO,TEAM_MEMBER) values (19,260);
Insert into KING.TEAM_MEMBER (TEAM_NO,TEAM_MEMBER) values (19,261);
Insert into KING.TEAM_MEMBER (TEAM_NO,TEAM_MEMBER) values (19,262);
Insert into KING.TEAM_MEMBER (TEAM_NO,TEAM_MEMBER) values (19,263);
Insert into KING.TEAM_MEMBER (TEAM_NO,TEAM_MEMBER) values (19,264);
Insert into KING.TEAM_MEMBER (TEAM_NO,TEAM_MEMBER) values (20,265);
Insert into KING.TEAM_MEMBER (TEAM_NO,TEAM_MEMBER) values (20,266);
Insert into KING.TEAM_MEMBER (TEAM_NO,TEAM_MEMBER) values (20,267);
Insert into KING.TEAM_MEMBER (TEAM_NO,TEAM_MEMBER) values (20,268);
Insert into KING.TEAM_MEMBER (TEAM_NO,TEAM_MEMBER) values (20,269);
Insert into KING.TEAM_MEMBER (TEAM_NO,TEAM_MEMBER) values (20,270);
Insert into KING.TEAM_MEMBER (TEAM_NO,TEAM_MEMBER) values (20,271);
Insert into KING.TEAM_MEMBER (TEAM_NO,TEAM_MEMBER) values (20,272);
Insert into KING.TEAM_MEMBER (TEAM_NO,TEAM_MEMBER) values (20,273);
Insert into KING.TEAM_MEMBER (TEAM_NO,TEAM_MEMBER) values (20,274);
Insert into KING.TEAM_MEMBER (TEAM_NO,TEAM_MEMBER) values (20,275);
Insert into KING.TEAM_MEMBER (TEAM_NO,TEAM_MEMBER) values (21,276);
Insert into KING.TEAM_MEMBER (TEAM_NO,TEAM_MEMBER) values (21,277);
Insert into KING.TEAM_MEMBER (TEAM_NO,TEAM_MEMBER) values (21,278);
Insert into KING.TEAM_MEMBER (TEAM_NO,TEAM_MEMBER) values (21,279);
Insert into KING.TEAM_MEMBER (TEAM_NO,TEAM_MEMBER) values (21,280);
Insert into KING.TEAM_MEMBER (TEAM_NO,TEAM_MEMBER) values (21,281);
Insert into KING.TEAM_MEMBER (TEAM_NO,TEAM_MEMBER) values (21,282);
Insert into KING.TEAM_MEMBER (TEAM_NO,TEAM_MEMBER) values (21,283);
Insert into KING.TEAM_MEMBER (TEAM_NO,TEAM_MEMBER) values (21,284);
Insert into KING.TEAM_MEMBER (TEAM_NO,TEAM_MEMBER) values (21,285);
Insert into KING.TEAM_MEMBER (TEAM_NO,TEAM_MEMBER) values (21,286);
Insert into KING.TEAM_MEMBER (TEAM_NO,TEAM_MEMBER) values (21,287);
Insert into KING.TEAM_MEMBER (TEAM_NO,TEAM_MEMBER) values (21,288);
Insert into KING.TEAM_MEMBER (TEAM_NO,TEAM_MEMBER) values (19,289);
Insert into KING.TEAM_MEMBER (TEAM_NO,TEAM_MEMBER) values (7,308);
Insert into KING.TEAM_MEMBER (TEAM_NO,TEAM_MEMBER) values (7,309);
Insert into KING.TEAM_MEMBER (TEAM_NO,TEAM_MEMBER) values (7,310);
REM INSERTING into KING.TEAM_MERC
SET DEFINE OFF;
Insert into KING.TEAM_MERC (TEAM_NO,M_NO) values (7,29);
Insert into KING.TEAM_MERC (TEAM_NO,M_NO) values (1,2);
Insert into KING.TEAM_MERC (TEAM_NO,M_NO) values (7,35);
Insert into KING.TEAM_MERC (TEAM_NO,M_NO) values (7,37);
Insert into KING.TEAM_MERC (TEAM_NO,M_NO) values (7,4);
REM INSERTING into KING.TEAM_RANKING
SET DEFINE OFF;
REM INSERTING into KING.TEAM_RECORD
SET DEFINE OFF;
REM INSERTING into KING.TIME_TABLE
SET DEFINE OFF;
Insert into KING.TIME_TABLE (TIME_NO,TIME_RANGE) values (1,'AM06시~AM08시');
Insert into KING.TIME_TABLE (TIME_NO,TIME_RANGE) values (2,'AM08시~AM10시');
Insert into KING.TIME_TABLE (TIME_NO,TIME_RANGE) values (3,'AM10시~AM12시');
Insert into KING.TIME_TABLE (TIME_NO,TIME_RANGE) values (4,'PM12시~PM14시');
Insert into KING.TIME_TABLE (TIME_NO,TIME_RANGE) values (5,'PM14시~PM16시');
Insert into KING.TIME_TABLE (TIME_NO,TIME_RANGE) values (6,'PM16시~PM18시');
Insert into KING.TIME_TABLE (TIME_NO,TIME_RANGE) values (7,'PM18시~PM20시');
Insert into KING.TIME_TABLE (TIME_NO,TIME_RANGE) values (8,'PM20시~PM22시');
Insert into KING.TIME_TABLE (TIME_NO,TIME_RANGE) values (9,'PM22시~PM24시');
Insert into KING.TIME_TABLE (TIME_NO,TIME_RANGE) values (10,'AM02시~AM04시');
Insert into KING.TIME_TABLE (TIME_NO,TIME_RANGE) values (11,'AM04시~AM06시');
REM INSERTING into KING.TOURNAMENT
SET DEFINE OFF;
Insert into KING.TOURNAMENT (SUBJECT,CONTENT,REGIST_START,REGIST_END,LIST_NO,REG_DATE,REGION,IMAGENAME) values ('제12회 구미 리틀K리그 전국유소년축구대회','기간: 2024년 6월 29(토) ~30일(일)

장소: 구미 낙동강체육공원

U15 8개팀 / U12 16개팀 / U10 16개팀',to_date('24/06/24','RR/MM/DD'),to_date('24/06/28','RR/MM/DD'),1,to_date('24/05/09','RR/MM/DD'),'경상',null);
Insert into KING.TOURNAMENT (SUBJECT,CONTENT,REGIST_START,REGIST_END,LIST_NO,REG_DATE,REGION,IMAGENAME) values ('제30회 성동구청장기 축구대회','이기면 이백원',to_date('24/05/25','RR/MM/DD'),to_date('24/06/18','RR/MM/DD'),2,to_date('24/05/09','RR/MM/DD'),'서울',null);
Insert into KING.TOURNAMENT (SUBJECT,CONTENT,REGIST_START,REGIST_END,LIST_NO,REG_DATE,REGION,IMAGENAME) values ('2024 포항시 읍면동 클럽대항 축구대회','2024 포항시 읍면동 클럽대항 축구대회',to_date('24/05/30','RR/MM/DD'),to_date('24/06/29','RR/MM/DD'),24,to_date('24/05/24','RR/MM/DD'),'경상','tournamentimg_24.jpg');
Insert into KING.TOURNAMENT (SUBJECT,CONTENT,REGIST_START,REGIST_END,LIST_NO,REG_DATE,REGION,IMAGENAME) values ('제24회 전국공무원축구대회','이기면 만원',to_date('24/01/01','RR/MM/DD'),to_date('24/03/01','RR/MM/DD'),4,to_date('24/05/09','RR/MM/DD'),'경상',null);
Insert into KING.TOURNAMENT (SUBJECT,CONTENT,REGIST_START,REGIST_END,LIST_NO,REG_DATE,REGION,IMAGENAME) values ('2024 K리그 여자 축구대회 퀸컵','2024 K리그 여자 축구대회 퀸컵     ',to_date('24/05/30','RR/MM/DD'),to_date('24/06/30','RR/MM/DD'),12,to_date('24/05/24','RR/MM/DD'),'강원','tournamentimg_12.jpg');
Insert into KING.TOURNAMENT (SUBJECT,CONTENT,REGIST_START,REGIST_END,LIST_NO,REG_DATE,REGION,IMAGENAME) values ('전국 동호인 축구대회','전국 동호인 축구대회',to_date('24/05/27','RR/MM/DD'),to_date('24/06/30','RR/MM/DD'),13,to_date('24/05/24','RR/MM/DD'),'경기','tournamentimg_13.jpg');
Insert into KING.TOURNAMENT (SUBJECT,CONTENT,REGIST_START,REGIST_END,LIST_NO,REG_DATE,REGION,IMAGENAME) values ('제21회 경상북도 교육감배 축구대회','우승팀에게는 매년 달디단 영주사과를 드립니다.	               ',to_date('24/05/20','RR/MM/DD'),to_date('24/06/03','RR/MM/DD'),14,to_date('24/05/24','RR/MM/DD'),'경상',null);
Insert into KING.TOURNAMENT (SUBJECT,CONTENT,REGIST_START,REGIST_END,LIST_NO,REG_DATE,REGION,IMAGENAME) values ('제52회 대통령배 축구대회','아이폰배 제34대 축구대회가 열렸습니다.              ',to_date('24/05/29','RR/MM/DD'),to_date('24/06/29','RR/MM/DD'),15,to_date('24/05/24','RR/MM/DD'),'제주',null);
Insert into KING.TOURNAMENT (SUBJECT,CONTENT,REGIST_START,REGIST_END,LIST_NO,REG_DATE,REGION,IMAGENAME) values ('제24회 인천광역시교육감배 축구축제','GS25배 제34대 축구대회 개최          ',to_date('23/11/11','RR/MM/DD'),to_date('23/11/30','RR/MM/DD'),16,to_date('24/05/24','RR/MM/DD'),'인천',null);
Insert into KING.TOURNAMENT (SUBJECT,CONTENT,REGIST_START,REGIST_END,LIST_NO,REG_DATE,REGION,IMAGENAME) values ('제3회 국민은행배 축구대회','우승상금 3천만원',to_date('24/05/01','RR/MM/DD'),to_date('24/05/29','RR/MM/DD'),5,to_date('24/05/11','RR/MM/DD'),'경인',null);
Insert into KING.TOURNAMENT (SUBJECT,CONTENT,REGIST_START,REGIST_END,LIST_NO,REG_DATE,REGION,IMAGENAME) values ('제28회 제주특별자치도지사배 축구대회','우승상금 4천만원',to_date('24/05/01','RR/MM/DD'),to_date('24/05/08','RR/MM/DD'),11,to_date('24/05/11','RR/MM/DD'),'제주',null);
Insert into KING.TOURNAMENT (SUBJECT,CONTENT,REGIST_START,REGIST_END,LIST_NO,REG_DATE,REGION,IMAGENAME) values ('2024 거재시 채육회장배여성축구대회','2024 거재시 채육회장배여성축구대회',to_date('24/06/01','RR/MM/DD'),to_date('24/07/01','RR/MM/DD'),17,to_date('24/05/24','RR/MM/DD'),'경상','tournamentimg_17.jpg');
Insert into KING.TOURNAMENT (SUBJECT,CONTENT,REGIST_START,REGIST_END,LIST_NO,REG_DATE,REGION,IMAGENAME) values ('2024 낫소 춘계 축구대회','2024 낫소 춘계 축구대회',to_date('24/06/01','RR/MM/DD'),to_date('24/06/30','RR/MM/DD'),18,to_date('24/05/24','RR/MM/DD'),'경인','tournamentimg_18.jpg');
Insert into KING.TOURNAMENT (SUBJECT,CONTENT,REGIST_START,REGIST_END,LIST_NO,REG_DATE,REGION,IMAGENAME) values ('제1회 태백 CUP','제1회 태백 CUP',to_date('24/07/01','RR/MM/DD'),to_date('24/07/31','RR/MM/DD'),19,to_date('24/05/24','RR/MM/DD'),'강원','tournamentimg_19.jpg');
Insert into KING.TOURNAMENT (SUBJECT,CONTENT,REGIST_START,REGIST_END,LIST_NO,REG_DATE,REGION,IMAGENAME) values ('2024 김천상무배 축구대회','2024 김천상무배 축구대회',to_date('24/11/01','RR/MM/DD'),to_date('24/11/30','RR/MM/DD'),20,to_date('24/05/24','RR/MM/DD'),'경상','tournamentimg_20.jpg');
Insert into KING.TOURNAMENT (SUBJECT,CONTENT,REGIST_START,REGIST_END,LIST_NO,REG_DATE,REGION,IMAGENAME) values ('제19회 전국여성축구선수권대회','오리배 제1회 축구대회 개최합니다.',to_date('22/12/01','RR/MM/DD'),to_date('22/12/31','RR/MM/DD'),21,to_date('24/05/24','RR/MM/DD'),'강원',null);
Insert into KING.TOURNAMENT (SUBJECT,CONTENT,REGIST_START,REGIST_END,LIST_NO,REG_DATE,REGION,IMAGENAME) values ('제32회 전국체육축구선수권대회','나주배 제3회 축구대회 개최합니다.   ',to_date('23/01/01','RR/MM/DD'),to_date('23/02/01','RR/MM/DD'),22,to_date('24/05/24','RR/MM/DD'),'경기',null);
Insert into KING.TOURNAMENT (SUBJECT,CONTENT,REGIST_START,REGIST_END,LIST_NO,REG_DATE,REGION,IMAGENAME) values ('제38회 전국도민축구선수권대회','사과배 제3회 축구대회 개최합니다.               ',to_date('21/01/01','RR/MM/DD'),to_date('21/02/03','RR/MM/DD'),23,to_date('24/05/24','RR/MM/DD'),'강원',null);
REM INSERTING into KING.WAITING_HIREDREG
SET DEFINE OFF;
Insert into KING.WAITING_HIREDREG (M_NO,TEAM) values (2,6);
Insert into KING.WAITING_HIREDREG (M_NO,TEAM) values (38,6);
Insert into KING.WAITING_HIREDREG (M_NO,TEAM) values (42,6);
REM INSERTING into KING.WAITING_LESSONREG
SET DEFINE OFF;
Insert into KING.WAITING_LESSONREG (WRITER,M_NO) values (2,3);
Insert into KING.WAITING_LESSONREG (WRITER,M_NO) values (30,38);
REM INSERTING into KING.WAITING_MATCHREG
SET DEFINE OFF;
Insert into KING.WAITING_MATCHREG (MATCH_TEAM,VS_TEAM,TIME_NO,DAY,STADIUM) values (11,6,1,'2024-06-23',29);
Insert into KING.WAITING_MATCHREG (MATCH_TEAM,VS_TEAM,TIME_NO,DAY,STADIUM) values (6,5,1,'2024-07-04',2);
REM INSERTING into KING.WAITING_TEAMREG
SET DEFINE OFF;
REM INSERTING into KING.EMPLOYEE_VW1
SET DEFINE OFF;
--------------------------------------------------------
--  DDL for Index B_NO_PK
--------------------------------------------------------

  CREATE UNIQUE INDEX "KING"."B_NO_PK" ON "KING"."RECRUIT_TEAMMEMBOARD" ("B_NO") 
  PCTFREE 10 INITRANS 2 MAXTRANS 255 COMPUTE STATISTICS 
  STORAGE(INITIAL 65536 NEXT 1048576 MINEXTENTS 1 MAXEXTENTS 2147483645
  PCTINCREASE 0 FREELISTS 1 FREELIST GROUPS 1 BUFFER_POOL DEFAULT FLASH_CACHE DEFAULT CELL_FLASH_CACHE DEFAULT)
  TABLESPACE "SYSTEM" ;
--------------------------------------------------------
--  DDL for Index PK_RECRUITMENT_NO
--------------------------------------------------------

  CREATE UNIQUE INDEX "KING"."PK_RECRUITMENT_NO" ON "KING"."HIRED_RECRUITMENT" ("RECRUITMENT_NO") 
  PCTFREE 10 INITRANS 2 MAXTRANS 255 COMPUTE STATISTICS 
  STORAGE(INITIAL 65536 NEXT 1048576 MINEXTENTS 1 MAXEXTENTS 2147483645
  PCTINCREASE 0 FREELISTS 1 FREELIST GROUPS 1 BUFFER_POOL DEFAULT FLASH_CACHE DEFAULT CELL_FLASH_CACHE DEFAULT)
  TABLESPACE "SYSTEM" ;
--------------------------------------------------------
--  DDL for Index PK_SIGUNGU
--------------------------------------------------------

  CREATE UNIQUE INDEX "KING"."PK_SIGUNGU" ON "KING"."SIGUNGU" ("SIGUNGU_ID") 
  PCTFREE 10 INITRANS 2 MAXTRANS 255 COMPUTE STATISTICS 
  STORAGE(INITIAL 65536 NEXT 1048576 MINEXTENTS 1 MAXEXTENTS 2147483645
  PCTINCREASE 0 FREELISTS 1 FREELIST GROUPS 1 BUFFER_POOL DEFAULT FLASH_CACHE DEFAULT CELL_FLASH_CACHE DEFAULT)
  TABLESPACE "SYSTEM" ;
--------------------------------------------------------
--  DDL for Index SYS_C007217
--------------------------------------------------------

  CREATE UNIQUE INDEX "KING"."SYS_C007217" ON "KING"."FREEBOARD" ("B_NO") 
  PCTFREE 10 INITRANS 2 MAXTRANS 255 COMPUTE STATISTICS 
  STORAGE(INITIAL 65536 NEXT 1048576 MINEXTENTS 1 MAXEXTENTS 2147483645
  PCTINCREASE 0 FREELISTS 1 FREELIST GROUPS 1 BUFFER_POOL DEFAULT FLASH_CACHE DEFAULT CELL_FLASH_CACHE DEFAULT)
  TABLESPACE "SYSTEM" ;
--------------------------------------------------------
--  DDL for Index SYS_C007225
--------------------------------------------------------

  CREATE UNIQUE INDEX "KING"."SYS_C007225" ON "KING"."NOTICEBOARD" ("B_NO") 
  PCTFREE 10 INITRANS 2 MAXTRANS 255 COMPUTE STATISTICS 
  STORAGE(INITIAL 65536 NEXT 1048576 MINEXTENTS 1 MAXEXTENTS 2147483645
  PCTINCREASE 0 FREELISTS 1 FREELIST GROUPS 1 BUFFER_POOL DEFAULT FLASH_CACHE DEFAULT CELL_FLASH_CACHE DEFAULT)
  TABLESPACE "SYSTEM" ;
--------------------------------------------------------
--  DDL for Index SYS_C007245
--------------------------------------------------------

  CREATE UNIQUE INDEX "KING"."SYS_C007245" ON "KING"."SIDO" ("SIDO_ID") 
  PCTFREE 10 INITRANS 2 MAXTRANS 255 COMPUTE STATISTICS 
  STORAGE(INITIAL 65536 NEXT 1048576 MINEXTENTS 1 MAXEXTENTS 2147483645
  PCTINCREASE 0 FREELISTS 1 FREELIST GROUPS 1 BUFFER_POOL DEFAULT FLASH_CACHE DEFAULT CELL_FLASH_CACHE DEFAULT)
  TABLESPACE "SYSTEM" ;
--------------------------------------------------------
--  DDL for Index SYS_C007246
--------------------------------------------------------

  CREATE UNIQUE INDEX "KING"."SYS_C007246" ON "KING"."SIGUNGU(tmp)" ("SIGUNGU_ID") 
  PCTFREE 10 INITRANS 2 MAXTRANS 255 COMPUTE STATISTICS 
  STORAGE(INITIAL 65536 NEXT 1048576 MINEXTENTS 1 MAXEXTENTS 2147483645
  PCTINCREASE 0 FREELISTS 1 FREELIST GROUPS 1 BUFFER_POOL DEFAULT FLASH_CACHE DEFAULT CELL_FLASH_CACHE DEFAULT)
  TABLESPACE "SYSTEM" ;
--------------------------------------------------------
--  DDL for Index SYS_C007255
--------------------------------------------------------

  CREATE UNIQUE INDEX "KING"."SYS_C007255" ON "KING"."FREEBOARD_COMMENT" ("COMMENT_NO") 
  PCTFREE 10 INITRANS 2 MAXTRANS 255 COMPUTE STATISTICS 
  STORAGE(INITIAL 65536 NEXT 1048576 MINEXTENTS 1 MAXEXTENTS 2147483645
  PCTINCREASE 0 FREELISTS 1 FREELIST GROUPS 1 BUFFER_POOL DEFAULT FLASH_CACHE DEFAULT CELL_FLASH_CACHE DEFAULT)
  TABLESPACE "SYSTEM" ;
--------------------------------------------------------
--  DDL for Index SYS_C007320
--------------------------------------------------------

  CREATE UNIQUE INDEX "KING"."SYS_C007320" ON "KING"."MEMBER" ("M_NO") 
  PCTFREE 10 INITRANS 2 MAXTRANS 255 COMPUTE STATISTICS 
  STORAGE(INITIAL 65536 NEXT 1048576 MINEXTENTS 1 MAXEXTENTS 2147483645
  PCTINCREASE 0 FREELISTS 1 FREELIST GROUPS 1 BUFFER_POOL DEFAULT FLASH_CACHE DEFAULT CELL_FLASH_CACHE DEFAULT)
  TABLESPACE "SYSTEM" ;
--------------------------------------------------------
--  DDL for Index SYS_C007321
--------------------------------------------------------

  CREATE UNIQUE INDEX "KING"."SYS_C007321" ON "KING"."MEMBER" ("MID") 
  PCTFREE 10 INITRANS 2 MAXTRANS 255 COMPUTE STATISTICS 
  STORAGE(INITIAL 65536 NEXT 1048576 MINEXTENTS 1 MAXEXTENTS 2147483645
  PCTINCREASE 0 FREELISTS 1 FREELIST GROUPS 1 BUFFER_POOL DEFAULT FLASH_CACHE DEFAULT CELL_FLASH_CACHE DEFAULT)
  TABLESPACE "SYSTEM" ;
--------------------------------------------------------
--  DDL for Index SYS_C007322
--------------------------------------------------------

  CREATE UNIQUE INDEX "KING"."SYS_C007322" ON "KING"."MEMBER" ("NICKNAME") 
  PCTFREE 10 INITRANS 2 MAXTRANS 255 COMPUTE STATISTICS 
  STORAGE(INITIAL 65536 NEXT 1048576 MINEXTENTS 1 MAXEXTENTS 2147483645
  PCTINCREASE 0 FREELISTS 1 FREELIST GROUPS 1 BUFFER_POOL DEFAULT FLASH_CACHE DEFAULT CELL_FLASH_CACHE DEFAULT)
  TABLESPACE "SYSTEM" ;
--------------------------------------------------------
--  DDL for Index SYS_C007323
--------------------------------------------------------

  CREATE UNIQUE INDEX "KING"."SYS_C007323" ON "KING"."MEMBER" ("EMAIL") 
  PCTFREE 10 INITRANS 2 MAXTRANS 255 COMPUTE STATISTICS 
  STORAGE(INITIAL 65536 NEXT 1048576 MINEXTENTS 1 MAXEXTENTS 2147483645
  PCTINCREASE 0 FREELISTS 1 FREELIST GROUPS 1 BUFFER_POOL DEFAULT FLASH_CACHE DEFAULT CELL_FLASH_CACHE DEFAULT)
  TABLESPACE "SYSTEM" ;
--------------------------------------------------------
--  DDL for Index SYS_C007324
--------------------------------------------------------

  CREATE UNIQUE INDEX "KING"."SYS_C007324" ON "KING"."MEMBER" ("PHONE") 
  PCTFREE 10 INITRANS 2 MAXTRANS 255 COMPUTE STATISTICS 
  STORAGE(INITIAL 65536 NEXT 1048576 MINEXTENTS 1 MAXEXTENTS 2147483645
  PCTINCREASE 0 FREELISTS 1 FREELIST GROUPS 1 BUFFER_POOL DEFAULT FLASH_CACHE DEFAULT CELL_FLASH_CACHE DEFAULT)
  TABLESPACE "SYSTEM" ;
--------------------------------------------------------
--  DDL for Index SYS_C007374
--------------------------------------------------------

  CREATE UNIQUE INDEX "KING"."SYS_C007374" ON "KING"."DAY_OF_WEEK" ("DAY_NO") 
  PCTFREE 10 INITRANS 2 MAXTRANS 255 COMPUTE STATISTICS 
  STORAGE(INITIAL 65536 NEXT 1048576 MINEXTENTS 1 MAXEXTENTS 2147483645
  PCTINCREASE 0 FREELISTS 1 FREELIST GROUPS 1 BUFFER_POOL DEFAULT FLASH_CACHE DEFAULT CELL_FLASH_CACHE DEFAULT)
  TABLESPACE "SYSTEM" ;
--------------------------------------------------------
--  DDL for Index SYS_C007378
--------------------------------------------------------

  CREATE UNIQUE INDEX "KING"."SYS_C007378" ON "KING"."TIME_TABLE" ("TIME_NO") 
  PCTFREE 10 INITRANS 2 MAXTRANS 255 COMPUTE STATISTICS 
  STORAGE(INITIAL 65536 NEXT 1048576 MINEXTENTS 1 MAXEXTENTS 2147483645
  PCTINCREASE 0 FREELISTS 1 FREELIST GROUPS 1 BUFFER_POOL DEFAULT FLASH_CACHE DEFAULT CELL_FLASH_CACHE DEFAULT)
  TABLESPACE "SYSTEM" ;
--------------------------------------------------------
--  DDL for Index SYS_C007380
--------------------------------------------------------

  CREATE UNIQUE INDEX "KING"."SYS_C007380" ON "KING"."STADIUM" ("STADIUM_NO") 
  PCTFREE 10 INITRANS 2 MAXTRANS 255 COMPUTE STATISTICS 
  STORAGE(INITIAL 65536 NEXT 1048576 MINEXTENTS 1 MAXEXTENTS 2147483645
  PCTINCREASE 0 FREELISTS 1 FREELIST GROUPS 1 BUFFER_POOL DEFAULT FLASH_CACHE DEFAULT CELL_FLASH_CACHE DEFAULT)
  TABLESPACE "SYSTEM" ;
--------------------------------------------------------
--  DDL for Index SYS_C007387
--------------------------------------------------------

  CREATE UNIQUE INDEX "KING"."SYS_C007387" ON "KING"."BUY" ("BUY_NO") 
  PCTFREE 10 INITRANS 2 MAXTRANS 255 COMPUTE STATISTICS 
  STORAGE(INITIAL 65536 NEXT 1048576 MINEXTENTS 1 MAXEXTENTS 2147483645
  PCTINCREASE 0 FREELISTS 1 FREELIST GROUPS 1 BUFFER_POOL DEFAULT FLASH_CACHE DEFAULT CELL_FLASH_CACHE DEFAULT)
  TABLESPACE "SYSTEM" ;
--------------------------------------------------------
--  DDL for Index SYS_C007389
--------------------------------------------------------

  CREATE UNIQUE INDEX "KING"."SYS_C007389" ON "KING"."SALE" ("SALE_NO") 
  PCTFREE 10 INITRANS 2 MAXTRANS 255 COMPUTE STATISTICS 
  STORAGE(INITIAL 65536 NEXT 1048576 MINEXTENTS 1 MAXEXTENTS 2147483645
  PCTINCREASE 0 FREELISTS 1 FREELIST GROUPS 1 BUFFER_POOL DEFAULT FLASH_CACHE DEFAULT CELL_FLASH_CACHE DEFAULT)
  TABLESPACE "SYSTEM" ;
--------------------------------------------------------
--  DDL for Index SYS_C007391
--------------------------------------------------------

  CREATE UNIQUE INDEX "KING"."SYS_C007391" ON "KING"."FREE_SHARING" ("FREE_SHARING_NO") 
  PCTFREE 10 INITRANS 2 MAXTRANS 255 COMPUTE STATISTICS 
  STORAGE(INITIAL 65536 NEXT 1048576 MINEXTENTS 1 MAXEXTENTS 2147483645
  PCTINCREASE 0 FREELISTS 1 FREELIST GROUPS 1 BUFFER_POOL DEFAULT FLASH_CACHE DEFAULT CELL_FLASH_CACHE DEFAULT)
  TABLESPACE "SYSTEM" ;
--------------------------------------------------------
--  DDL for Index SYS_C007393
--------------------------------------------------------

  CREATE UNIQUE INDEX "KING"."SYS_C007393" ON "KING"."FREE_SHARING_COMMENT" ("COMMENT_NO") 
  PCTFREE 10 INITRANS 2 MAXTRANS 255 COMPUTE STATISTICS 
  STORAGE(INITIAL 65536 NEXT 1048576 MINEXTENTS 1 MAXEXTENTS 2147483645
  PCTINCREASE 0 FREELISTS 1 FREELIST GROUPS 1 BUFFER_POOL DEFAULT FLASH_CACHE DEFAULT CELL_FLASH_CACHE DEFAULT)
  TABLESPACE "SYSTEM" ;
--------------------------------------------------------
--  DDL for Index SYS_C007396
--------------------------------------------------------

  CREATE UNIQUE INDEX "KING"."SYS_C007396" ON "KING"."MATCH" ("MATCH_NO") 
  PCTFREE 10 INITRANS 2 MAXTRANS 255 COMPUTE STATISTICS 
  STORAGE(INITIAL 65536 NEXT 1048576 MINEXTENTS 1 MAXEXTENTS 2147483645
  PCTINCREASE 0 FREELISTS 1 FREELIST GROUPS 1 BUFFER_POOL DEFAULT FLASH_CACHE DEFAULT CELL_FLASH_CACHE DEFAULT)
  TABLESPACE "SYSTEM" ;
--------------------------------------------------------
--  DDL for Index SYS_C007402
--------------------------------------------------------

  CREATE UNIQUE INDEX "KING"."SYS_C007402" ON "KING"."STADIUM_YANGDO" ("YANGDO_NO") 
  PCTFREE 10 INITRANS 2 MAXTRANS 255 COMPUTE STATISTICS 
  STORAGE(INITIAL 65536 NEXT 1048576 MINEXTENTS 1 MAXEXTENTS 2147483645
  PCTINCREASE 0 FREELISTS 1 FREELIST GROUPS 1 BUFFER_POOL DEFAULT FLASH_CACHE DEFAULT CELL_FLASH_CACHE DEFAULT)
  TABLESPACE "SYSTEM" ;
--------------------------------------------------------
--  DDL for Index SYS_C007404
--------------------------------------------------------

  CREATE UNIQUE INDEX "KING"."SYS_C007404" ON "KING"."TEAM_RECORD" ("TEAM_RECORD_NO") 
  PCTFREE 10 INITRANS 2 MAXTRANS 255 COMPUTE STATISTICS 
  STORAGE(INITIAL 65536 NEXT 1048576 MINEXTENTS 1 MAXEXTENTS 2147483645
  PCTINCREASE 0 FREELISTS 1 FREELIST GROUPS 1 BUFFER_POOL DEFAULT FLASH_CACHE DEFAULT CELL_FLASH_CACHE DEFAULT)
  TABLESPACE "SYSTEM" ;
--------------------------------------------------------
--  DDL for Index SYS_C007412
--------------------------------------------------------

  CREATE UNIQUE INDEX "KING"."SYS_C007412" ON "KING"."TEAM_RANKING" ("RANKING_NO") 
  PCTFREE 10 INITRANS 2 MAXTRANS 255 COMPUTE STATISTICS 
  STORAGE(INITIAL 65536 NEXT 1048576 MINEXTENTS 1 MAXEXTENTS 2147483645
  PCTINCREASE 0 FREELISTS 1 FREELIST GROUPS 1 BUFFER_POOL DEFAULT FLASH_CACHE DEFAULT CELL_FLASH_CACHE DEFAULT)
  TABLESPACE "SYSTEM" ;
--------------------------------------------------------
--  DDL for Index SYS_C007414
--------------------------------------------------------

  CREATE UNIQUE INDEX "KING"."SYS_C007414" ON "KING"."PLAYER_RANKING" ("RANKING_NO") 
  PCTFREE 10 INITRANS 2 MAXTRANS 255 COMPUTE STATISTICS 
  STORAGE(INITIAL 65536 NEXT 1048576 MINEXTENTS 1 MAXEXTENTS 2147483645
  PCTINCREASE 0 FREELISTS 1 FREELIST GROUPS 1 BUFFER_POOL DEFAULT FLASH_CACHE DEFAULT CELL_FLASH_CACHE DEFAULT)
  TABLESPACE "SYSTEM" ;
--------------------------------------------------------
--  DDL for Index SYS_C007462
--------------------------------------------------------

  CREATE UNIQUE INDEX "KING"."SYS_C007462" ON "KING"."MEMBER_DETAIL" ("MEMBER") 
  PCTFREE 10 INITRANS 2 MAXTRANS 255 COMPUTE STATISTICS 
  STORAGE(INITIAL 65536 NEXT 1048576 MINEXTENTS 1 MAXEXTENTS 2147483645
  PCTINCREASE 0 FREELISTS 1 FREELIST GROUPS 1 BUFFER_POOL DEFAULT FLASH_CACHE DEFAULT CELL_FLASH_CACHE DEFAULT)
  TABLESPACE "SYSTEM" ;
--------------------------------------------------------
--  DDL for Index SYS_C007464
--------------------------------------------------------

  CREATE UNIQUE INDEX "KING"."SYS_C007464" ON "KING"."PLAYER_RECORD" ("PLAYER") 
  PCTFREE 10 INITRANS 2 MAXTRANS 255 COMPUTE STATISTICS 
  STORAGE(INITIAL 65536 NEXT 1048576 MINEXTENTS 1 MAXEXTENTS 2147483645
  PCTINCREASE 0 FREELISTS 1 FREELIST GROUPS 1 BUFFER_POOL DEFAULT FLASH_CACHE DEFAULT CELL_FLASH_CACHE DEFAULT)
  TABLESPACE "SYSTEM" ;
--------------------------------------------------------
--  DDL for Index SYS_C007527
--------------------------------------------------------

  CREATE UNIQUE INDEX "KING"."SYS_C007527" ON "KING"."CUSTOMERSERVICE_CATEGORY" ("CUSTOMERSERVICE_CATEGORYNO") 
  PCTFREE 10 INITRANS 2 MAXTRANS 255 COMPUTE STATISTICS 
  STORAGE(INITIAL 65536 NEXT 1048576 MINEXTENTS 1 MAXEXTENTS 2147483645
  PCTINCREASE 0 FREELISTS 1 FREELIST GROUPS 1 BUFFER_POOL DEFAULT FLASH_CACHE DEFAULT CELL_FLASH_CACHE DEFAULT)
  TABLESPACE "SYSTEM" ;
--------------------------------------------------------
--  DDL for Index SYS_C007550
--------------------------------------------------------

  CREATE UNIQUE INDEX "KING"."SYS_C007550" ON "KING"."QNABOARD" ("B_NO") 
  PCTFREE 10 INITRANS 2 MAXTRANS 255 COMPUTE STATISTICS 
  STORAGE(INITIAL 65536 NEXT 1048576 MINEXTENTS 1 MAXEXTENTS 2147483645
  PCTINCREASE 0 FREELISTS 1 FREELIST GROUPS 1 BUFFER_POOL DEFAULT FLASH_CACHE DEFAULT CELL_FLASH_CACHE DEFAULT)
  TABLESPACE "SYSTEM" ;
--------------------------------------------------------
--  DDL for Index SYS_C007678
--------------------------------------------------------

  CREATE UNIQUE INDEX "KING"."SYS_C007678" ON "KING"."BOOKING" ("BOOKING_NO") 
  PCTFREE 10 INITRANS 2 MAXTRANS 255 COMPUTE STATISTICS 
  STORAGE(INITIAL 65536 NEXT 1048576 MINEXTENTS 1 MAXEXTENTS 2147483645
  PCTINCREASE 0 FREELISTS 1 FREELIST GROUPS 1 BUFFER_POOL DEFAULT FLASH_CACHE DEFAULT CELL_FLASH_CACHE DEFAULT)
  TABLESPACE "SYSTEM" ;
--------------------------------------------------------
--  DDL for Index SYS_C007761
--------------------------------------------------------

  CREATE UNIQUE INDEX "KING"."SYS_C007761" ON "KING"."TEAM" ("TEAM_NO") 
  PCTFREE 10 INITRANS 2 MAXTRANS 255 COMPUTE STATISTICS 
  STORAGE(INITIAL 65536 NEXT 1048576 MINEXTENTS 1 MAXEXTENTS 2147483645
  PCTINCREASE 0 FREELISTS 1 FREELIST GROUPS 1 BUFFER_POOL DEFAULT FLASH_CACHE DEFAULT CELL_FLASH_CACHE DEFAULT)
  TABLESPACE "SYSTEM" ;
--------------------------------------------------------
--  DDL for Index SYS_C007792
--------------------------------------------------------

  CREATE UNIQUE INDEX "KING"."SYS_C007792" ON "KING"."LESSON_RECRUITMENT" ("RECRUITMENT_NO") 
  PCTFREE 10 INITRANS 2 MAXTRANS 255 COMPUTE STATISTICS 
  STORAGE(INITIAL 65536 NEXT 1048576 MINEXTENTS 1 MAXEXTENTS 2147483645
  PCTINCREASE 0 FREELISTS 1 FREELIST GROUPS 1 BUFFER_POOL DEFAULT FLASH_CACHE DEFAULT CELL_FLASH_CACHE DEFAULT)
  TABLESPACE "SYSTEM" ;
--------------------------------------------------------
--  DDL for Index SYS_C007972
--------------------------------------------------------

  CREATE UNIQUE INDEX "KING"."SYS_C007972" ON "KING"."CODE_SKILL" ("SKILL_CODE") 
  PCTFREE 10 INITRANS 2 MAXTRANS 255 
  STORAGE(INITIAL 65536 NEXT 1048576 MINEXTENTS 1 MAXEXTENTS 2147483645
  PCTINCREASE 0 FREELISTS 1 FREELIST GROUPS 1 BUFFER_POOL DEFAULT FLASH_CACHE DEFAULT CELL_FLASH_CACHE DEFAULT)
  TABLESPACE "SYSTEM" ;
--------------------------------------------------------
--  DDL for Index SYS_C007973
--------------------------------------------------------

  CREATE UNIQUE INDEX "KING"."SYS_C007973" ON "KING"."CODE_SKILL" ("SKILL_NAME") 
  PCTFREE 10 INITRANS 2 MAXTRANS 255 
  STORAGE(INITIAL 65536 NEXT 1048576 MINEXTENTS 1 MAXEXTENTS 2147483645
  PCTINCREASE 0 FREELISTS 1 FREELIST GROUPS 1 BUFFER_POOL DEFAULT FLASH_CACHE DEFAULT CELL_FLASH_CACHE DEFAULT)
  TABLESPACE "SYSTEM" ;
--------------------------------------------------------
--  DDL for Index SYS_C007975
--------------------------------------------------------

  CREATE UNIQUE INDEX "KING"."SYS_C007975" ON "KING"."CODE_RELIGION" ("RELIGION_CODE") 
  PCTFREE 10 INITRANS 2 MAXTRANS 255 
  STORAGE(INITIAL 65536 NEXT 1048576 MINEXTENTS 1 MAXEXTENTS 2147483645
  PCTINCREASE 0 FREELISTS 1 FREELIST GROUPS 1 BUFFER_POOL DEFAULT FLASH_CACHE DEFAULT CELL_FLASH_CACHE DEFAULT)
  TABLESPACE "SYSTEM" ;
--------------------------------------------------------
--  DDL for Index SYS_C007976
--------------------------------------------------------

  CREATE UNIQUE INDEX "KING"."SYS_C007976" ON "KING"."CODE_RELIGION" ("RELIGION_NAME") 
  PCTFREE 10 INITRANS 2 MAXTRANS 255 
  STORAGE(INITIAL 65536 NEXT 1048576 MINEXTENTS 1 MAXEXTENTS 2147483645
  PCTINCREASE 0 FREELISTS 1 FREELIST GROUPS 1 BUFFER_POOL DEFAULT FLASH_CACHE DEFAULT CELL_FLASH_CACHE DEFAULT)
  TABLESPACE "SYSTEM" ;
--------------------------------------------------------
--  DDL for Index SYS_C007978
--------------------------------------------------------

  CREATE UNIQUE INDEX "KING"."SYS_C007978" ON "KING"."CODE_SCHOOL" ("SCHOOL_CODE") 
  PCTFREE 10 INITRANS 2 MAXTRANS 255 
  STORAGE(INITIAL 65536 NEXT 1048576 MINEXTENTS 1 MAXEXTENTS 2147483645
  PCTINCREASE 0 FREELISTS 1 FREELIST GROUPS 1 BUFFER_POOL DEFAULT FLASH_CACHE DEFAULT CELL_FLASH_CACHE DEFAULT)
  TABLESPACE "SYSTEM" ;
--------------------------------------------------------
--  DDL for Index SYS_C007979
--------------------------------------------------------

  CREATE UNIQUE INDEX "KING"."SYS_C007979" ON "KING"."CODE_SCHOOL" ("SCHOOL_NAME") 
  PCTFREE 10 INITRANS 2 MAXTRANS 255 
  STORAGE(INITIAL 65536 NEXT 1048576 MINEXTENTS 1 MAXEXTENTS 2147483645
  PCTINCREASE 0 FREELISTS 1 FREELIST GROUPS 1 BUFFER_POOL DEFAULT FLASH_CACHE DEFAULT CELL_FLASH_CACHE DEFAULT)
  TABLESPACE "SYSTEM" ;
--------------------------------------------------------
--  DDL for Index SYS_C007985
--------------------------------------------------------

  CREATE UNIQUE INDEX "KING"."SYS_C007985" ON "KING"."DEVELOPER" ("DEVELOPER_NO") 
  PCTFREE 10 INITRANS 2 MAXTRANS 255 
  STORAGE(INITIAL 65536 NEXT 1048576 MINEXTENTS 1 MAXEXTENTS 2147483645
  PCTINCREASE 0 FREELISTS 1 FREELIST GROUPS 1 BUFFER_POOL DEFAULT FLASH_CACHE DEFAULT CELL_FLASH_CACHE DEFAULT)
  TABLESPACE "SYSTEM" ;
--------------------------------------------------------
--  DDL for Index SYS_C007986
--------------------------------------------------------

  CREATE UNIQUE INDEX "KING"."SYS_C007986" ON "KING"."DEVELOPER" ("JUMIN_NO") 
  PCTFREE 10 INITRANS 2 MAXTRANS 255 
  STORAGE(INITIAL 65536 NEXT 1048576 MINEXTENTS 1 MAXEXTENTS 2147483645
  PCTINCREASE 0 FREELISTS 1 FREELIST GROUPS 1 BUFFER_POOL DEFAULT FLASH_CACHE DEFAULT CELL_FLASH_CACHE DEFAULT)
  TABLESPACE "SYSTEM" ;
--------------------------------------------------------
--  DDL for Index SYS_C007996
--------------------------------------------------------

  CREATE UNIQUE INDEX "KING"."SYS_C007996" ON "KING"."DEVELOPER_SKILL" ("DEVELOPER_SKILL_NO") 
  PCTFREE 10 INITRANS 2 MAXTRANS 255 
  STORAGE(INITIAL 65536 NEXT 1048576 MINEXTENTS 1 MAXEXTENTS 2147483645
  PCTINCREASE 0 FREELISTS 1 FREELIST GROUPS 1 BUFFER_POOL DEFAULT FLASH_CACHE DEFAULT CELL_FLASH_CACHE DEFAULT)
  TABLESPACE "SYSTEM" ;
--------------------------------------------------------
--  DDL for Index UC_BOOKING_STADIUM_DATE_TIME
--------------------------------------------------------

  CREATE UNIQUE INDEX "KING"."UC_BOOKING_STADIUM_DATE_TIME" ON "KING"."BOOKING" ("STADIUM_NO", "BOOKING_DATE", "TIME_SLOT") 
  PCTFREE 10 INITRANS 2 MAXTRANS 255 COMPUTE STATISTICS 
  STORAGE(INITIAL 65536 NEXT 1048576 MINEXTENTS 1 MAXEXTENTS 2147483645
  PCTINCREASE 0 FREELISTS 1 FREELIST GROUPS 1 BUFFER_POOL DEFAULT FLASH_CACHE DEFAULT CELL_FLASH_CACHE DEFAULT)
  TABLESPACE "SYSTEM" ;
--------------------------------------------------------
--  DDL for Index UNIQUE_M_NO
--------------------------------------------------------

  CREATE UNIQUE INDEX "KING"."UNIQUE_M_NO" ON "KING"."WAITING_TEAMREG" ("NAME") 
  PCTFREE 10 INITRANS 2 MAXTRANS 255 COMPUTE STATISTICS 
  STORAGE(INITIAL 65536 NEXT 1048576 MINEXTENTS 1 MAXEXTENTS 2147483645
  PCTINCREASE 0 FREELISTS 1 FREELIST GROUPS 1 BUFFER_POOL DEFAULT FLASH_CACHE DEFAULT CELL_FLASH_CACHE DEFAULT)
  TABLESPACE "SYSTEM" ;
--------------------------------------------------------
--  DDL for Index UNIQUE_NAME
--------------------------------------------------------

  CREATE UNIQUE INDEX "KING"."UNIQUE_NAME" ON "KING"."TEAM" ("TEAM_NAME") 
  PCTFREE 10 INITRANS 2 MAXTRANS 255 COMPUTE STATISTICS 
  STORAGE(INITIAL 65536 NEXT 1048576 MINEXTENTS 1 MAXEXTENTS 2147483645
  PCTINCREASE 0 FREELISTS 1 FREELIST GROUPS 1 BUFFER_POOL DEFAULT FLASH_CACHE DEFAULT CELL_FLASH_CACHE DEFAULT)
  TABLESPACE "SYSTEM" ;
--------------------------------------------------------
--  DDL for Index UNIQUE_TEAM_NUMBER
--------------------------------------------------------

  CREATE UNIQUE INDEX "KING"."UNIQUE_TEAM_NUMBER" ON "KING"."TEAM_MEMBER" ("TEAM_MEMBER") 
  PCTFREE 10 INITRANS 2 MAXTRANS 255 COMPUTE STATISTICS 
  STORAGE(INITIAL 65536 NEXT 1048576 MINEXTENTS 1 MAXEXTENTS 2147483645
  PCTINCREASE 0 FREELISTS 1 FREELIST GROUPS 1 BUFFER_POOL DEFAULT FLASH_CACHE DEFAULT CELL_FLASH_CACHE DEFAULT)
  TABLESPACE "SYSTEM" ;
--------------------------------------------------------
--  DDL for Index SYS_C007678
--------------------------------------------------------

  CREATE UNIQUE INDEX "KING"."SYS_C007678" ON "KING"."BOOKING" ("BOOKING_NO") 
  PCTFREE 10 INITRANS 2 MAXTRANS 255 COMPUTE STATISTICS 
  STORAGE(INITIAL 65536 NEXT 1048576 MINEXTENTS 1 MAXEXTENTS 2147483645
  PCTINCREASE 0 FREELISTS 1 FREELIST GROUPS 1 BUFFER_POOL DEFAULT FLASH_CACHE DEFAULT CELL_FLASH_CACHE DEFAULT)
  TABLESPACE "SYSTEM" ;
--------------------------------------------------------
--  DDL for Index UC_BOOKING_STADIUM_DATE_TIME
--------------------------------------------------------

  CREATE UNIQUE INDEX "KING"."UC_BOOKING_STADIUM_DATE_TIME" ON "KING"."BOOKING" ("STADIUM_NO", "BOOKING_DATE", "TIME_SLOT") 
  PCTFREE 10 INITRANS 2 MAXTRANS 255 COMPUTE STATISTICS 
  STORAGE(INITIAL 65536 NEXT 1048576 MINEXTENTS 1 MAXEXTENTS 2147483645
  PCTINCREASE 0 FREELISTS 1 FREELIST GROUPS 1 BUFFER_POOL DEFAULT FLASH_CACHE DEFAULT CELL_FLASH_CACHE DEFAULT)
  TABLESPACE "SYSTEM" ;
--------------------------------------------------------
--  DDL for Index SYS_C007387
--------------------------------------------------------

  CREATE UNIQUE INDEX "KING"."SYS_C007387" ON "KING"."BUY" ("BUY_NO") 
  PCTFREE 10 INITRANS 2 MAXTRANS 255 COMPUTE STATISTICS 
  STORAGE(INITIAL 65536 NEXT 1048576 MINEXTENTS 1 MAXEXTENTS 2147483645
  PCTINCREASE 0 FREELISTS 1 FREELIST GROUPS 1 BUFFER_POOL DEFAULT FLASH_CACHE DEFAULT CELL_FLASH_CACHE DEFAULT)
  TABLESPACE "SYSTEM" ;
--------------------------------------------------------
--  DDL for Index SYS_C007975
--------------------------------------------------------

  CREATE UNIQUE INDEX "KING"."SYS_C007975" ON "KING"."CODE_RELIGION" ("RELIGION_CODE") 
  PCTFREE 10 INITRANS 2 MAXTRANS 255 
  STORAGE(INITIAL 65536 NEXT 1048576 MINEXTENTS 1 MAXEXTENTS 2147483645
  PCTINCREASE 0 FREELISTS 1 FREELIST GROUPS 1 BUFFER_POOL DEFAULT FLASH_CACHE DEFAULT CELL_FLASH_CACHE DEFAULT)
  TABLESPACE "SYSTEM" ;
--------------------------------------------------------
--  DDL for Index SYS_C007976
--------------------------------------------------------

  CREATE UNIQUE INDEX "KING"."SYS_C007976" ON "KING"."CODE_RELIGION" ("RELIGION_NAME") 
  PCTFREE 10 INITRANS 2 MAXTRANS 255 
  STORAGE(INITIAL 65536 NEXT 1048576 MINEXTENTS 1 MAXEXTENTS 2147483645
  PCTINCREASE 0 FREELISTS 1 FREELIST GROUPS 1 BUFFER_POOL DEFAULT FLASH_CACHE DEFAULT CELL_FLASH_CACHE DEFAULT)
  TABLESPACE "SYSTEM" ;
--------------------------------------------------------
--  DDL for Index SYS_C007978
--------------------------------------------------------

  CREATE UNIQUE INDEX "KING"."SYS_C007978" ON "KING"."CODE_SCHOOL" ("SCHOOL_CODE") 
  PCTFREE 10 INITRANS 2 MAXTRANS 255 
  STORAGE(INITIAL 65536 NEXT 1048576 MINEXTENTS 1 MAXEXTENTS 2147483645
  PCTINCREASE 0 FREELISTS 1 FREELIST GROUPS 1 BUFFER_POOL DEFAULT FLASH_CACHE DEFAULT CELL_FLASH_CACHE DEFAULT)
  TABLESPACE "SYSTEM" ;
--------------------------------------------------------
--  DDL for Index SYS_C007979
--------------------------------------------------------

  CREATE UNIQUE INDEX "KING"."SYS_C007979" ON "KING"."CODE_SCHOOL" ("SCHOOL_NAME") 
  PCTFREE 10 INITRANS 2 MAXTRANS 255 
  STORAGE(INITIAL 65536 NEXT 1048576 MINEXTENTS 1 MAXEXTENTS 2147483645
  PCTINCREASE 0 FREELISTS 1 FREELIST GROUPS 1 BUFFER_POOL DEFAULT FLASH_CACHE DEFAULT CELL_FLASH_CACHE DEFAULT)
  TABLESPACE "SYSTEM" ;
--------------------------------------------------------
--  DDL for Index SYS_C007972
--------------------------------------------------------

  CREATE UNIQUE INDEX "KING"."SYS_C007972" ON "KING"."CODE_SKILL" ("SKILL_CODE") 
  PCTFREE 10 INITRANS 2 MAXTRANS 255 
  STORAGE(INITIAL 65536 NEXT 1048576 MINEXTENTS 1 MAXEXTENTS 2147483645
  PCTINCREASE 0 FREELISTS 1 FREELIST GROUPS 1 BUFFER_POOL DEFAULT FLASH_CACHE DEFAULT CELL_FLASH_CACHE DEFAULT)
  TABLESPACE "SYSTEM" ;
--------------------------------------------------------
--  DDL for Index SYS_C007973
--------------------------------------------------------

  CREATE UNIQUE INDEX "KING"."SYS_C007973" ON "KING"."CODE_SKILL" ("SKILL_NAME") 
  PCTFREE 10 INITRANS 2 MAXTRANS 255 
  STORAGE(INITIAL 65536 NEXT 1048576 MINEXTENTS 1 MAXEXTENTS 2147483645
  PCTINCREASE 0 FREELISTS 1 FREELIST GROUPS 1 BUFFER_POOL DEFAULT FLASH_CACHE DEFAULT CELL_FLASH_CACHE DEFAULT)
  TABLESPACE "SYSTEM" ;
--------------------------------------------------------
--  DDL for Index SYS_C007527
--------------------------------------------------------

  CREATE UNIQUE INDEX "KING"."SYS_C007527" ON "KING"."CUSTOMERSERVICE_CATEGORY" ("CUSTOMERSERVICE_CATEGORYNO") 
  PCTFREE 10 INITRANS 2 MAXTRANS 255 COMPUTE STATISTICS 
  STORAGE(INITIAL 65536 NEXT 1048576 MINEXTENTS 1 MAXEXTENTS 2147483645
  PCTINCREASE 0 FREELISTS 1 FREELIST GROUPS 1 BUFFER_POOL DEFAULT FLASH_CACHE DEFAULT CELL_FLASH_CACHE DEFAULT)
  TABLESPACE "SYSTEM" ;
--------------------------------------------------------
--  DDL for Index SYS_C007374
--------------------------------------------------------

  CREATE UNIQUE INDEX "KING"."SYS_C007374" ON "KING"."DAY_OF_WEEK" ("DAY_NO") 
  PCTFREE 10 INITRANS 2 MAXTRANS 255 COMPUTE STATISTICS 
  STORAGE(INITIAL 65536 NEXT 1048576 MINEXTENTS 1 MAXEXTENTS 2147483645
  PCTINCREASE 0 FREELISTS 1 FREELIST GROUPS 1 BUFFER_POOL DEFAULT FLASH_CACHE DEFAULT CELL_FLASH_CACHE DEFAULT)
  TABLESPACE "SYSTEM" ;
--------------------------------------------------------
--  DDL for Index SYS_C007985
--------------------------------------------------------

  CREATE UNIQUE INDEX "KING"."SYS_C007985" ON "KING"."DEVELOPER" ("DEVELOPER_NO") 
  PCTFREE 10 INITRANS 2 MAXTRANS 255 
  STORAGE(INITIAL 65536 NEXT 1048576 MINEXTENTS 1 MAXEXTENTS 2147483645
  PCTINCREASE 0 FREELISTS 1 FREELIST GROUPS 1 BUFFER_POOL DEFAULT FLASH_CACHE DEFAULT CELL_FLASH_CACHE DEFAULT)
  TABLESPACE "SYSTEM" ;
--------------------------------------------------------
--  DDL for Index SYS_C007986
--------------------------------------------------------

  CREATE UNIQUE INDEX "KING"."SYS_C007986" ON "KING"."DEVELOPER" ("JUMIN_NO") 
  PCTFREE 10 INITRANS 2 MAXTRANS 255 
  STORAGE(INITIAL 65536 NEXT 1048576 MINEXTENTS 1 MAXEXTENTS 2147483645
  PCTINCREASE 0 FREELISTS 1 FREELIST GROUPS 1 BUFFER_POOL DEFAULT FLASH_CACHE DEFAULT CELL_FLASH_CACHE DEFAULT)
  TABLESPACE "SYSTEM" ;
--------------------------------------------------------
--  DDL for Index SYS_C007996
--------------------------------------------------------

  CREATE UNIQUE INDEX "KING"."SYS_C007996" ON "KING"."DEVELOPER_SKILL" ("DEVELOPER_SKILL_NO") 
  PCTFREE 10 INITRANS 2 MAXTRANS 255 
  STORAGE(INITIAL 65536 NEXT 1048576 MINEXTENTS 1 MAXEXTENTS 2147483645
  PCTINCREASE 0 FREELISTS 1 FREELIST GROUPS 1 BUFFER_POOL DEFAULT FLASH_CACHE DEFAULT CELL_FLASH_CACHE DEFAULT)
  TABLESPACE "SYSTEM" ;
--------------------------------------------------------
--  DDL for Index SYS_C007217
--------------------------------------------------------

  CREATE UNIQUE INDEX "KING"."SYS_C007217" ON "KING"."FREEBOARD" ("B_NO") 
  PCTFREE 10 INITRANS 2 MAXTRANS 255 COMPUTE STATISTICS 
  STORAGE(INITIAL 65536 NEXT 1048576 MINEXTENTS 1 MAXEXTENTS 2147483645
  PCTINCREASE 0 FREELISTS 1 FREELIST GROUPS 1 BUFFER_POOL DEFAULT FLASH_CACHE DEFAULT CELL_FLASH_CACHE DEFAULT)
  TABLESPACE "SYSTEM" ;
--------------------------------------------------------
--  DDL for Index SYS_C007255
--------------------------------------------------------

  CREATE UNIQUE INDEX "KING"."SYS_C007255" ON "KING"."FREEBOARD_COMMENT" ("COMMENT_NO") 
  PCTFREE 10 INITRANS 2 MAXTRANS 255 COMPUTE STATISTICS 
  STORAGE(INITIAL 65536 NEXT 1048576 MINEXTENTS 1 MAXEXTENTS 2147483645
  PCTINCREASE 0 FREELISTS 1 FREELIST GROUPS 1 BUFFER_POOL DEFAULT FLASH_CACHE DEFAULT CELL_FLASH_CACHE DEFAULT)
  TABLESPACE "SYSTEM" ;
--------------------------------------------------------
--  DDL for Index SYS_C007391
--------------------------------------------------------

  CREATE UNIQUE INDEX "KING"."SYS_C007391" ON "KING"."FREE_SHARING" ("FREE_SHARING_NO") 
  PCTFREE 10 INITRANS 2 MAXTRANS 255 COMPUTE STATISTICS 
  STORAGE(INITIAL 65536 NEXT 1048576 MINEXTENTS 1 MAXEXTENTS 2147483645
  PCTINCREASE 0 FREELISTS 1 FREELIST GROUPS 1 BUFFER_POOL DEFAULT FLASH_CACHE DEFAULT CELL_FLASH_CACHE DEFAULT)
  TABLESPACE "SYSTEM" ;
--------------------------------------------------------
--  DDL for Index SYS_C007393
--------------------------------------------------------

  CREATE UNIQUE INDEX "KING"."SYS_C007393" ON "KING"."FREE_SHARING_COMMENT" ("COMMENT_NO") 
  PCTFREE 10 INITRANS 2 MAXTRANS 255 COMPUTE STATISTICS 
  STORAGE(INITIAL 65536 NEXT 1048576 MINEXTENTS 1 MAXEXTENTS 2147483645
  PCTINCREASE 0 FREELISTS 1 FREELIST GROUPS 1 BUFFER_POOL DEFAULT FLASH_CACHE DEFAULT CELL_FLASH_CACHE DEFAULT)
  TABLESPACE "SYSTEM" ;
--------------------------------------------------------
--  DDL for Index PK_RECRUITMENT_NO
--------------------------------------------------------

  CREATE UNIQUE INDEX "KING"."PK_RECRUITMENT_NO" ON "KING"."HIRED_RECRUITMENT" ("RECRUITMENT_NO") 
  PCTFREE 10 INITRANS 2 MAXTRANS 255 COMPUTE STATISTICS 
  STORAGE(INITIAL 65536 NEXT 1048576 MINEXTENTS 1 MAXEXTENTS 2147483645
  PCTINCREASE 0 FREELISTS 1 FREELIST GROUPS 1 BUFFER_POOL DEFAULT FLASH_CACHE DEFAULT CELL_FLASH_CACHE DEFAULT)
  TABLESPACE "SYSTEM" ;
--------------------------------------------------------
--  DDL for Index SYS_C007792
--------------------------------------------------------

  CREATE UNIQUE INDEX "KING"."SYS_C007792" ON "KING"."LESSON_RECRUITMENT" ("RECRUITMENT_NO") 
  PCTFREE 10 INITRANS 2 MAXTRANS 255 COMPUTE STATISTICS 
  STORAGE(INITIAL 65536 NEXT 1048576 MINEXTENTS 1 MAXEXTENTS 2147483645
  PCTINCREASE 0 FREELISTS 1 FREELIST GROUPS 1 BUFFER_POOL DEFAULT FLASH_CACHE DEFAULT CELL_FLASH_CACHE DEFAULT)
  TABLESPACE "SYSTEM" ;
--------------------------------------------------------
--  DDL for Index SYS_C007396
--------------------------------------------------------

  CREATE UNIQUE INDEX "KING"."SYS_C007396" ON "KING"."MATCH" ("MATCH_NO") 
  PCTFREE 10 INITRANS 2 MAXTRANS 255 COMPUTE STATISTICS 
  STORAGE(INITIAL 65536 NEXT 1048576 MINEXTENTS 1 MAXEXTENTS 2147483645
  PCTINCREASE 0 FREELISTS 1 FREELIST GROUPS 1 BUFFER_POOL DEFAULT FLASH_CACHE DEFAULT CELL_FLASH_CACHE DEFAULT)
  TABLESPACE "SYSTEM" ;
--------------------------------------------------------
--  DDL for Index SYS_C007320
--------------------------------------------------------

  CREATE UNIQUE INDEX "KING"."SYS_C007320" ON "KING"."MEMBER" ("M_NO") 
  PCTFREE 10 INITRANS 2 MAXTRANS 255 COMPUTE STATISTICS 
  STORAGE(INITIAL 65536 NEXT 1048576 MINEXTENTS 1 MAXEXTENTS 2147483645
  PCTINCREASE 0 FREELISTS 1 FREELIST GROUPS 1 BUFFER_POOL DEFAULT FLASH_CACHE DEFAULT CELL_FLASH_CACHE DEFAULT)
  TABLESPACE "SYSTEM" ;
--------------------------------------------------------
--  DDL for Index SYS_C007321
--------------------------------------------------------

  CREATE UNIQUE INDEX "KING"."SYS_C007321" ON "KING"."MEMBER" ("MID") 
  PCTFREE 10 INITRANS 2 MAXTRANS 255 COMPUTE STATISTICS 
  STORAGE(INITIAL 65536 NEXT 1048576 MINEXTENTS 1 MAXEXTENTS 2147483645
  PCTINCREASE 0 FREELISTS 1 FREELIST GROUPS 1 BUFFER_POOL DEFAULT FLASH_CACHE DEFAULT CELL_FLASH_CACHE DEFAULT)
  TABLESPACE "SYSTEM" ;
--------------------------------------------------------
--  DDL for Index SYS_C007322
--------------------------------------------------------

  CREATE UNIQUE INDEX "KING"."SYS_C007322" ON "KING"."MEMBER" ("NICKNAME") 
  PCTFREE 10 INITRANS 2 MAXTRANS 255 COMPUTE STATISTICS 
  STORAGE(INITIAL 65536 NEXT 1048576 MINEXTENTS 1 MAXEXTENTS 2147483645
  PCTINCREASE 0 FREELISTS 1 FREELIST GROUPS 1 BUFFER_POOL DEFAULT FLASH_CACHE DEFAULT CELL_FLASH_CACHE DEFAULT)
  TABLESPACE "SYSTEM" ;
--------------------------------------------------------
--  DDL for Index SYS_C007323
--------------------------------------------------------

  CREATE UNIQUE INDEX "KING"."SYS_C007323" ON "KING"."MEMBER" ("EMAIL") 
  PCTFREE 10 INITRANS 2 MAXTRANS 255 COMPUTE STATISTICS 
  STORAGE(INITIAL 65536 NEXT 1048576 MINEXTENTS 1 MAXEXTENTS 2147483645
  PCTINCREASE 0 FREELISTS 1 FREELIST GROUPS 1 BUFFER_POOL DEFAULT FLASH_CACHE DEFAULT CELL_FLASH_CACHE DEFAULT)
  TABLESPACE "SYSTEM" ;
--------------------------------------------------------
--  DDL for Index SYS_C007324
--------------------------------------------------------

  CREATE UNIQUE INDEX "KING"."SYS_C007324" ON "KING"."MEMBER" ("PHONE") 
  PCTFREE 10 INITRANS 2 MAXTRANS 255 COMPUTE STATISTICS 
  STORAGE(INITIAL 65536 NEXT 1048576 MINEXTENTS 1 MAXEXTENTS 2147483645
  PCTINCREASE 0 FREELISTS 1 FREELIST GROUPS 1 BUFFER_POOL DEFAULT FLASH_CACHE DEFAULT CELL_FLASH_CACHE DEFAULT)
  TABLESPACE "SYSTEM" ;
--------------------------------------------------------
--  DDL for Index SYS_C007462
--------------------------------------------------------

  CREATE UNIQUE INDEX "KING"."SYS_C007462" ON "KING"."MEMBER_DETAIL" ("MEMBER") 
  PCTFREE 10 INITRANS 2 MAXTRANS 255 COMPUTE STATISTICS 
  STORAGE(INITIAL 65536 NEXT 1048576 MINEXTENTS 1 MAXEXTENTS 2147483645
  PCTINCREASE 0 FREELISTS 1 FREELIST GROUPS 1 BUFFER_POOL DEFAULT FLASH_CACHE DEFAULT CELL_FLASH_CACHE DEFAULT)
  TABLESPACE "SYSTEM" ;
--------------------------------------------------------
--  DDL for Index SYS_C007225
--------------------------------------------------------

  CREATE UNIQUE INDEX "KING"."SYS_C007225" ON "KING"."NOTICEBOARD" ("B_NO") 
  PCTFREE 10 INITRANS 2 MAXTRANS 255 COMPUTE STATISTICS 
  STORAGE(INITIAL 65536 NEXT 1048576 MINEXTENTS 1 MAXEXTENTS 2147483645
  PCTINCREASE 0 FREELISTS 1 FREELIST GROUPS 1 BUFFER_POOL DEFAULT FLASH_CACHE DEFAULT CELL_FLASH_CACHE DEFAULT)
  TABLESPACE "SYSTEM" ;
--------------------------------------------------------
--  DDL for Index SYS_C007414
--------------------------------------------------------

  CREATE UNIQUE INDEX "KING"."SYS_C007414" ON "KING"."PLAYER_RANKING" ("RANKING_NO") 
  PCTFREE 10 INITRANS 2 MAXTRANS 255 COMPUTE STATISTICS 
  STORAGE(INITIAL 65536 NEXT 1048576 MINEXTENTS 1 MAXEXTENTS 2147483645
  PCTINCREASE 0 FREELISTS 1 FREELIST GROUPS 1 BUFFER_POOL DEFAULT FLASH_CACHE DEFAULT CELL_FLASH_CACHE DEFAULT)
  TABLESPACE "SYSTEM" ;
--------------------------------------------------------
--  DDL for Index SYS_C007464
--------------------------------------------------------

  CREATE UNIQUE INDEX "KING"."SYS_C007464" ON "KING"."PLAYER_RECORD" ("PLAYER") 
  PCTFREE 10 INITRANS 2 MAXTRANS 255 COMPUTE STATISTICS 
  STORAGE(INITIAL 65536 NEXT 1048576 MINEXTENTS 1 MAXEXTENTS 2147483645
  PCTINCREASE 0 FREELISTS 1 FREELIST GROUPS 1 BUFFER_POOL DEFAULT FLASH_CACHE DEFAULT CELL_FLASH_CACHE DEFAULT)
  TABLESPACE "SYSTEM" ;
--------------------------------------------------------
--  DDL for Index SYS_C007550
--------------------------------------------------------

  CREATE UNIQUE INDEX "KING"."SYS_C007550" ON "KING"."QNABOARD" ("B_NO") 
  PCTFREE 10 INITRANS 2 MAXTRANS 255 COMPUTE STATISTICS 
  STORAGE(INITIAL 65536 NEXT 1048576 MINEXTENTS 1 MAXEXTENTS 2147483645
  PCTINCREASE 0 FREELISTS 1 FREELIST GROUPS 1 BUFFER_POOL DEFAULT FLASH_CACHE DEFAULT CELL_FLASH_CACHE DEFAULT)
  TABLESPACE "SYSTEM" ;
--------------------------------------------------------
--  DDL for Index B_NO_PK
--------------------------------------------------------

  CREATE UNIQUE INDEX "KING"."B_NO_PK" ON "KING"."RECRUIT_TEAMMEMBOARD" ("B_NO") 
  PCTFREE 10 INITRANS 2 MAXTRANS 255 COMPUTE STATISTICS 
  STORAGE(INITIAL 65536 NEXT 1048576 MINEXTENTS 1 MAXEXTENTS 2147483645
  PCTINCREASE 0 FREELISTS 1 FREELIST GROUPS 1 BUFFER_POOL DEFAULT FLASH_CACHE DEFAULT CELL_FLASH_CACHE DEFAULT)
  TABLESPACE "SYSTEM" ;
--------------------------------------------------------
--  DDL for Index SYS_C007389
--------------------------------------------------------

  CREATE UNIQUE INDEX "KING"."SYS_C007389" ON "KING"."SALE" ("SALE_NO") 
  PCTFREE 10 INITRANS 2 MAXTRANS 255 COMPUTE STATISTICS 
  STORAGE(INITIAL 65536 NEXT 1048576 MINEXTENTS 1 MAXEXTENTS 2147483645
  PCTINCREASE 0 FREELISTS 1 FREELIST GROUPS 1 BUFFER_POOL DEFAULT FLASH_CACHE DEFAULT CELL_FLASH_CACHE DEFAULT)
  TABLESPACE "SYSTEM" ;
--------------------------------------------------------
--  DDL for Index SYS_C007245
--------------------------------------------------------

  CREATE UNIQUE INDEX "KING"."SYS_C007245" ON "KING"."SIDO" ("SIDO_ID") 
  PCTFREE 10 INITRANS 2 MAXTRANS 255 COMPUTE STATISTICS 
  STORAGE(INITIAL 65536 NEXT 1048576 MINEXTENTS 1 MAXEXTENTS 2147483645
  PCTINCREASE 0 FREELISTS 1 FREELIST GROUPS 1 BUFFER_POOL DEFAULT FLASH_CACHE DEFAULT CELL_FLASH_CACHE DEFAULT)
  TABLESPACE "SYSTEM" ;
--------------------------------------------------------
--  DDL for Index PK_SIGUNGU
--------------------------------------------------------

  CREATE UNIQUE INDEX "KING"."PK_SIGUNGU" ON "KING"."SIGUNGU" ("SIGUNGU_ID") 
  PCTFREE 10 INITRANS 2 MAXTRANS 255 COMPUTE STATISTICS 
  STORAGE(INITIAL 65536 NEXT 1048576 MINEXTENTS 1 MAXEXTENTS 2147483645
  PCTINCREASE 0 FREELISTS 1 FREELIST GROUPS 1 BUFFER_POOL DEFAULT FLASH_CACHE DEFAULT CELL_FLASH_CACHE DEFAULT)
  TABLESPACE "SYSTEM" ;
--------------------------------------------------------
--  DDL for Index SYS_C007246
--------------------------------------------------------

  CREATE UNIQUE INDEX "KING"."SYS_C007246" ON "KING"."SIGUNGU(tmp)" ("SIGUNGU_ID") 
  PCTFREE 10 INITRANS 2 MAXTRANS 255 COMPUTE STATISTICS 
  STORAGE(INITIAL 65536 NEXT 1048576 MINEXTENTS 1 MAXEXTENTS 2147483645
  PCTINCREASE 0 FREELISTS 1 FREELIST GROUPS 1 BUFFER_POOL DEFAULT FLASH_CACHE DEFAULT CELL_FLASH_CACHE DEFAULT)
  TABLESPACE "SYSTEM" ;
--------------------------------------------------------
--  DDL for Index SYS_C007380
--------------------------------------------------------

  CREATE UNIQUE INDEX "KING"."SYS_C007380" ON "KING"."STADIUM" ("STADIUM_NO") 
  PCTFREE 10 INITRANS 2 MAXTRANS 255 COMPUTE STATISTICS 
  STORAGE(INITIAL 65536 NEXT 1048576 MINEXTENTS 1 MAXEXTENTS 2147483645
  PCTINCREASE 0 FREELISTS 1 FREELIST GROUPS 1 BUFFER_POOL DEFAULT FLASH_CACHE DEFAULT CELL_FLASH_CACHE DEFAULT)
  TABLESPACE "SYSTEM" ;
--------------------------------------------------------
--  DDL for Index SYS_C007402
--------------------------------------------------------

  CREATE UNIQUE INDEX "KING"."SYS_C007402" ON "KING"."STADIUM_YANGDO" ("YANGDO_NO") 
  PCTFREE 10 INITRANS 2 MAXTRANS 255 COMPUTE STATISTICS 
  STORAGE(INITIAL 65536 NEXT 1048576 MINEXTENTS 1 MAXEXTENTS 2147483645
  PCTINCREASE 0 FREELISTS 1 FREELIST GROUPS 1 BUFFER_POOL DEFAULT FLASH_CACHE DEFAULT CELL_FLASH_CACHE DEFAULT)
  TABLESPACE "SYSTEM" ;
--------------------------------------------------------
--  DDL for Index SYS_C007761
--------------------------------------------------------

  CREATE UNIQUE INDEX "KING"."SYS_C007761" ON "KING"."TEAM" ("TEAM_NO") 
  PCTFREE 10 INITRANS 2 MAXTRANS 255 COMPUTE STATISTICS 
  STORAGE(INITIAL 65536 NEXT 1048576 MINEXTENTS 1 MAXEXTENTS 2147483645
  PCTINCREASE 0 FREELISTS 1 FREELIST GROUPS 1 BUFFER_POOL DEFAULT FLASH_CACHE DEFAULT CELL_FLASH_CACHE DEFAULT)
  TABLESPACE "SYSTEM" ;
--------------------------------------------------------
--  DDL for Index UNIQUE_NAME
--------------------------------------------------------

  CREATE UNIQUE INDEX "KING"."UNIQUE_NAME" ON "KING"."TEAM" ("TEAM_NAME") 
  PCTFREE 10 INITRANS 2 MAXTRANS 255 COMPUTE STATISTICS 
  STORAGE(INITIAL 65536 NEXT 1048576 MINEXTENTS 1 MAXEXTENTS 2147483645
  PCTINCREASE 0 FREELISTS 1 FREELIST GROUPS 1 BUFFER_POOL DEFAULT FLASH_CACHE DEFAULT CELL_FLASH_CACHE DEFAULT)
  TABLESPACE "SYSTEM" ;
--------------------------------------------------------
--  DDL for Index UNIQUE_TEAM_NUMBER
--------------------------------------------------------

  CREATE UNIQUE INDEX "KING"."UNIQUE_TEAM_NUMBER" ON "KING"."TEAM_MEMBER" ("TEAM_MEMBER") 
  PCTFREE 10 INITRANS 2 MAXTRANS 255 COMPUTE STATISTICS 
  STORAGE(INITIAL 65536 NEXT 1048576 MINEXTENTS 1 MAXEXTENTS 2147483645
  PCTINCREASE 0 FREELISTS 1 FREELIST GROUPS 1 BUFFER_POOL DEFAULT FLASH_CACHE DEFAULT CELL_FLASH_CACHE DEFAULT)
  TABLESPACE "SYSTEM" ;
--------------------------------------------------------
--  DDL for Index SYS_C007412
--------------------------------------------------------

  CREATE UNIQUE INDEX "KING"."SYS_C007412" ON "KING"."TEAM_RANKING" ("RANKING_NO") 
  PCTFREE 10 INITRANS 2 MAXTRANS 255 COMPUTE STATISTICS 
  STORAGE(INITIAL 65536 NEXT 1048576 MINEXTENTS 1 MAXEXTENTS 2147483645
  PCTINCREASE 0 FREELISTS 1 FREELIST GROUPS 1 BUFFER_POOL DEFAULT FLASH_CACHE DEFAULT CELL_FLASH_CACHE DEFAULT)
  TABLESPACE "SYSTEM" ;
--------------------------------------------------------
--  DDL for Index SYS_C007404
--------------------------------------------------------

  CREATE UNIQUE INDEX "KING"."SYS_C007404" ON "KING"."TEAM_RECORD" ("TEAM_RECORD_NO") 
  PCTFREE 10 INITRANS 2 MAXTRANS 255 COMPUTE STATISTICS 
  STORAGE(INITIAL 65536 NEXT 1048576 MINEXTENTS 1 MAXEXTENTS 2147483645
  PCTINCREASE 0 FREELISTS 1 FREELIST GROUPS 1 BUFFER_POOL DEFAULT FLASH_CACHE DEFAULT CELL_FLASH_CACHE DEFAULT)
  TABLESPACE "SYSTEM" ;
--------------------------------------------------------
--  DDL for Index SYS_C007378
--------------------------------------------------------

  CREATE UNIQUE INDEX "KING"."SYS_C007378" ON "KING"."TIME_TABLE" ("TIME_NO") 
  PCTFREE 10 INITRANS 2 MAXTRANS 255 COMPUTE STATISTICS 
  STORAGE(INITIAL 65536 NEXT 1048576 MINEXTENTS 1 MAXEXTENTS 2147483645
  PCTINCREASE 0 FREELISTS 1 FREELIST GROUPS 1 BUFFER_POOL DEFAULT FLASH_CACHE DEFAULT CELL_FLASH_CACHE DEFAULT)
  TABLESPACE "SYSTEM" ;
--------------------------------------------------------
--  DDL for Index UNIQUE_M_NO
--------------------------------------------------------

  CREATE UNIQUE INDEX "KING"."UNIQUE_M_NO" ON "KING"."WAITING_TEAMREG" ("NAME") 
  PCTFREE 10 INITRANS 2 MAXTRANS 255 COMPUTE STATISTICS 
  STORAGE(INITIAL 65536 NEXT 1048576 MINEXTENTS 1 MAXEXTENTS 2147483645
  PCTINCREASE 0 FREELISTS 1 FREELIST GROUPS 1 BUFFER_POOL DEFAULT FLASH_CACHE DEFAULT CELL_FLASH_CACHE DEFAULT)
  TABLESPACE "SYSTEM" ;
--------------------------------------------------------
--  Constraints for Table BOOKING
--------------------------------------------------------

  ALTER TABLE "KING"."BOOKING" MODIFY ("M_NO" NOT NULL ENABLE);
  ALTER TABLE "KING"."BOOKING" ADD CONSTRAINT "UC_BOOKING_STADIUM_DATE_TIME" UNIQUE ("STADIUM_NO", "BOOKING_DATE", "TIME_SLOT")
  USING INDEX PCTFREE 10 INITRANS 2 MAXTRANS 255 COMPUTE STATISTICS 
  STORAGE(INITIAL 65536 NEXT 1048576 MINEXTENTS 1 MAXEXTENTS 2147483645
  PCTINCREASE 0 FREELISTS 1 FREELIST GROUPS 1 BUFFER_POOL DEFAULT FLASH_CACHE DEFAULT CELL_FLASH_CACHE DEFAULT)
  TABLESPACE "SYSTEM"  ENABLE;
  ALTER TABLE "KING"."BOOKING" ADD PRIMARY KEY ("BOOKING_NO")
  USING INDEX PCTFREE 10 INITRANS 2 MAXTRANS 255 COMPUTE STATISTICS 
  STORAGE(INITIAL 65536 NEXT 1048576 MINEXTENTS 1 MAXEXTENTS 2147483645
  PCTINCREASE 0 FREELISTS 1 FREELIST GROUPS 1 BUFFER_POOL DEFAULT FLASH_CACHE DEFAULT CELL_FLASH_CACHE DEFAULT)
  TABLESPACE "SYSTEM"  ENABLE;
  ALTER TABLE "KING"."BOOKING" MODIFY ("TIME_SLOT" NOT NULL ENABLE);
  ALTER TABLE "KING"."BOOKING" MODIFY ("BOOKING_DATE" NOT NULL ENABLE);
  ALTER TABLE "KING"."BOOKING" MODIFY ("STADIUM_NO" NOT NULL ENABLE);
--------------------------------------------------------
--  Constraints for Table BUY
--------------------------------------------------------

  ALTER TABLE "KING"."BUY" ADD PRIMARY KEY ("BUY_NO")
  USING INDEX PCTFREE 10 INITRANS 2 MAXTRANS 255 COMPUTE STATISTICS 
  STORAGE(INITIAL 65536 NEXT 1048576 MINEXTENTS 1 MAXEXTENTS 2147483645
  PCTINCREASE 0 FREELISTS 1 FREELIST GROUPS 1 BUFFER_POOL DEFAULT FLASH_CACHE DEFAULT CELL_FLASH_CACHE DEFAULT)
  TABLESPACE "SYSTEM"  ENABLE;
--------------------------------------------------------
--  Constraints for Table CODE_RELIGION
--------------------------------------------------------

  ALTER TABLE "KING"."CODE_RELIGION" ADD UNIQUE ("RELIGION_NAME")
  USING INDEX PCTFREE 10 INITRANS 2 MAXTRANS 255 
  STORAGE(INITIAL 65536 NEXT 1048576 MINEXTENTS 1 MAXEXTENTS 2147483645
  PCTINCREASE 0 FREELISTS 1 FREELIST GROUPS 1 BUFFER_POOL DEFAULT FLASH_CACHE DEFAULT CELL_FLASH_CACHE DEFAULT)
  TABLESPACE "SYSTEM"  ENABLE;
  ALTER TABLE "KING"."CODE_RELIGION" ADD PRIMARY KEY ("RELIGION_CODE")
  USING INDEX PCTFREE 10 INITRANS 2 MAXTRANS 255 
  STORAGE(INITIAL 65536 NEXT 1048576 MINEXTENTS 1 MAXEXTENTS 2147483645
  PCTINCREASE 0 FREELISTS 1 FREELIST GROUPS 1 BUFFER_POOL DEFAULT FLASH_CACHE DEFAULT CELL_FLASH_CACHE DEFAULT)
  TABLESPACE "SYSTEM"  ENABLE;
  ALTER TABLE "KING"."CODE_RELIGION" MODIFY ("RELIGION_NAME" NOT NULL ENABLE);
--------------------------------------------------------
--  Constraints for Table CODE_SCHOOL
--------------------------------------------------------

  ALTER TABLE "KING"."CODE_SCHOOL" ADD UNIQUE ("SCHOOL_NAME")
  USING INDEX PCTFREE 10 INITRANS 2 MAXTRANS 255 
  STORAGE(INITIAL 65536 NEXT 1048576 MINEXTENTS 1 MAXEXTENTS 2147483645
  PCTINCREASE 0 FREELISTS 1 FREELIST GROUPS 1 BUFFER_POOL DEFAULT FLASH_CACHE DEFAULT CELL_FLASH_CACHE DEFAULT)
  TABLESPACE "SYSTEM"  ENABLE;
  ALTER TABLE "KING"."CODE_SCHOOL" ADD PRIMARY KEY ("SCHOOL_CODE")
  USING INDEX PCTFREE 10 INITRANS 2 MAXTRANS 255 
  STORAGE(INITIAL 65536 NEXT 1048576 MINEXTENTS 1 MAXEXTENTS 2147483645
  PCTINCREASE 0 FREELISTS 1 FREELIST GROUPS 1 BUFFER_POOL DEFAULT FLASH_CACHE DEFAULT CELL_FLASH_CACHE DEFAULT)
  TABLESPACE "SYSTEM"  ENABLE;
  ALTER TABLE "KING"."CODE_SCHOOL" MODIFY ("SCHOOL_NAME" NOT NULL ENABLE);
--------------------------------------------------------
--  Constraints for Table CODE_SKILL
--------------------------------------------------------

  ALTER TABLE "KING"."CODE_SKILL" ADD UNIQUE ("SKILL_NAME")
  USING INDEX PCTFREE 10 INITRANS 2 MAXTRANS 255 
  STORAGE(INITIAL 65536 NEXT 1048576 MINEXTENTS 1 MAXEXTENTS 2147483645
  PCTINCREASE 0 FREELISTS 1 FREELIST GROUPS 1 BUFFER_POOL DEFAULT FLASH_CACHE DEFAULT CELL_FLASH_CACHE DEFAULT)
  TABLESPACE "SYSTEM"  ENABLE;
  ALTER TABLE "KING"."CODE_SKILL" ADD PRIMARY KEY ("SKILL_CODE")
  USING INDEX PCTFREE 10 INITRANS 2 MAXTRANS 255 
  STORAGE(INITIAL 65536 NEXT 1048576 MINEXTENTS 1 MAXEXTENTS 2147483645
  PCTINCREASE 0 FREELISTS 1 FREELIST GROUPS 1 BUFFER_POOL DEFAULT FLASH_CACHE DEFAULT CELL_FLASH_CACHE DEFAULT)
  TABLESPACE "SYSTEM"  ENABLE;
  ALTER TABLE "KING"."CODE_SKILL" MODIFY ("SKILL_NAME" NOT NULL ENABLE);
--------------------------------------------------------
--  Constraints for Table CUSTOMERSERVICE
--------------------------------------------------------

  ALTER TABLE "KING"."CUSTOMERSERVICE" MODIFY ("CUSTOMERSERVICE_CONTENT" NOT NULL ENABLE);
  ALTER TABLE "KING"."CUSTOMERSERVICE" MODIFY ("CUSTOMERSERVICE_SUBJECT" NOT NULL ENABLE);
  ALTER TABLE "KING"."CUSTOMERSERVICE" MODIFY ("CUSTOMERSERVICE_CATEGORYNO" NOT NULL ENABLE);
--------------------------------------------------------
--  Constraints for Table CUSTOMERSERVICE_CATEGORY
--------------------------------------------------------

  ALTER TABLE "KING"."CUSTOMERSERVICE_CATEGORY" ADD PRIMARY KEY ("CUSTOMERSERVICE_CATEGORYNO")
  USING INDEX PCTFREE 10 INITRANS 2 MAXTRANS 255 COMPUTE STATISTICS 
  STORAGE(INITIAL 65536 NEXT 1048576 MINEXTENTS 1 MAXEXTENTS 2147483645
  PCTINCREASE 0 FREELISTS 1 FREELIST GROUPS 1 BUFFER_POOL DEFAULT FLASH_CACHE DEFAULT CELL_FLASH_CACHE DEFAULT)
  TABLESPACE "SYSTEM"  ENABLE;
  ALTER TABLE "KING"."CUSTOMERSERVICE_CATEGORY" MODIFY ("CUSTOMERSERVICE_CATEGORYNAME" NOT NULL ENABLE);
  ALTER TABLE "KING"."CUSTOMERSERVICE_CATEGORY" MODIFY ("CUSTOMERSERVICE_CATEGORYNO" NOT NULL ENABLE);
--------------------------------------------------------
--  Constraints for Table DAY_OF_WEEK
--------------------------------------------------------

  ALTER TABLE "KING"."DAY_OF_WEEK" ADD PRIMARY KEY ("DAY_NO")
  USING INDEX PCTFREE 10 INITRANS 2 MAXTRANS 255 COMPUTE STATISTICS 
  STORAGE(INITIAL 65536 NEXT 1048576 MINEXTENTS 1 MAXEXTENTS 2147483645
  PCTINCREASE 0 FREELISTS 1 FREELIST GROUPS 1 BUFFER_POOL DEFAULT FLASH_CACHE DEFAULT CELL_FLASH_CACHE DEFAULT)
  TABLESPACE "SYSTEM"  ENABLE;
  ALTER TABLE "KING"."DAY_OF_WEEK" MODIFY ("DAY_NAME" NOT NULL ENABLE);
--------------------------------------------------------
--  Constraints for Table DEVELOPER
--------------------------------------------------------

  ALTER TABLE "KING"."DEVELOPER" ADD UNIQUE ("JUMIN_NO")
  USING INDEX PCTFREE 10 INITRANS 2 MAXTRANS 255 
  STORAGE(INITIAL 65536 NEXT 1048576 MINEXTENTS 1 MAXEXTENTS 2147483645
  PCTINCREASE 0 FREELISTS 1 FREELIST GROUPS 1 BUFFER_POOL DEFAULT FLASH_CACHE DEFAULT CELL_FLASH_CACHE DEFAULT)
  TABLESPACE "SYSTEM"  ENABLE;
  ALTER TABLE "KING"."DEVELOPER" ADD PRIMARY KEY ("DEVELOPER_NO")
  USING INDEX PCTFREE 10 INITRANS 2 MAXTRANS 255 
  STORAGE(INITIAL 65536 NEXT 1048576 MINEXTENTS 1 MAXEXTENTS 2147483645
  PCTINCREASE 0 FREELISTS 1 FREELIST GROUPS 1 BUFFER_POOL DEFAULT FLASH_CACHE DEFAULT CELL_FLASH_CACHE DEFAULT)
  TABLESPACE "SYSTEM"  ENABLE;
  ALTER TABLE "KING"."DEVELOPER" MODIFY ("GRADUATE_DAY" NOT NULL ENABLE);
  ALTER TABLE "KING"."DEVELOPER" MODIFY ("RELIGION_CODE" NOT NULL ENABLE);
  ALTER TABLE "KING"."DEVELOPER" MODIFY ("SCHOOL_CODE" NOT NULL ENABLE);
  ALTER TABLE "KING"."DEVELOPER" MODIFY ("JUMIN_NO" NOT NULL ENABLE);
  ALTER TABLE "KING"."DEVELOPER" MODIFY ("DEVELOPER_NAME" NOT NULL ENABLE);
--------------------------------------------------------
--  Constraints for Table DEVELOPER_SKILL
--------------------------------------------------------

  ALTER TABLE "KING"."DEVELOPER_SKILL" ADD PRIMARY KEY ("DEVELOPER_SKILL_NO")
  USING INDEX PCTFREE 10 INITRANS 2 MAXTRANS 255 
  STORAGE(INITIAL 65536 NEXT 1048576 MINEXTENTS 1 MAXEXTENTS 2147483645
  PCTINCREASE 0 FREELISTS 1 FREELIST GROUPS 1 BUFFER_POOL DEFAULT FLASH_CACHE DEFAULT CELL_FLASH_CACHE DEFAULT)
  TABLESPACE "SYSTEM"  ENABLE;
  ALTER TABLE "KING"."DEVELOPER_SKILL" MODIFY ("SKILL_CODE" NOT NULL ENABLE);
  ALTER TABLE "KING"."DEVELOPER_SKILL" MODIFY ("DEVELOPER_NO" NOT NULL ENABLE);
--------------------------------------------------------
--  Constraints for Table FREEBOARD
--------------------------------------------------------

  ALTER TABLE "KING"."FREEBOARD" ADD PRIMARY KEY ("B_NO")
  USING INDEX PCTFREE 10 INITRANS 2 MAXTRANS 255 COMPUTE STATISTICS 
  STORAGE(INITIAL 65536 NEXT 1048576 MINEXTENTS 1 MAXEXTENTS 2147483645
  PCTINCREASE 0 FREELISTS 1 FREELIST GROUPS 1 BUFFER_POOL DEFAULT FLASH_CACHE DEFAULT CELL_FLASH_CACHE DEFAULT)
  TABLESPACE "SYSTEM"  ENABLE;
  ALTER TABLE "KING"."FREEBOARD" MODIFY ("CONTENT" NOT NULL ENABLE);
  ALTER TABLE "KING"."FREEBOARD" MODIFY ("WRITER" NOT NULL ENABLE);
  ALTER TABLE "KING"."FREEBOARD" MODIFY ("SUBJECT" NOT NULL ENABLE);
--------------------------------------------------------
--  Constraints for Table FREEBOARD_COMMENT
--------------------------------------------------------

  ALTER TABLE "KING"."FREEBOARD_COMMENT" ADD PRIMARY KEY ("COMMENT_NO")
  USING INDEX PCTFREE 10 INITRANS 2 MAXTRANS 255 COMPUTE STATISTICS 
  STORAGE(INITIAL 65536 NEXT 1048576 MINEXTENTS 1 MAXEXTENTS 2147483645
  PCTINCREASE 0 FREELISTS 1 FREELIST GROUPS 1 BUFFER_POOL DEFAULT FLASH_CACHE DEFAULT CELL_FLASH_CACHE DEFAULT)
  TABLESPACE "SYSTEM"  ENABLE;
  ALTER TABLE "KING"."FREEBOARD_COMMENT" MODIFY ("PRINT_LEVEL" NOT NULL ENABLE);
  ALTER TABLE "KING"."FREEBOARD_COMMENT" MODIFY ("PRINT_NO" NOT NULL ENABLE);
  ALTER TABLE "KING"."FREEBOARD_COMMENT" MODIFY ("GROUP_NO" NOT NULL ENABLE);
  ALTER TABLE "KING"."FREEBOARD_COMMENT" MODIFY ("CONTENT" NOT NULL ENABLE);
  ALTER TABLE "KING"."FREEBOARD_COMMENT" MODIFY ("NICK_NAME" NOT NULL ENABLE);
  ALTER TABLE "KING"."FREEBOARD_COMMENT" MODIFY ("B_NO" NOT NULL ENABLE);
  ALTER TABLE "KING"."FREEBOARD_COMMENT" MODIFY ("COMMENT_NO" NOT NULL ENABLE);
--------------------------------------------------------
--  Constraints for Table FREE_SHARING
--------------------------------------------------------

  ALTER TABLE "KING"."FREE_SHARING" ADD PRIMARY KEY ("FREE_SHARING_NO")
  USING INDEX PCTFREE 10 INITRANS 2 MAXTRANS 255 COMPUTE STATISTICS 
  STORAGE(INITIAL 65536 NEXT 1048576 MINEXTENTS 1 MAXEXTENTS 2147483645
  PCTINCREASE 0 FREELISTS 1 FREELIST GROUPS 1 BUFFER_POOL DEFAULT FLASH_CACHE DEFAULT CELL_FLASH_CACHE DEFAULT)
  TABLESPACE "SYSTEM"  ENABLE;
--------------------------------------------------------
--  Constraints for Table FREE_SHARING_COMMENT
--------------------------------------------------------

  ALTER TABLE "KING"."FREE_SHARING_COMMENT" ADD PRIMARY KEY ("COMMENT_NO")
  USING INDEX PCTFREE 10 INITRANS 2 MAXTRANS 255 COMPUTE STATISTICS 
  STORAGE(INITIAL 65536 NEXT 1048576 MINEXTENTS 1 MAXEXTENTS 2147483645
  PCTINCREASE 0 FREELISTS 1 FREELIST GROUPS 1 BUFFER_POOL DEFAULT FLASH_CACHE DEFAULT CELL_FLASH_CACHE DEFAULT)
  TABLESPACE "SYSTEM"  ENABLE;
--------------------------------------------------------
--  Constraints for Table HIREDBOARD_DAY
--------------------------------------------------------

  ALTER TABLE "KING"."HIREDBOARD_DAY" MODIFY ("DAY" NOT NULL ENABLE);
  ALTER TABLE "KING"."HIREDBOARD_DAY" MODIFY ("RECRUITMENT_NO" NOT NULL ENABLE);
--------------------------------------------------------
--  Constraints for Table HIREDBOARD_TIME
--------------------------------------------------------

  ALTER TABLE "KING"."HIREDBOARD_TIME" MODIFY ("TIME" NOT NULL ENABLE);
  ALTER TABLE "KING"."HIREDBOARD_TIME" MODIFY ("RECRUITMENT_NO" NOT NULL ENABLE);
--------------------------------------------------------
--  Constraints for Table HIRED_RECRUITMENT
--------------------------------------------------------

  ALTER TABLE "KING"."HIRED_RECRUITMENT" MODIFY ("CONTENT" NOT NULL ENABLE);
  ALTER TABLE "KING"."HIRED_RECRUITMENT" MODIFY ("TITLE" NOT NULL ENABLE);
  ALTER TABLE "KING"."HIRED_RECRUITMENT" ADD CONSTRAINT "PK_RECRUITMENT_NO" PRIMARY KEY ("RECRUITMENT_NO")
  USING INDEX PCTFREE 10 INITRANS 2 MAXTRANS 255 COMPUTE STATISTICS 
  STORAGE(INITIAL 65536 NEXT 1048576 MINEXTENTS 1 MAXEXTENTS 2147483645
  PCTINCREASE 0 FREELISTS 1 FREELIST GROUPS 1 BUFFER_POOL DEFAULT FLASH_CACHE DEFAULT CELL_FLASH_CACHE DEFAULT)
  TABLESPACE "SYSTEM"  ENABLE;
--------------------------------------------------------
--  Constraints for Table IMAGEBOARD
--------------------------------------------------------

  ALTER TABLE "KING"."IMAGEBOARD" MODIFY ("CONTENT" NOT NULL ENABLE);
  ALTER TABLE "KING"."IMAGEBOARD" MODIFY ("WRITER" NOT NULL ENABLE);
  ALTER TABLE "KING"."IMAGEBOARD" MODIFY ("SUBJECT" NOT NULL ENABLE);
  ALTER TABLE "KING"."IMAGEBOARD" MODIFY ("B_NO" NOT NULL ENABLE);
--------------------------------------------------------
--  Constraints for Table LESSONBOARD_DAY
--------------------------------------------------------

  ALTER TABLE "KING"."LESSONBOARD_DAY" MODIFY ("DAY" NOT NULL ENABLE);
  ALTER TABLE "KING"."LESSONBOARD_DAY" MODIFY ("RECRUITMENT_NO" NOT NULL ENABLE);
--------------------------------------------------------
--  Constraints for Table LESSONBOARD_TIME
--------------------------------------------------------

  ALTER TABLE "KING"."LESSONBOARD_TIME" MODIFY ("TIME" NOT NULL ENABLE);
  ALTER TABLE "KING"."LESSONBOARD_TIME" MODIFY ("RECRUITMENT_NO" NOT NULL ENABLE);
--------------------------------------------------------
--  Constraints for Table LESSON_MEMBER
--------------------------------------------------------

  ALTER TABLE "KING"."LESSON_MEMBER" MODIFY ("STUDENT" NOT NULL ENABLE);
  ALTER TABLE "KING"."LESSON_MEMBER" MODIFY ("INSTRUCTOR" NOT NULL ENABLE);
--------------------------------------------------------
--  Constraints for Table LESSON_RECRUITMENT
--------------------------------------------------------

  ALTER TABLE "KING"."LESSON_RECRUITMENT" ADD PRIMARY KEY ("RECRUITMENT_NO")
  USING INDEX PCTFREE 10 INITRANS 2 MAXTRANS 255 COMPUTE STATISTICS 
  STORAGE(INITIAL 65536 NEXT 1048576 MINEXTENTS 1 MAXEXTENTS 2147483645
  PCTINCREASE 0 FREELISTS 1 FREELIST GROUPS 1 BUFFER_POOL DEFAULT FLASH_CACHE DEFAULT CELL_FLASH_CACHE DEFAULT)
  TABLESPACE "SYSTEM"  ENABLE;
  ALTER TABLE "KING"."LESSON_RECRUITMENT" MODIFY ("MONEY" NOT NULL ENABLE);
  ALTER TABLE "KING"."LESSON_RECRUITMENT" MODIFY ("CONTENT" NOT NULL ENABLE);
  ALTER TABLE "KING"."LESSON_RECRUITMENT" MODIFY ("NICKNAME" NOT NULL ENABLE);
  ALTER TABLE "KING"."LESSON_RECRUITMENT" MODIFY ("TITLE" NOT NULL ENABLE);
  ALTER TABLE "KING"."LESSON_RECRUITMENT" MODIFY ("RECRUITMENT_NO" NOT NULL ENABLE);
--------------------------------------------------------
--  Constraints for Table MATCH
--------------------------------------------------------

  ALTER TABLE "KING"."MATCH" ADD PRIMARY KEY ("MATCH_NO")
  USING INDEX PCTFREE 10 INITRANS 2 MAXTRANS 255 COMPUTE STATISTICS 
  STORAGE(INITIAL 65536 NEXT 1048576 MINEXTENTS 1 MAXEXTENTS 2147483645
  PCTINCREASE 0 FREELISTS 1 FREELIST GROUPS 1 BUFFER_POOL DEFAULT FLASH_CACHE DEFAULT CELL_FLASH_CACHE DEFAULT)
  TABLESPACE "SYSTEM"  ENABLE;
  ALTER TABLE "KING"."MATCH" MODIFY ("TEAM_NO" NOT NULL ENABLE);
--------------------------------------------------------
--  Constraints for Table MATCH_DAY
--------------------------------------------------------

  ALTER TABLE "KING"."MATCH_DAY" MODIFY ("STADIUM" NOT NULL ENABLE);
  ALTER TABLE "KING"."MATCH_DAY" MODIFY ("DAY" NOT NULL ENABLE);
  ALTER TABLE "KING"."MATCH_DAY" MODIFY ("TIME_NO" NOT NULL ENABLE);
  ALTER TABLE "KING"."MATCH_DAY" MODIFY ("VS_TEAM" NOT NULL ENABLE);
  ALTER TABLE "KING"."MATCH_DAY" MODIFY ("MATCH_TEAM" NOT NULL ENABLE);
--------------------------------------------------------
--  Constraints for Table MEMBER
--------------------------------------------------------

  ALTER TABLE "KING"."MEMBER" ADD UNIQUE ("PHONE")
  USING INDEX PCTFREE 10 INITRANS 2 MAXTRANS 255 COMPUTE STATISTICS 
  STORAGE(INITIAL 65536 NEXT 1048576 MINEXTENTS 1 MAXEXTENTS 2147483645
  PCTINCREASE 0 FREELISTS 1 FREELIST GROUPS 1 BUFFER_POOL DEFAULT FLASH_CACHE DEFAULT CELL_FLASH_CACHE DEFAULT)
  TABLESPACE "SYSTEM"  ENABLE;
  ALTER TABLE "KING"."MEMBER" ADD UNIQUE ("EMAIL")
  USING INDEX PCTFREE 10 INITRANS 2 MAXTRANS 255 COMPUTE STATISTICS 
  STORAGE(INITIAL 65536 NEXT 1048576 MINEXTENTS 1 MAXEXTENTS 2147483645
  PCTINCREASE 0 FREELISTS 1 FREELIST GROUPS 1 BUFFER_POOL DEFAULT FLASH_CACHE DEFAULT CELL_FLASH_CACHE DEFAULT)
  TABLESPACE "SYSTEM"  ENABLE;
  ALTER TABLE "KING"."MEMBER" ADD UNIQUE ("NICKNAME")
  USING INDEX PCTFREE 10 INITRANS 2 MAXTRANS 255 COMPUTE STATISTICS 
  STORAGE(INITIAL 65536 NEXT 1048576 MINEXTENTS 1 MAXEXTENTS 2147483645
  PCTINCREASE 0 FREELISTS 1 FREELIST GROUPS 1 BUFFER_POOL DEFAULT FLASH_CACHE DEFAULT CELL_FLASH_CACHE DEFAULT)
  TABLESPACE "SYSTEM"  ENABLE;
  ALTER TABLE "KING"."MEMBER" ADD UNIQUE ("MID")
  USING INDEX PCTFREE 10 INITRANS 2 MAXTRANS 255 COMPUTE STATISTICS 
  STORAGE(INITIAL 65536 NEXT 1048576 MINEXTENTS 1 MAXEXTENTS 2147483645
  PCTINCREASE 0 FREELISTS 1 FREELIST GROUPS 1 BUFFER_POOL DEFAULT FLASH_CACHE DEFAULT CELL_FLASH_CACHE DEFAULT)
  TABLESPACE "SYSTEM"  ENABLE;
  ALTER TABLE "KING"."MEMBER" ADD PRIMARY KEY ("M_NO")
  USING INDEX PCTFREE 10 INITRANS 2 MAXTRANS 255 COMPUTE STATISTICS 
  STORAGE(INITIAL 65536 NEXT 1048576 MINEXTENTS 1 MAXEXTENTS 2147483645
  PCTINCREASE 0 FREELISTS 1 FREELIST GROUPS 1 BUFFER_POOL DEFAULT FLASH_CACHE DEFAULT CELL_FLASH_CACHE DEFAULT)
  TABLESPACE "SYSTEM"  ENABLE;
  ALTER TABLE "KING"."MEMBER" ADD CHECK (Gender IN ('남', '여')) ENABLE;
  ALTER TABLE "KING"."MEMBER" MODIFY ("DETAIL_ADDRESS" NOT NULL ENABLE);
  ALTER TABLE "KING"."MEMBER" MODIFY ("SIGUNGU_ID" NOT NULL ENABLE);
  ALTER TABLE "KING"."MEMBER" MODIFY ("SIDO_ID" NOT NULL ENABLE);
  ALTER TABLE "KING"."MEMBER" MODIFY ("GENDER" NOT NULL ENABLE);
  ALTER TABLE "KING"."MEMBER" MODIFY ("PHONE" NOT NULL ENABLE);
  ALTER TABLE "KING"."MEMBER" MODIFY ("BIRTHDATE" NOT NULL ENABLE);
  ALTER TABLE "KING"."MEMBER" MODIFY ("EMAIL" NOT NULL ENABLE);
  ALTER TABLE "KING"."MEMBER" MODIFY ("NICKNAME" NOT NULL ENABLE);
  ALTER TABLE "KING"."MEMBER" MODIFY ("PASSWORD" NOT NULL ENABLE);
  ALTER TABLE "KING"."MEMBER" MODIFY ("MID" NOT NULL ENABLE);
  ALTER TABLE "KING"."MEMBER" MODIFY ("NAME" NOT NULL ENABLE);
--------------------------------------------------------
--  Constraints for Table MEMBER_DETAIL
--------------------------------------------------------

  ALTER TABLE "KING"."MEMBER_DETAIL" ADD PRIMARY KEY ("MEMBER")
  USING INDEX PCTFREE 10 INITRANS 2 MAXTRANS 255 COMPUTE STATISTICS 
  STORAGE(INITIAL 65536 NEXT 1048576 MINEXTENTS 1 MAXEXTENTS 2147483645
  PCTINCREASE 0 FREELISTS 1 FREELIST GROUPS 1 BUFFER_POOL DEFAULT FLASH_CACHE DEFAULT CELL_FLASH_CACHE DEFAULT)
  TABLESPACE "SYSTEM"  ENABLE;
--------------------------------------------------------
--  Constraints for Table MEMBER_SEARCH_SETTING
--------------------------------------------------------

  ALTER TABLE "KING"."MEMBER_SEARCH_SETTING" ADD CHECK (is_active IN ('show', 'hide')) ENABLE;
  ALTER TABLE "KING"."MEMBER_SEARCH_SETTING" MODIFY ("SEARCH_CONDITION_TYPE" NOT NULL ENABLE);
--------------------------------------------------------
--  Constraints for Table NOTICEBOARD
--------------------------------------------------------

  ALTER TABLE "KING"."NOTICEBOARD" ADD PRIMARY KEY ("B_NO")
  USING INDEX PCTFREE 10 INITRANS 2 MAXTRANS 255 COMPUTE STATISTICS 
  STORAGE(INITIAL 65536 NEXT 1048576 MINEXTENTS 1 MAXEXTENTS 2147483645
  PCTINCREASE 0 FREELISTS 1 FREELIST GROUPS 1 BUFFER_POOL DEFAULT FLASH_CACHE DEFAULT CELL_FLASH_CACHE DEFAULT)
  TABLESPACE "SYSTEM"  ENABLE;
  ALTER TABLE "KING"."NOTICEBOARD" MODIFY ("CONTENT" NOT NULL ENABLE);
  ALTER TABLE "KING"."NOTICEBOARD" MODIFY ("WRITER" NOT NULL ENABLE);
  ALTER TABLE "KING"."NOTICEBOARD" MODIFY ("SUBJECT" NOT NULL ENABLE);
--------------------------------------------------------
--  Constraints for Table PLAYER_RANKING
--------------------------------------------------------

  ALTER TABLE "KING"."PLAYER_RANKING" ADD PRIMARY KEY ("RANKING_NO")
  USING INDEX PCTFREE 10 INITRANS 2 MAXTRANS 255 COMPUTE STATISTICS 
  STORAGE(INITIAL 65536 NEXT 1048576 MINEXTENTS 1 MAXEXTENTS 2147483645
  PCTINCREASE 0 FREELISTS 1 FREELIST GROUPS 1 BUFFER_POOL DEFAULT FLASH_CACHE DEFAULT CELL_FLASH_CACHE DEFAULT)
  TABLESPACE "SYSTEM"  ENABLE;
--------------------------------------------------------
--  Constraints for Table PLAYER_RECORD
--------------------------------------------------------

  ALTER TABLE "KING"."PLAYER_RECORD" ADD PRIMARY KEY ("PLAYER")
  USING INDEX PCTFREE 10 INITRANS 2 MAXTRANS 255 COMPUTE STATISTICS 
  STORAGE(INITIAL 65536 NEXT 1048576 MINEXTENTS 1 MAXEXTENTS 2147483645
  PCTINCREASE 0 FREELISTS 1 FREELIST GROUPS 1 BUFFER_POOL DEFAULT FLASH_CACHE DEFAULT CELL_FLASH_CACHE DEFAULT)
  TABLESPACE "SYSTEM"  ENABLE;
--------------------------------------------------------
--  Constraints for Table QNABOARD
--------------------------------------------------------

  ALTER TABLE "KING"."QNABOARD" ADD PRIMARY KEY ("B_NO")
  USING INDEX PCTFREE 10 INITRANS 2 MAXTRANS 255 COMPUTE STATISTICS 
  STORAGE(INITIAL 65536 NEXT 1048576 MINEXTENTS 1 MAXEXTENTS 2147483645
  PCTINCREASE 0 FREELISTS 1 FREELIST GROUPS 1 BUFFER_POOL DEFAULT FLASH_CACHE DEFAULT CELL_FLASH_CACHE DEFAULT)
  TABLESPACE "SYSTEM"  ENABLE;
  ALTER TABLE "KING"."QNABOARD" MODIFY ("CONTENT" NOT NULL ENABLE);
  ALTER TABLE "KING"."QNABOARD" MODIFY ("WRITER" NOT NULL ENABLE);
  ALTER TABLE "KING"."QNABOARD" MODIFY ("SUBJECT" NOT NULL ENABLE);
--------------------------------------------------------
--  Constraints for Table QNABOARD_COMMENT
--------------------------------------------------------

  ALTER TABLE "KING"."QNABOARD_COMMENT" ADD CONSTRAINT "PRIMARY_KEY" PRIMARY KEY ("BC_NO") DISABLE;
  ALTER TABLE "KING"."QNABOARD_COMMENT" MODIFY ("CONTENT" NOT NULL ENABLE);
  ALTER TABLE "KING"."QNABOARD_COMMENT" MODIFY ("WRITER" NOT NULL ENABLE);
  ALTER TABLE "KING"."QNABOARD_COMMENT" MODIFY ("BC_NO" NOT NULL ENABLE);
--------------------------------------------------------
--  Constraints for Table RECRUIT_TEAMMEMBOARD
--------------------------------------------------------

  ALTER TABLE "KING"."RECRUIT_TEAMMEMBOARD" MODIFY ("TEAM_MEM" NOT NULL ENABLE);
  ALTER TABLE "KING"."RECRUIT_TEAMMEMBOARD" MODIFY ("CONTENT" NOT NULL ENABLE);
  ALTER TABLE "KING"."RECRUIT_TEAMMEMBOARD" MODIFY ("TITLE" NOT NULL ENABLE);
  ALTER TABLE "KING"."RECRUIT_TEAMMEMBOARD" MODIFY ("B_NO" NOT NULL ENABLE);
  ALTER TABLE "KING"."RECRUIT_TEAMMEMBOARD" ADD CONSTRAINT "B_NO_PK" PRIMARY KEY ("B_NO")
  USING INDEX PCTFREE 10 INITRANS 2 MAXTRANS 255 COMPUTE STATISTICS 
  STORAGE(INITIAL 65536 NEXT 1048576 MINEXTENTS 1 MAXEXTENTS 2147483645
  PCTINCREASE 0 FREELISTS 1 FREELIST GROUPS 1 BUFFER_POOL DEFAULT FLASH_CACHE DEFAULT CELL_FLASH_CACHE DEFAULT)
  TABLESPACE "SYSTEM"  ENABLE;
--------------------------------------------------------
--  Constraints for Table SALE
--------------------------------------------------------

  ALTER TABLE "KING"."SALE" ADD PRIMARY KEY ("SALE_NO")
  USING INDEX PCTFREE 10 INITRANS 2 MAXTRANS 255 COMPUTE STATISTICS 
  STORAGE(INITIAL 65536 NEXT 1048576 MINEXTENTS 1 MAXEXTENTS 2147483645
  PCTINCREASE 0 FREELISTS 1 FREELIST GROUPS 1 BUFFER_POOL DEFAULT FLASH_CACHE DEFAULT CELL_FLASH_CACHE DEFAULT)
  TABLESPACE "SYSTEM"  ENABLE;
--------------------------------------------------------
--  Constraints for Table SIDO
--------------------------------------------------------

  ALTER TABLE "KING"."SIDO" ADD PRIMARY KEY ("SIDO_ID")
  USING INDEX PCTFREE 10 INITRANS 2 MAXTRANS 255 COMPUTE STATISTICS 
  STORAGE(INITIAL 65536 NEXT 1048576 MINEXTENTS 1 MAXEXTENTS 2147483645
  PCTINCREASE 0 FREELISTS 1 FREELIST GROUPS 1 BUFFER_POOL DEFAULT FLASH_CACHE DEFAULT CELL_FLASH_CACHE DEFAULT)
  TABLESPACE "SYSTEM"  ENABLE;
--------------------------------------------------------
--  Constraints for Table SIGUNGU
--------------------------------------------------------

  ALTER TABLE "KING"."SIGUNGU" ADD CONSTRAINT "PK_SIGUNGU" PRIMARY KEY ("SIGUNGU_ID")
  USING INDEX PCTFREE 10 INITRANS 2 MAXTRANS 255 COMPUTE STATISTICS 
  STORAGE(INITIAL 65536 NEXT 1048576 MINEXTENTS 1 MAXEXTENTS 2147483645
  PCTINCREASE 0 FREELISTS 1 FREELIST GROUPS 1 BUFFER_POOL DEFAULT FLASH_CACHE DEFAULT CELL_FLASH_CACHE DEFAULT)
  TABLESPACE "SYSTEM"  ENABLE;
  ALTER TABLE "KING"."SIGUNGU" MODIFY ("SIGUNGU_ID" NOT NULL ENABLE);
--------------------------------------------------------
--  Constraints for Table SIGUNGU(tmp)
--------------------------------------------------------

  ALTER TABLE "KING"."SIGUNGU(tmp)" ADD PRIMARY KEY ("SIGUNGU_ID")
  USING INDEX PCTFREE 10 INITRANS 2 MAXTRANS 255 COMPUTE STATISTICS 
  STORAGE(INITIAL 65536 NEXT 1048576 MINEXTENTS 1 MAXEXTENTS 2147483645
  PCTINCREASE 0 FREELISTS 1 FREELIST GROUPS 1 BUFFER_POOL DEFAULT FLASH_CACHE DEFAULT CELL_FLASH_CACHE DEFAULT)
  TABLESPACE "SYSTEM"  ENABLE;
--------------------------------------------------------
--  Constraints for Table STADIUM
--------------------------------------------------------

  ALTER TABLE "KING"."STADIUM" ADD PRIMARY KEY ("STADIUM_NO")
  USING INDEX PCTFREE 10 INITRANS 2 MAXTRANS 255 COMPUTE STATISTICS 
  STORAGE(INITIAL 65536 NEXT 1048576 MINEXTENTS 1 MAXEXTENTS 2147483645
  PCTINCREASE 0 FREELISTS 1 FREELIST GROUPS 1 BUFFER_POOL DEFAULT FLASH_CACHE DEFAULT CELL_FLASH_CACHE DEFAULT)
  TABLESPACE "SYSTEM"  ENABLE;
  ALTER TABLE "KING"."STADIUM" MODIFY ("STADIUM_NAME" NOT NULL ENABLE);
  ALTER TABLE "KING"."STADIUM" ADD CHECK ( STADIUM_STATUS IN ('사용가능', '이용불가') ) ENABLE;
  ALTER TABLE "KING"."STADIUM" MODIFY ("SIGUNGU_NAME" NOT NULL ENABLE);
  ALTER TABLE "KING"."STADIUM" MODIFY ("SIDO_NAME" NOT NULL ENABLE);
--------------------------------------------------------
--  Constraints for Table STADIUM_YANGDO
--------------------------------------------------------

  ALTER TABLE "KING"."STADIUM_YANGDO" MODIFY ("REG_DATE" NOT NULL ENABLE);
  ALTER TABLE "KING"."STADIUM_YANGDO" MODIFY ("READCOUNT" NOT NULL ENABLE);
  ALTER TABLE "KING"."STADIUM_YANGDO" MODIFY ("CONTENT" NOT NULL ENABLE);
  ALTER TABLE "KING"."STADIUM_YANGDO" MODIFY ("WRITER" NOT NULL ENABLE);
  ALTER TABLE "KING"."STADIUM_YANGDO" MODIFY ("TITLE" NOT NULL ENABLE);
  ALTER TABLE "KING"."STADIUM_YANGDO" ADD CONSTRAINT "CK_STATUS" CHECK (STATUS IN ('양도중', '양도완료')) ENABLE;
  ALTER TABLE "KING"."STADIUM_YANGDO" MODIFY ("STATUS" NOT NULL ENABLE);
  ALTER TABLE "KING"."STADIUM_YANGDO" ADD PRIMARY KEY ("YANGDO_NO")
  USING INDEX PCTFREE 10 INITRANS 2 MAXTRANS 255 COMPUTE STATISTICS 
  STORAGE(INITIAL 65536 NEXT 1048576 MINEXTENTS 1 MAXEXTENTS 2147483645
  PCTINCREASE 0 FREELISTS 1 FREELIST GROUPS 1 BUFFER_POOL DEFAULT FLASH_CACHE DEFAULT CELL_FLASH_CACHE DEFAULT)
  TABLESPACE "SYSTEM"  ENABLE;
  ALTER TABLE "KING"."STADIUM_YANGDO" MODIFY ("BOOKING_NO" NOT NULL ENABLE);
--------------------------------------------------------
--  Constraints for Table TEAM
--------------------------------------------------------

  ALTER TABLE "KING"."TEAM" ADD CONSTRAINT "UNIQUE_NAME" UNIQUE ("TEAM_NAME")
  USING INDEX PCTFREE 10 INITRANS 2 MAXTRANS 255 COMPUTE STATISTICS 
  STORAGE(INITIAL 65536 NEXT 1048576 MINEXTENTS 1 MAXEXTENTS 2147483645
  PCTINCREASE 0 FREELISTS 1 FREELIST GROUPS 1 BUFFER_POOL DEFAULT FLASH_CACHE DEFAULT CELL_FLASH_CACHE DEFAULT)
  TABLESPACE "SYSTEM"  ENABLE;
  ALTER TABLE "KING"."TEAM" ADD PRIMARY KEY ("TEAM_NO")
  USING INDEX PCTFREE 10 INITRANS 2 MAXTRANS 255 COMPUTE STATISTICS 
  STORAGE(INITIAL 65536 NEXT 1048576 MINEXTENTS 1 MAXEXTENTS 2147483645
  PCTINCREASE 0 FREELISTS 1 FREELIST GROUPS 1 BUFFER_POOL DEFAULT FLASH_CACHE DEFAULT CELL_FLASH_CACHE DEFAULT)
  TABLESPACE "SYSTEM"  ENABLE;
  ALTER TABLE "KING"."TEAM" MODIFY ("TEAM_NAME" NOT NULL ENABLE);
--------------------------------------------------------
--  Constraints for Table TEAMMEMBOARD_DAY
--------------------------------------------------------

  ALTER TABLE "KING"."TEAMMEMBOARD_DAY" MODIFY ("DAY" NOT NULL ENABLE);
  ALTER TABLE "KING"."TEAMMEMBOARD_DAY" MODIFY ("B_NO" NOT NULL ENABLE);
--------------------------------------------------------
--  Constraints for Table TEAMMEMBOARD_POS
--------------------------------------------------------

  ALTER TABLE "KING"."TEAMMEMBOARD_POS" MODIFY ("POS" NOT NULL ENABLE);
  ALTER TABLE "KING"."TEAMMEMBOARD_POS" MODIFY ("B_NO" NOT NULL ENABLE);
--------------------------------------------------------
--  Constraints for Table TEAMMEMBOARD_TIME
--------------------------------------------------------

  ALTER TABLE "KING"."TEAMMEMBOARD_TIME" MODIFY ("TIME" NOT NULL ENABLE);
  ALTER TABLE "KING"."TEAMMEMBOARD_TIME" MODIFY ("B_NO" NOT NULL ENABLE);
--------------------------------------------------------
--  Constraints for Table TEAM_MEMBER
--------------------------------------------------------

  ALTER TABLE "KING"."TEAM_MEMBER" ADD CONSTRAINT "UNIQUE_TEAM_NUMBER" UNIQUE ("TEAM_MEMBER")
  USING INDEX PCTFREE 10 INITRANS 2 MAXTRANS 255 COMPUTE STATISTICS 
  STORAGE(INITIAL 65536 NEXT 1048576 MINEXTENTS 1 MAXEXTENTS 2147483645
  PCTINCREASE 0 FREELISTS 1 FREELIST GROUPS 1 BUFFER_POOL DEFAULT FLASH_CACHE DEFAULT CELL_FLASH_CACHE DEFAULT)
  TABLESPACE "SYSTEM"  ENABLE;
  ALTER TABLE "KING"."TEAM_MEMBER" MODIFY ("TEAM_MEMBER" NOT NULL ENABLE);
--------------------------------------------------------
--  Constraints for Table TEAM_MERC
--------------------------------------------------------

  ALTER TABLE "KING"."TEAM_MERC" MODIFY ("M_NO" NOT NULL ENABLE);
  ALTER TABLE "KING"."TEAM_MERC" MODIFY ("TEAM_NO" NOT NULL ENABLE);
--------------------------------------------------------
--  Constraints for Table TEAM_RANKING
--------------------------------------------------------

  ALTER TABLE "KING"."TEAM_RANKING" ADD PRIMARY KEY ("RANKING_NO")
  USING INDEX PCTFREE 10 INITRANS 2 MAXTRANS 255 COMPUTE STATISTICS 
  STORAGE(INITIAL 65536 NEXT 1048576 MINEXTENTS 1 MAXEXTENTS 2147483645
  PCTINCREASE 0 FREELISTS 1 FREELIST GROUPS 1 BUFFER_POOL DEFAULT FLASH_CACHE DEFAULT CELL_FLASH_CACHE DEFAULT)
  TABLESPACE "SYSTEM"  ENABLE;
--------------------------------------------------------
--  Constraints for Table TEAM_RECORD
--------------------------------------------------------

  ALTER TABLE "KING"."TEAM_RECORD" ADD PRIMARY KEY ("TEAM_RECORD_NO")
  USING INDEX PCTFREE 10 INITRANS 2 MAXTRANS 255 COMPUTE STATISTICS 
  STORAGE(INITIAL 65536 NEXT 1048576 MINEXTENTS 1 MAXEXTENTS 2147483645
  PCTINCREASE 0 FREELISTS 1 FREELIST GROUPS 1 BUFFER_POOL DEFAULT FLASH_CACHE DEFAULT CELL_FLASH_CACHE DEFAULT)
  TABLESPACE "SYSTEM"  ENABLE;
--------------------------------------------------------
--  Constraints for Table TIME_TABLE
--------------------------------------------------------

  ALTER TABLE "KING"."TIME_TABLE" ADD PRIMARY KEY ("TIME_NO")
  USING INDEX PCTFREE 10 INITRANS 2 MAXTRANS 255 COMPUTE STATISTICS 
  STORAGE(INITIAL 65536 NEXT 1048576 MINEXTENTS 1 MAXEXTENTS 2147483645
  PCTINCREASE 0 FREELISTS 1 FREELIST GROUPS 1 BUFFER_POOL DEFAULT FLASH_CACHE DEFAULT CELL_FLASH_CACHE DEFAULT)
  TABLESPACE "SYSTEM"  ENABLE;
  ALTER TABLE "KING"."TIME_TABLE" MODIFY ("TIME_RANGE" NOT NULL ENABLE);
--------------------------------------------------------
--  Constraints for Table TOURNAMENT
--------------------------------------------------------

  ALTER TABLE "KING"."TOURNAMENT" MODIFY ("REGIST_END" NOT NULL ENABLE);
  ALTER TABLE "KING"."TOURNAMENT" MODIFY ("REGIST_START" NOT NULL ENABLE);
  ALTER TABLE "KING"."TOURNAMENT" MODIFY ("CONTENT" NOT NULL ENABLE);
  ALTER TABLE "KING"."TOURNAMENT" MODIFY ("SUBJECT" NOT NULL ENABLE);
--------------------------------------------------------
--  Constraints for Table WAITING_HIREDREG
--------------------------------------------------------

  ALTER TABLE "KING"."WAITING_HIREDREG" MODIFY ("TEAM" NOT NULL ENABLE);
  ALTER TABLE "KING"."WAITING_HIREDREG" MODIFY ("M_NO" NOT NULL ENABLE);
--------------------------------------------------------
--  Constraints for Table WAITING_LESSONREG
--------------------------------------------------------

  ALTER TABLE "KING"."WAITING_LESSONREG" MODIFY ("M_NO" NOT NULL ENABLE);
  ALTER TABLE "KING"."WAITING_LESSONREG" MODIFY ("WRITER" NOT NULL ENABLE);
--------------------------------------------------------
--  Constraints for Table WAITING_MATCHREG
--------------------------------------------------------

  ALTER TABLE "KING"."WAITING_MATCHREG" MODIFY ("STADIUM" NOT NULL ENABLE);
  ALTER TABLE "KING"."WAITING_MATCHREG" MODIFY ("DAY" NOT NULL ENABLE);
  ALTER TABLE "KING"."WAITING_MATCHREG" MODIFY ("TIME_NO" NOT NULL ENABLE);
  ALTER TABLE "KING"."WAITING_MATCHREG" MODIFY ("VS_TEAM" NOT NULL ENABLE);
  ALTER TABLE "KING"."WAITING_MATCHREG" MODIFY ("MATCH_TEAM" NOT NULL ENABLE);
--------------------------------------------------------
--  Constraints for Table WAITING_TEAMREG
--------------------------------------------------------

  ALTER TABLE "KING"."WAITING_TEAMREG" ADD CONSTRAINT "UNIQUE_M_NO" UNIQUE ("NAME")
  USING INDEX PCTFREE 10 INITRANS 2 MAXTRANS 255 COMPUTE STATISTICS 
  STORAGE(INITIAL 65536 NEXT 1048576 MINEXTENTS 1 MAXEXTENTS 2147483645
  PCTINCREASE 0 FREELISTS 1 FREELIST GROUPS 1 BUFFER_POOL DEFAULT FLASH_CACHE DEFAULT CELL_FLASH_CACHE DEFAULT)
  TABLESPACE "SYSTEM"  ENABLE;
--------------------------------------------------------
--  Ref Constraints for Table BOOKING
--------------------------------------------------------

  ALTER TABLE "KING"."BOOKING" ADD CONSTRAINT "FK_TIME_NO" FOREIGN KEY ("TIME_SLOT")
	  REFERENCES "KING"."TIME_TABLE" ("TIME_NO") ENABLE;
  ALTER TABLE "KING"."BOOKING" ADD FOREIGN KEY ("STADIUM_NO")
	  REFERENCES "KING"."STADIUM" ("STADIUM_NO") DISABLE;
--------------------------------------------------------
--  Ref Constraints for Table BUY
--------------------------------------------------------

  ALTER TABLE "KING"."BUY" ADD CONSTRAINT "FK_BUY_MEMBER" FOREIGN KEY ("WRITER")
	  REFERENCES "KING"."MEMBER" ("M_NO") ON DELETE CASCADE ENABLE;
--------------------------------------------------------
--  Ref Constraints for Table CUSTOMERSERVICE
--------------------------------------------------------

  ALTER TABLE "KING"."CUSTOMERSERVICE" ADD FOREIGN KEY ("CUSTOMERSERVICE_CATEGORYNO")
	  REFERENCES "KING"."CUSTOMERSERVICE_CATEGORY" ("CUSTOMERSERVICE_CATEGORYNO") ENABLE;
--------------------------------------------------------
--  Ref Constraints for Table DEVELOPER
--------------------------------------------------------

  ALTER TABLE "KING"."DEVELOPER" ADD FOREIGN KEY ("RELIGION_CODE")
	  REFERENCES "KING"."CODE_RELIGION" ("RELIGION_CODE") ENABLE;
  ALTER TABLE "KING"."DEVELOPER" ADD FOREIGN KEY ("SCHOOL_CODE")
	  REFERENCES "KING"."CODE_SCHOOL" ("SCHOOL_CODE") ENABLE;
--------------------------------------------------------
--  Ref Constraints for Table DEVELOPER_SKILL
--------------------------------------------------------

  ALTER TABLE "KING"."DEVELOPER_SKILL" ADD FOREIGN KEY ("DEVELOPER_NO")
	  REFERENCES "KING"."DEVELOPER" ("DEVELOPER_NO") ENABLE;
  ALTER TABLE "KING"."DEVELOPER_SKILL" ADD FOREIGN KEY ("SKILL_CODE")
	  REFERENCES "KING"."CODE_SKILL" ("SKILL_CODE") ENABLE;
--------------------------------------------------------
--  Ref Constraints for Table FREEBOARD
--------------------------------------------------------

  ALTER TABLE "KING"."FREEBOARD" ADD FOREIGN KEY ("WRITER")
	  REFERENCES "KING"."MEMBER" ("M_NO") ENABLE;
--------------------------------------------------------
--  Ref Constraints for Table FREEBOARD_COMMENT
--------------------------------------------------------

  ALTER TABLE "KING"."FREEBOARD_COMMENT" ADD FOREIGN KEY ("B_NO")
	  REFERENCES "KING"."FREEBOARD" ("B_NO") ENABLE;
--------------------------------------------------------
--  Ref Constraints for Table FREE_SHARING
--------------------------------------------------------

  ALTER TABLE "KING"."FREE_SHARING" ADD CONSTRAINT "FK_FREE_SHARING_MEMBER" FOREIGN KEY ("WRITER")
	  REFERENCES "KING"."MEMBER" ("M_NO") ON DELETE CASCADE ENABLE;
--------------------------------------------------------
--  Ref Constraints for Table FREE_SHARING_COMMENT
--------------------------------------------------------

  ALTER TABLE "KING"."FREE_SHARING_COMMENT" ADD FOREIGN KEY ("WRITER")
	  REFERENCES "KING"."MEMBER" ("M_NO") ENABLE;
  ALTER TABLE "KING"."FREE_SHARING_COMMENT" ADD FOREIGN KEY ("FREE_SHARING_NO")
	  REFERENCES "KING"."FREE_SHARING" ("FREE_SHARING_NO") ENABLE;
--------------------------------------------------------
--  Ref Constraints for Table HIREDBOARD_DAY
--------------------------------------------------------

  ALTER TABLE "KING"."HIREDBOARD_DAY" ADD FOREIGN KEY ("RECRUITMENT_NO")
	  REFERENCES "KING"."HIRED_RECRUITMENT" ("RECRUITMENT_NO") ON DELETE CASCADE ENABLE;
  ALTER TABLE "KING"."HIREDBOARD_DAY" ADD FOREIGN KEY ("DAY")
	  REFERENCES "KING"."DAY_OF_WEEK" ("DAY_NO") ENABLE;
--------------------------------------------------------
--  Ref Constraints for Table HIREDBOARD_TIME
--------------------------------------------------------

  ALTER TABLE "KING"."HIREDBOARD_TIME" ADD FOREIGN KEY ("RECRUITMENT_NO")
	  REFERENCES "KING"."HIRED_RECRUITMENT" ("RECRUITMENT_NO") ON DELETE CASCADE ENABLE;
--------------------------------------------------------
--  Ref Constraints for Table HIRED_RECRUITMENT
--------------------------------------------------------

  ALTER TABLE "KING"."HIRED_RECRUITMENT" ADD CONSTRAINT "FK_HIRED_SIDO" FOREIGN KEY ("SIDO")
	  REFERENCES "KING"."SIDO" ("SIDO_ID") ON DELETE CASCADE ENABLE;
  ALTER TABLE "KING"."HIRED_RECRUITMENT" ADD CONSTRAINT "FK_HIRED_SIGUNGU" FOREIGN KEY ("SIGUNGU")
	  REFERENCES "KING"."SIGUNGU" ("SIGUNGU_ID") ON DELETE CASCADE ENABLE;
  ALTER TABLE "KING"."HIRED_RECRUITMENT" ADD CONSTRAINT "FK_NICKNAME" FOREIGN KEY ("NICKNAME")
	  REFERENCES "KING"."MEMBER" ("M_NO") ON DELETE CASCADE ENABLE;
--------------------------------------------------------
--  Ref Constraints for Table LESSONBOARD_DAY
--------------------------------------------------------

  ALTER TABLE "KING"."LESSONBOARD_DAY" ADD FOREIGN KEY ("RECRUITMENT_NO")
	  REFERENCES "KING"."LESSON_RECRUITMENT" ("RECRUITMENT_NO") ON DELETE CASCADE ENABLE;
  ALTER TABLE "KING"."LESSONBOARD_DAY" ADD FOREIGN KEY ("DAY")
	  REFERENCES "KING"."DAY_OF_WEEK" ("DAY_NO") ENABLE;
--------------------------------------------------------
--  Ref Constraints for Table LESSONBOARD_TIME
--------------------------------------------------------

  ALTER TABLE "KING"."LESSONBOARD_TIME" ADD FOREIGN KEY ("RECRUITMENT_NO")
	  REFERENCES "KING"."LESSON_RECRUITMENT" ("RECRUITMENT_NO") ON DELETE CASCADE ENABLE;
--------------------------------------------------------
--  Ref Constraints for Table LESSON_MEMBER
--------------------------------------------------------

  ALTER TABLE "KING"."LESSON_MEMBER" ADD FOREIGN KEY ("INSTRUCTOR")
	  REFERENCES "KING"."MEMBER" ("M_NO") ON DELETE CASCADE ENABLE;
  ALTER TABLE "KING"."LESSON_MEMBER" ADD FOREIGN KEY ("STUDENT")
	  REFERENCES "KING"."MEMBER" ("M_NO") ON DELETE CASCADE ENABLE;
--------------------------------------------------------
--  Ref Constraints for Table LESSON_RECRUITMENT
--------------------------------------------------------

  ALTER TABLE "KING"."LESSON_RECRUITMENT" ADD CONSTRAINT "FK_LESSON_NICKNAME" FOREIGN KEY ("NICKNAME")
	  REFERENCES "KING"."MEMBER" ("M_NO") ON DELETE CASCADE ENABLE;
  ALTER TABLE "KING"."LESSON_RECRUITMENT" ADD CONSTRAINT "FK_LESSON_SIDO" FOREIGN KEY ("SIDO")
	  REFERENCES "KING"."SIDO" ("SIDO_ID") ON DELETE CASCADE ENABLE;
  ALTER TABLE "KING"."LESSON_RECRUITMENT" ADD CONSTRAINT "FK_LESSON_SIGUNGU" FOREIGN KEY ("SIGUNGU")
	  REFERENCES "KING"."SIGUNGU" ("SIGUNGU_ID") ON DELETE CASCADE ENABLE;
--------------------------------------------------------
--  Ref Constraints for Table MATCH
--------------------------------------------------------

  ALTER TABLE "KING"."MATCH" ADD CONSTRAINT "FK_TEAM_NO_MATCH" FOREIGN KEY ("TEAM_NO")
	  REFERENCES "KING"."TEAM" ("TEAM_NO") ON DELETE CASCADE ENABLE;
  ALTER TABLE "KING"."MATCH" ADD FOREIGN KEY ("WRITER")
	  REFERENCES "KING"."MEMBER" ("M_NO") ENABLE;
  ALTER TABLE "KING"."MATCH" ADD FOREIGN KEY ("TIME_NO")
	  REFERENCES "KING"."TIME_TABLE" ("TIME_NO") ENABLE;
--------------------------------------------------------
--  Ref Constraints for Table MATCH_DAY
--------------------------------------------------------

  ALTER TABLE "KING"."MATCH_DAY" ADD FOREIGN KEY ("MATCH_TEAM")
	  REFERENCES "KING"."TEAM" ("TEAM_NO") ON DELETE CASCADE ENABLE;
  ALTER TABLE "KING"."MATCH_DAY" ADD FOREIGN KEY ("VS_TEAM")
	  REFERENCES "KING"."TEAM" ("TEAM_NO") ON DELETE CASCADE ENABLE;
  ALTER TABLE "KING"."MATCH_DAY" ADD FOREIGN KEY ("TIME_NO")
	  REFERENCES "KING"."TIME_TABLE" ("TIME_NO") ON DELETE CASCADE ENABLE;
  ALTER TABLE "KING"."MATCH_DAY" ADD FOREIGN KEY ("STADIUM")
	  REFERENCES "KING"."STADIUM" ("STADIUM_NO") ON DELETE CASCADE ENABLE;
--------------------------------------------------------
--  Ref Constraints for Table MEMBER
--------------------------------------------------------

  ALTER TABLE "KING"."MEMBER" ADD FOREIGN KEY ("SIDO_ID")
	  REFERENCES "KING"."SIDO" ("SIDO_ID") ENABLE;
  ALTER TABLE "KING"."MEMBER" ADD FOREIGN KEY ("SIGUNGU_ID")
	  REFERENCES "KING"."SIGUNGU" ("SIGUNGU_ID") ENABLE;
--------------------------------------------------------
--  Ref Constraints for Table MEMBER_DETAIL
--------------------------------------------------------

  ALTER TABLE "KING"."MEMBER_DETAIL" ADD CONSTRAINT "FK_M_NO" FOREIGN KEY ("MEMBER")
	  REFERENCES "KING"."MEMBER" ("M_NO") ON DELETE CASCADE ENABLE;
--------------------------------------------------------
--  Ref Constraints for Table PLAYER_RECORD
--------------------------------------------------------

  ALTER TABLE "KING"."PLAYER_RECORD" ADD CONSTRAINT "FK_MEMBER" FOREIGN KEY ("PLAYER")
	  REFERENCES "KING"."MEMBER_DETAIL" ("MEMBER") ON DELETE CASCADE ENABLE;
--------------------------------------------------------
--  Ref Constraints for Table QNABOARD
--------------------------------------------------------

  ALTER TABLE "KING"."QNABOARD" ADD CONSTRAINT "FK_QNABOARD_MEMBER" FOREIGN KEY ("WRITER")
	  REFERENCES "KING"."MEMBER" ("M_NO") ON DELETE CASCADE ENABLE;
--------------------------------------------------------
--  Ref Constraints for Table QNABOARD_COMMENT
--------------------------------------------------------

  ALTER TABLE "KING"."QNABOARD_COMMENT" ADD FOREIGN KEY ("BC_NO")
	  REFERENCES "KING"."QNABOARD" ("B_NO") ON DELETE CASCADE ENABLE;
--------------------------------------------------------
--  Ref Constraints for Table RECRUIT_TEAMMEMBOARD
--------------------------------------------------------

  ALTER TABLE "KING"."RECRUIT_TEAMMEMBOARD" ADD CONSTRAINT "FK_SIDO" FOREIGN KEY ("SIDO")
	  REFERENCES "KING"."SIDO" ("SIDO_ID") ON DELETE CASCADE ENABLE;
  ALTER TABLE "KING"."RECRUIT_TEAMMEMBOARD" ADD CONSTRAINT "FK_SIGUNGU" FOREIGN KEY ("SIGUNGU")
	  REFERENCES "KING"."SIGUNGU(tmp)" ("SIGUNGU_ID") ON DELETE CASCADE DISABLE;
  ALTER TABLE "KING"."RECRUIT_TEAMMEMBOARD" ADD CONSTRAINT "FK_SIGUNGU1" FOREIGN KEY ("SIGUNGU")
	  REFERENCES "KING"."SIGUNGU" ("SIGUNGU_ID") ON DELETE CASCADE ENABLE;
  ALTER TABLE "KING"."RECRUIT_TEAMMEMBOARD" ADD CONSTRAINT "FK_WRITER" FOREIGN KEY ("WRITER")
	  REFERENCES "KING"."MEMBER" ("M_NO") ON DELETE CASCADE ENABLE;
--------------------------------------------------------
--  Ref Constraints for Table SALE
--------------------------------------------------------

  ALTER TABLE "KING"."SALE" ADD CONSTRAINT "FK_SALE_MEMBER" FOREIGN KEY ("WRITER")
	  REFERENCES "KING"."MEMBER" ("M_NO") ON DELETE CASCADE ENABLE;
--------------------------------------------------------
--  Ref Constraints for Table SIGUNGU
--------------------------------------------------------

  ALTER TABLE "KING"."SIGUNGU" ADD CONSTRAINT "FK_SIDO_ID" FOREIGN KEY ("SIDO_ID")
	  REFERENCES "KING"."SIDO" ("SIDO_ID") ON DELETE CASCADE ENABLE;
--------------------------------------------------------
--  Ref Constraints for Table SIGUNGU(tmp)
--------------------------------------------------------

  ALTER TABLE "KING"."SIGUNGU(tmp)" ADD FOREIGN KEY ("SIDO_ID")
	  REFERENCES "KING"."SIDO" ("SIDO_ID") ENABLE;
--------------------------------------------------------
--  Ref Constraints for Table STADIUM
--------------------------------------------------------

  ALTER TABLE "KING"."STADIUM" ADD FOREIGN KEY ("SIDO_NAME")
	  REFERENCES "KING"."SIDO" ("SIDO_ID") ENABLE;
  ALTER TABLE "KING"."STADIUM" ADD FOREIGN KEY ("SIGUNGU_NAME")
	  REFERENCES "KING"."SIGUNGU(tmp)" ("SIGUNGU_ID") ENABLE;
  ALTER TABLE "KING"."STADIUM" ADD FOREIGN KEY ("SIGUNGU_NAME")
	  REFERENCES "KING"."SIGUNGU" ("SIGUNGU_ID") ENABLE;
--------------------------------------------------------
--  Ref Constraints for Table STADIUM_YANGDO
--------------------------------------------------------

  ALTER TABLE "KING"."STADIUM_YANGDO" ADD CONSTRAINT "FK_BOOKING_NO" FOREIGN KEY ("BOOKING_NO")
	  REFERENCES "KING"."BOOKING" ("BOOKING_NO") ENABLE;
  ALTER TABLE "KING"."STADIUM_YANGDO" ADD CONSTRAINT "FK_TRANSFERRED_TO" FOREIGN KEY ("TRANSFERRED_TO")
	  REFERENCES "KING"."MEMBER" ("M_NO") DISABLE;
  ALTER TABLE "KING"."STADIUM_YANGDO" ADD FOREIGN KEY ("WRITER")
	  REFERENCES "KING"."MEMBER" ("M_NO") ENABLE;
--------------------------------------------------------
--  Ref Constraints for Table TEAM
--------------------------------------------------------

  ALTER TABLE "KING"."TEAM" ADD FOREIGN KEY ("TEAM_MASTER")
	  REFERENCES "KING"."MEMBER" ("M_NO") ENABLE;
--------------------------------------------------------
--  Ref Constraints for Table TEAMMEMBOARD_DAY
--------------------------------------------------------

  ALTER TABLE "KING"."TEAMMEMBOARD_DAY" ADD FOREIGN KEY ("DAY")
	  REFERENCES "KING"."DAY_OF_WEEK" ("DAY_NO") ENABLE;
  ALTER TABLE "KING"."TEAMMEMBOARD_DAY" ADD FOREIGN KEY ("B_NO")
	  REFERENCES "KING"."RECRUIT_TEAMMEMBOARD" ("B_NO") ON DELETE CASCADE ENABLE;
--------------------------------------------------------
--  Ref Constraints for Table TEAMMEMBOARD_POS
--------------------------------------------------------

  ALTER TABLE "KING"."TEAMMEMBOARD_POS" ADD FOREIGN KEY ("B_NO")
	  REFERENCES "KING"."RECRUIT_TEAMMEMBOARD" ("B_NO") ON DELETE CASCADE ENABLE;
--------------------------------------------------------
--  Ref Constraints for Table TEAMMEMBOARD_TIME
--------------------------------------------------------

  ALTER TABLE "KING"."TEAMMEMBOARD_TIME" ADD FOREIGN KEY ("B_NO")
	  REFERENCES "KING"."RECRUIT_TEAMMEMBOARD" ("B_NO") ON DELETE CASCADE ENABLE;
--------------------------------------------------------
--  Ref Constraints for Table TEAM_MEMBER
--------------------------------------------------------

  ALTER TABLE "KING"."TEAM_MEMBER" ADD FOREIGN KEY ("TEAM_NO")
	  REFERENCES "KING"."TEAM" ("TEAM_NO") ENABLE;
  ALTER TABLE "KING"."TEAM_MEMBER" ADD FOREIGN KEY ("TEAM_MEMBER")
	  REFERENCES "KING"."MEMBER" ("M_NO") ENABLE;
--------------------------------------------------------
--  Ref Constraints for Table TEAM_MERC
--------------------------------------------------------

  ALTER TABLE "KING"."TEAM_MERC" ADD FOREIGN KEY ("TEAM_NO")
	  REFERENCES "KING"."TEAM" ("TEAM_NO") ON DELETE CASCADE ENABLE;
  ALTER TABLE "KING"."TEAM_MERC" ADD FOREIGN KEY ("M_NO")
	  REFERENCES "KING"."MEMBER" ("M_NO") ON DELETE CASCADE ENABLE;
--------------------------------------------------------
--  Ref Constraints for Table WAITING_HIREDREG
--------------------------------------------------------

  ALTER TABLE "KING"."WAITING_HIREDREG" ADD FOREIGN KEY ("M_NO")
	  REFERENCES "KING"."MEMBER" ("M_NO") ON DELETE CASCADE ENABLE;
  ALTER TABLE "KING"."WAITING_HIREDREG" ADD FOREIGN KEY ("TEAM")
	  REFERENCES "KING"."TEAM" ("TEAM_NO") ENABLE;
--------------------------------------------------------
--  Ref Constraints for Table WAITING_LESSONREG
--------------------------------------------------------

  ALTER TABLE "KING"."WAITING_LESSONREG" ADD FOREIGN KEY ("WRITER")
	  REFERENCES "KING"."MEMBER" ("M_NO") ON DELETE CASCADE ENABLE;
  ALTER TABLE "KING"."WAITING_LESSONREG" ADD FOREIGN KEY ("M_NO")
	  REFERENCES "KING"."MEMBER" ("M_NO") ON DELETE CASCADE ENABLE;
--------------------------------------------------------
--  Ref Constraints for Table WAITING_MATCHREG
--------------------------------------------------------

  ALTER TABLE "KING"."WAITING_MATCHREG" ADD FOREIGN KEY ("TIME_NO")
	  REFERENCES "KING"."TIME_TABLE" ("TIME_NO") ON DELETE CASCADE ENABLE;
  ALTER TABLE "KING"."WAITING_MATCHREG" ADD FOREIGN KEY ("STADIUM")
	  REFERENCES "KING"."STADIUM" ("STADIUM_NO") ON DELETE CASCADE ENABLE;
--------------------------------------------------------
--  Ref Constraints for Table WAITING_TEAMREG
--------------------------------------------------------

  ALTER TABLE "KING"."WAITING_TEAMREG" ADD FOREIGN KEY ("NAME")
	  REFERENCES "KING"."MEMBER" ("M_NO") ENABLE;
  ALTER TABLE "KING"."WAITING_TEAMREG" ADD FOREIGN KEY ("TEAM")
	  REFERENCES "KING"."TEAM" ("TEAM_NO") ENABLE;
